TimeQuest Timing Analyzer report for ml_inference_sv
Wed Sep 30 17:31:53 2026
Quartus II 64-Bit Version 13.0.1 Build 232 06/12/2013 Service Pack 1 SJ Web Edition


---------------------
; Table of Contents ;
---------------------
  1. Legal Notice
  2. TimeQuest Timing Analyzer Summary
  3. Parallel Compilation
  4. SDC File List
  5. Clocks
  6. Slow Model Fmax Summary
  7. Slow Model Setup Summary
  8. Slow Model Hold Summary
  9. Slow Model Recovery Summary
 10. Slow Model Removal Summary
 11. Slow Model Minimum Pulse Width Summary
 12. Slow Model Setup: 'clk'
 13. Slow Model Hold: 'clk'
 14. Slow Model Minimum Pulse Width: 'clk'
 15. Setup Times
 16. Hold Times
 17. Clock to Output Times
 18. Minimum Clock to Output Times
 19. Fast Model Setup Summary
 20. Fast Model Hold Summary
 21. Fast Model Recovery Summary
 22. Fast Model Removal Summary
 23. Fast Model Minimum Pulse Width Summary
 24. Fast Model Setup: 'clk'
 25. Fast Model Hold: 'clk'
 26. Fast Model Minimum Pulse Width: 'clk'
 27. Setup Times
 28. Hold Times
 29. Clock to Output Times
 30. Minimum Clock to Output Times
 31. Multicorner Timing Analysis Summary
 32. Setup Times
 33. Hold Times
 34. Clock to Output Times
 35. Minimum Clock to Output Times
 36. Setup Transfers
 37. Hold Transfers
 38. Report TCCS
 39. Report RSKM
 40. Unconstrained Paths
 41. TimeQuest Timing Analyzer Messages



----------------
; Legal Notice ;
----------------
Copyright (C) 1991-2013 Altera Corporation
Your use of Altera Corporation's design tools, logic functions 
and other software and tools, and its AMPP partner logic 
functions, and any output files from any of the foregoing 
(including device programming or simulation files), and any 
associated documentation or information are expressly subject 
to the terms and conditions of the Altera Program License 
Subscription Agreement, Altera MegaCore Function License 
Agreement, or other applicable license agreement, including, 
without limitation, that your use is for the sole purpose of 
programming logic devices manufactured by Altera and sold by 
Altera or its authorized distributors.  Please refer to the 
applicable agreement for further details.



+----------------------------------------------------------------------------------------+
; TimeQuest Timing Analyzer Summary                                                      ;
+--------------------+-------------------------------------------------------------------+
; Quartus II Version ; Version 13.0.1 Build 232 06/12/2013 Service Pack 1 SJ Web Edition ;
; Revision Name      ; ml_inference_sv                                                   ;
; Device Family      ; Cyclone II                                                        ;
; Device Name        ; EP2C5T144C8                                                       ;
; Timing Models      ; Final                                                             ;
; Delay Model        ; Combined                                                          ;
; Rise/Fall Delays   ; Unavailable                                                       ;
+--------------------+-------------------------------------------------------------------+


+------------------------------------------+
; Parallel Compilation                     ;
+----------------------------+-------------+
; Processors                 ; Number      ;
+----------------------------+-------------+
; Number detected on machine ; 6           ;
; Maximum allowed            ; 6           ;
;                            ;             ;
; Average used               ; 1.00        ;
; Maximum used               ; 2           ;
;                            ;             ;
; Usage by Processor         ; % Time Used ;
;     Processor 1            ; 100.0%      ;
;     Processor 2            ; < 0.1%      ;
;     Processors 3-6         ;   0.0%      ;
+----------------------------+-------------+


+------------------------------------------------------+
; SDC File List                                        ;
+------------------+--------+--------------------------+
; SDC File Path    ; Status ; Read at                  ;
+------------------+--------+--------------------------+
; ml_inference.sdc ; OK     ; Wed Sep 30 17:31:52 2026 ;
+------------------+--------+--------------------------+


+---------------------------------------------------------------------------------------------------------------------------------------------------------------------------------+
; Clocks                                                                                                                                                                          ;
+------------+------+--------+-----------+-------+--------+------------+-----------+-------------+-------+--------+-----------+------------+----------+--------+--------+---------+
; Clock Name ; Type ; Period ; Frequency ; Rise  ; Fall   ; Duty Cycle ; Divide by ; Multiply by ; Phase ; Offset ; Edge List ; Edge Shift ; Inverted ; Master ; Source ; Targets ;
+------------+------+--------+-----------+-------+--------+------------+-----------+-------------+-------+--------+-----------+------------+----------+--------+--------+---------+
; clk        ; Base ; 20.000 ; 50.0 MHz  ; 0.000 ; 10.000 ;            ;           ;             ;       ;        ;           ;            ;          ;        ;        ; { clk } ;
+------------+------+--------+-----------+-------+--------+------------+-----------+-------------+-------+--------+-----------+------------+----------+--------+--------+---------+


+------------------------------------------------+
; Slow Model Fmax Summary                        ;
+----------+-----------------+------------+------+
; Fmax     ; Restricted Fmax ; Clock Name ; Note ;
+----------+-----------------+------------+------+
; 8.21 MHz ; 8.21 MHz        ; clk        ;      ;
+----------+-----------------+------------+------+
This panel reports FMAX for every clock in the design, regardless of the user-specified clock periods.  FMAX is only computed for paths where the source and destination registers or ports are driven by the same clock.  Paths of different clocks, including generated clocks, are ignored.  For paths between a clock and its inversion, FMAX is computed as if the rising and falling edges are scaled along with FMAX, such that the duty cycle (in terms of a percentage) is maintained. Altera recommends that you always use clock constraints and other slack reports for sign-off analysis.


+----------------------------------+
; Slow Model Setup Summary         ;
+-------+----------+---------------+
; Clock ; Slack    ; End Point TNS ;
+-------+----------+---------------+
; clk   ; -101.821 ; -15439.992    ;
+-------+----------+---------------+


+-------------------------------+
; Slow Model Hold Summary       ;
+-------+-------+---------------+
; Clock ; Slack ; End Point TNS ;
+-------+-------+---------------+
; clk   ; 0.499 ; 0.000         ;
+-------+-------+---------------+


-------------------------------
; Slow Model Recovery Summary ;
-------------------------------
No paths to report.


------------------------------
; Slow Model Removal Summary ;
------------------------------
No paths to report.


+----------------------------------------+
; Slow Model Minimum Pulse Width Summary ;
+-------+-------+------------------------+
; Clock ; Slack ; End Point TNS          ;
+-------+-------+------------------------+
; clk   ; 6.933 ; 0.000                  ;
+-------+-------+------------------------+


+------------------------------------------------------------------------------------------------------------------------+
; Slow Model Setup: 'clk'                                                                                                ;
+----------+--------------+------------------------+--------------+-------------+--------------+------------+------------+
; Slack    ; From Node    ; To Node                ; Launch Clock ; Latch Clock ; Relationship ; Clock Skew ; Data Delay ;
+----------+--------------+------------------------+--------------+-------------+--------------+------------+------------+
; -101.821 ; scores[0][3] ; result_margin[2]~reg0  ; clk          ; clk         ; 20.000       ; 0.031      ; 121.892    ;
; -101.818 ; scores[0][3] ; result_margin[0]~reg0  ; clk          ; clk         ; 20.000       ; 0.031      ; 121.889    ;
; -101.814 ; scores[0][3] ; result_margin[4]~reg0  ; clk          ; clk         ; 20.000       ; 0.031      ; 121.885    ;
; -101.811 ; scores[0][3] ; result_margin[15]~reg0 ; clk          ; clk         ; 20.000       ; 0.030      ; 121.881    ;
; -101.809 ; scores[0][3] ; result_margin[1]~reg0  ; clk          ; clk         ; 20.000       ; 0.031      ; 121.880    ;
; -101.809 ; scores[0][3] ; result_margin[9]~reg0  ; clk          ; clk         ; 20.000       ; 0.031      ; 121.880    ;
; -101.803 ; scores[0][3] ; result_margin[7]~reg0  ; clk          ; clk         ; 20.000       ; 0.031      ; 121.874    ;
; -101.801 ; scores[0][3] ; result_margin[5]~reg0  ; clk          ; clk         ; 20.000       ; 0.030      ; 121.871    ;
; -101.792 ; scores[0][3] ; result_margin[8]~reg0  ; clk          ; clk         ; 20.000       ; 0.030      ; 121.862    ;
; -101.788 ; scores[0][3] ; result_margin[3]~reg0  ; clk          ; clk         ; 20.000       ; 0.031      ; 121.859    ;
; -101.785 ; scores[0][3] ; result_margin[6]~reg0  ; clk          ; clk         ; 20.000       ; 0.031      ; 121.856    ;
; -101.745 ; scores[1][3] ; result_margin[2]~reg0  ; clk          ; clk         ; 20.000       ; 0.031      ; 121.816    ;
; -101.742 ; scores[1][3] ; result_margin[0]~reg0  ; clk          ; clk         ; 20.000       ; 0.031      ; 121.813    ;
; -101.738 ; scores[1][3] ; result_margin[4]~reg0  ; clk          ; clk         ; 20.000       ; 0.031      ; 121.809    ;
; -101.735 ; scores[1][3] ; result_margin[15]~reg0 ; clk          ; clk         ; 20.000       ; 0.030      ; 121.805    ;
; -101.733 ; scores[1][3] ; result_margin[1]~reg0  ; clk          ; clk         ; 20.000       ; 0.031      ; 121.804    ;
; -101.733 ; scores[1][3] ; result_margin[9]~reg0  ; clk          ; clk         ; 20.000       ; 0.031      ; 121.804    ;
; -101.727 ; scores[1][3] ; result_margin[7]~reg0  ; clk          ; clk         ; 20.000       ; 0.031      ; 121.798    ;
; -101.725 ; scores[1][3] ; result_margin[5]~reg0  ; clk          ; clk         ; 20.000       ; 0.030      ; 121.795    ;
; -101.716 ; scores[1][3] ; result_margin[8]~reg0  ; clk          ; clk         ; 20.000       ; 0.030      ; 121.786    ;
; -101.712 ; scores[1][3] ; result_margin[3]~reg0  ; clk          ; clk         ; 20.000       ; 0.031      ; 121.783    ;
; -101.709 ; scores[1][3] ; result_margin[6]~reg0  ; clk          ; clk         ; 20.000       ; 0.031      ; 121.780    ;
; -101.630 ; scores[1][1] ; result_margin[2]~reg0  ; clk          ; clk         ; 20.000       ; 0.018      ; 121.688    ;
; -101.627 ; scores[1][1] ; result_margin[0]~reg0  ; clk          ; clk         ; 20.000       ; 0.018      ; 121.685    ;
; -101.623 ; scores[1][1] ; result_margin[4]~reg0  ; clk          ; clk         ; 20.000       ; 0.018      ; 121.681    ;
; -101.620 ; scores[1][1] ; result_margin[15]~reg0 ; clk          ; clk         ; 20.000       ; 0.017      ; 121.677    ;
; -101.618 ; scores[1][1] ; result_margin[1]~reg0  ; clk          ; clk         ; 20.000       ; 0.018      ; 121.676    ;
; -101.618 ; scores[1][1] ; result_margin[9]~reg0  ; clk          ; clk         ; 20.000       ; 0.018      ; 121.676    ;
; -101.612 ; scores[1][1] ; result_margin[7]~reg0  ; clk          ; clk         ; 20.000       ; 0.018      ; 121.670    ;
; -101.610 ; scores[1][1] ; result_margin[5]~reg0  ; clk          ; clk         ; 20.000       ; 0.017      ; 121.667    ;
; -101.601 ; scores[1][1] ; result_margin[8]~reg0  ; clk          ; clk         ; 20.000       ; 0.017      ; 121.658    ;
; -101.597 ; scores[1][1] ; result_margin[3]~reg0  ; clk          ; clk         ; 20.000       ; 0.018      ; 121.655    ;
; -101.594 ; scores[1][1] ; result_margin[6]~reg0  ; clk          ; clk         ; 20.000       ; 0.018      ; 121.652    ;
; -101.573 ; scores[1][0] ; result_margin[2]~reg0  ; clk          ; clk         ; 20.000       ; 0.020      ; 121.633    ;
; -101.570 ; scores[1][0] ; result_margin[0]~reg0  ; clk          ; clk         ; 20.000       ; 0.020      ; 121.630    ;
; -101.566 ; scores[1][0] ; result_margin[4]~reg0  ; clk          ; clk         ; 20.000       ; 0.020      ; 121.626    ;
; -101.563 ; scores[1][0] ; result_margin[15]~reg0 ; clk          ; clk         ; 20.000       ; 0.019      ; 121.622    ;
; -101.561 ; scores[1][0] ; result_margin[1]~reg0  ; clk          ; clk         ; 20.000       ; 0.020      ; 121.621    ;
; -101.561 ; scores[1][0] ; result_margin[9]~reg0  ; clk          ; clk         ; 20.000       ; 0.020      ; 121.621    ;
; -101.555 ; scores[1][0] ; result_margin[7]~reg0  ; clk          ; clk         ; 20.000       ; 0.020      ; 121.615    ;
; -101.553 ; scores[1][0] ; result_margin[5]~reg0  ; clk          ; clk         ; 20.000       ; 0.019      ; 121.612    ;
; -101.544 ; scores[1][0] ; result_margin[8]~reg0  ; clk          ; clk         ; 20.000       ; 0.019      ; 121.603    ;
; -101.540 ; scores[1][0] ; result_margin[3]~reg0  ; clk          ; clk         ; 20.000       ; 0.020      ; 121.600    ;
; -101.537 ; scores[1][0] ; result_margin[6]~reg0  ; clk          ; clk         ; 20.000       ; 0.020      ; 121.597    ;
; -101.304 ; scores[0][3] ; result_margin[11]~reg0 ; clk          ; clk         ; 20.000       ; 0.023      ; 121.367    ;
; -101.245 ; scores[0][0] ; result_margin[2]~reg0  ; clk          ; clk         ; 20.000       ; 0.020      ; 121.305    ;
; -101.242 ; scores[0][0] ; result_margin[0]~reg0  ; clk          ; clk         ; 20.000       ; 0.020      ; 121.302    ;
; -101.238 ; scores[0][0] ; result_margin[4]~reg0  ; clk          ; clk         ; 20.000       ; 0.020      ; 121.298    ;
; -101.235 ; scores[0][0] ; result_margin[15]~reg0 ; clk          ; clk         ; 20.000       ; 0.019      ; 121.294    ;
; -101.233 ; scores[0][0] ; result_margin[1]~reg0  ; clk          ; clk         ; 20.000       ; 0.020      ; 121.293    ;
; -101.233 ; scores[0][0] ; result_margin[9]~reg0  ; clk          ; clk         ; 20.000       ; 0.020      ; 121.293    ;
; -101.228 ; scores[1][3] ; result_margin[11]~reg0 ; clk          ; clk         ; 20.000       ; 0.023      ; 121.291    ;
; -101.227 ; scores[0][0] ; result_margin[7]~reg0  ; clk          ; clk         ; 20.000       ; 0.020      ; 121.287    ;
; -101.225 ; scores[0][0] ; result_margin[5]~reg0  ; clk          ; clk         ; 20.000       ; 0.019      ; 121.284    ;
; -101.216 ; scores[0][0] ; result_margin[8]~reg0  ; clk          ; clk         ; 20.000       ; 0.019      ; 121.275    ;
; -101.212 ; scores[0][0] ; result_margin[3]~reg0  ; clk          ; clk         ; 20.000       ; 0.020      ; 121.272    ;
; -101.210 ; scores[1][2] ; result_margin[2]~reg0  ; clk          ; clk         ; 20.000       ; 0.014      ; 121.264    ;
; -101.209 ; scores[0][0] ; result_margin[6]~reg0  ; clk          ; clk         ; 20.000       ; 0.020      ; 121.269    ;
; -101.207 ; scores[1][2] ; result_margin[0]~reg0  ; clk          ; clk         ; 20.000       ; 0.014      ; 121.261    ;
; -101.203 ; scores[1][2] ; result_margin[4]~reg0  ; clk          ; clk         ; 20.000       ; 0.014      ; 121.257    ;
; -101.200 ; scores[1][2] ; result_margin[15]~reg0 ; clk          ; clk         ; 20.000       ; 0.013      ; 121.253    ;
; -101.198 ; scores[1][2] ; result_margin[1]~reg0  ; clk          ; clk         ; 20.000       ; 0.014      ; 121.252    ;
; -101.198 ; scores[1][2] ; result_margin[9]~reg0  ; clk          ; clk         ; 20.000       ; 0.014      ; 121.252    ;
; -101.192 ; scores[1][2] ; result_margin[7]~reg0  ; clk          ; clk         ; 20.000       ; 0.014      ; 121.246    ;
; -101.190 ; scores[1][2] ; result_margin[5]~reg0  ; clk          ; clk         ; 20.000       ; 0.013      ; 121.243    ;
; -101.181 ; scores[1][2] ; result_margin[8]~reg0  ; clk          ; clk         ; 20.000       ; 0.013      ; 121.234    ;
; -101.177 ; scores[1][2] ; result_margin[3]~reg0  ; clk          ; clk         ; 20.000       ; 0.014      ; 121.231    ;
; -101.174 ; scores[1][2] ; result_margin[6]~reg0  ; clk          ; clk         ; 20.000       ; 0.014      ; 121.228    ;
; -101.172 ; scores[0][1] ; result_margin[2]~reg0  ; clk          ; clk         ; 20.000       ; 0.018      ; 121.230    ;
; -101.169 ; scores[0][1] ; result_margin[0]~reg0  ; clk          ; clk         ; 20.000       ; 0.018      ; 121.227    ;
; -101.165 ; scores[0][1] ; result_margin[4]~reg0  ; clk          ; clk         ; 20.000       ; 0.018      ; 121.223    ;
; -101.162 ; scores[0][1] ; result_margin[15]~reg0 ; clk          ; clk         ; 20.000       ; 0.017      ; 121.219    ;
; -101.160 ; scores[0][1] ; result_margin[1]~reg0  ; clk          ; clk         ; 20.000       ; 0.018      ; 121.218    ;
; -101.160 ; scores[0][1] ; result_margin[9]~reg0  ; clk          ; clk         ; 20.000       ; 0.018      ; 121.218    ;
; -101.154 ; scores[0][1] ; result_margin[7]~reg0  ; clk          ; clk         ; 20.000       ; 0.018      ; 121.212    ;
; -101.152 ; scores[1][6] ; result_margin[2]~reg0  ; clk          ; clk         ; 20.000       ; 0.006      ; 121.198    ;
; -101.152 ; scores[0][1] ; result_margin[5]~reg0  ; clk          ; clk         ; 20.000       ; 0.017      ; 121.209    ;
; -101.149 ; scores[1][6] ; result_margin[0]~reg0  ; clk          ; clk         ; 20.000       ; 0.006      ; 121.195    ;
; -101.145 ; scores[1][6] ; result_margin[4]~reg0  ; clk          ; clk         ; 20.000       ; 0.006      ; 121.191    ;
; -101.143 ; scores[0][1] ; result_margin[8]~reg0  ; clk          ; clk         ; 20.000       ; 0.017      ; 121.200    ;
; -101.142 ; scores[1][6] ; result_margin[15]~reg0 ; clk          ; clk         ; 20.000       ; 0.005      ; 121.187    ;
; -101.140 ; scores[1][6] ; result_margin[1]~reg0  ; clk          ; clk         ; 20.000       ; 0.006      ; 121.186    ;
; -101.140 ; scores[1][6] ; result_margin[9]~reg0  ; clk          ; clk         ; 20.000       ; 0.006      ; 121.186    ;
; -101.139 ; scores[0][1] ; result_margin[3]~reg0  ; clk          ; clk         ; 20.000       ; 0.018      ; 121.197    ;
; -101.136 ; scores[0][1] ; result_margin[6]~reg0  ; clk          ; clk         ; 20.000       ; 0.018      ; 121.194    ;
; -101.134 ; scores[1][6] ; result_margin[7]~reg0  ; clk          ; clk         ; 20.000       ; 0.006      ; 121.180    ;
; -101.132 ; scores[1][6] ; result_margin[5]~reg0  ; clk          ; clk         ; 20.000       ; 0.005      ; 121.177    ;
; -101.125 ; scores[0][6] ; result_margin[2]~reg0  ; clk          ; clk         ; 20.000       ; 0.006      ; 121.171    ;
; -101.123 ; scores[1][6] ; result_margin[8]~reg0  ; clk          ; clk         ; 20.000       ; 0.005      ; 121.168    ;
; -101.122 ; scores[0][6] ; result_margin[0]~reg0  ; clk          ; clk         ; 20.000       ; 0.006      ; 121.168    ;
; -101.119 ; scores[1][6] ; result_margin[3]~reg0  ; clk          ; clk         ; 20.000       ; 0.006      ; 121.165    ;
; -101.118 ; scores[0][6] ; result_margin[4]~reg0  ; clk          ; clk         ; 20.000       ; 0.006      ; 121.164    ;
; -101.116 ; scores[1][6] ; result_margin[6]~reg0  ; clk          ; clk         ; 20.000       ; 0.006      ; 121.162    ;
; -101.115 ; scores[0][6] ; result_margin[15]~reg0 ; clk          ; clk         ; 20.000       ; 0.005      ; 121.160    ;
; -101.113 ; scores[0][6] ; result_margin[1]~reg0  ; clk          ; clk         ; 20.000       ; 0.006      ; 121.159    ;
; -101.113 ; scores[0][6] ; result_margin[9]~reg0  ; clk          ; clk         ; 20.000       ; 0.006      ; 121.159    ;
; -101.113 ; scores[1][1] ; result_margin[11]~reg0 ; clk          ; clk         ; 20.000       ; 0.010      ; 121.163    ;
; -101.107 ; scores[0][6] ; result_margin[7]~reg0  ; clk          ; clk         ; 20.000       ; 0.006      ; 121.153    ;
; -101.105 ; scores[0][6] ; result_margin[5]~reg0  ; clk          ; clk         ; 20.000       ; 0.005      ; 121.150    ;
; -101.096 ; scores[0][6] ; result_margin[8]~reg0  ; clk          ; clk         ; 20.000       ; 0.005      ; 121.141    ;
+----------+--------------+------------------------+--------------+-------------+--------------+------------+------------+


+-------------------------------------------------------------------------------------------------------------------------------------------------------------------------------------------+
; Slow Model Hold: 'clk'                                                                                                                                                                    ;
+-------+---------------------------+---------------------------------------------------------------------------------+--------------+-------------+--------------+------------+------------+
; Slack ; From Node                 ; To Node                                                                         ; Launch Clock ; Latch Clock ; Relationship ; Clock Skew ; Data Delay ;
+-------+---------------------------+---------------------------------------------------------------------------------+--------------+-------------+--------------+------------+------------+
; 0.499 ; state.IDLE                ; state.IDLE                                                                      ; clk          ; clk         ; 0.000        ; 0.000      ; 0.805      ;
; 0.499 ; state.LOAD                ; state.LOAD                                                                      ; clk          ; clk         ; 0.000        ; 0.000      ; 0.805      ;
; 0.499 ; result_digit[0]~reg0      ; result_digit[0]~reg0                                                            ; clk          ; clk         ; 0.000        ; 0.000      ; 0.805      ;
; 0.499 ; result_digit[1]~reg0      ; result_digit[1]~reg0                                                            ; clk          ; clk         ; 0.000        ; 0.000      ; 0.805      ;
; 0.499 ; result_digit[2]~reg0      ; result_digit[2]~reg0                                                            ; clk          ; clk         ; 0.000        ; 0.000      ; 0.805      ;
; 0.499 ; result_confidence[0]~reg0 ; result_confidence[0]~reg0                                                       ; clk          ; clk         ; 0.000        ; 0.000      ; 0.805      ;
; 0.499 ; result_confidence[1]~reg0 ; result_confidence[1]~reg0                                                       ; clk          ; clk         ; 0.000        ; 0.000      ; 0.805      ;
; 0.499 ; result_confidence[2]~reg0 ; result_confidence[2]~reg0                                                       ; clk          ; clk         ; 0.000        ; 0.000      ; 0.805      ;
; 0.499 ; result_confidence[3]~reg0 ; result_confidence[3]~reg0                                                       ; clk          ; clk         ; 0.000        ; 0.000      ; 0.805      ;
; 0.499 ; result_confidence[4]~reg0 ; result_confidence[4]~reg0                                                       ; clk          ; clk         ; 0.000        ; 0.000      ; 0.805      ;
; 0.499 ; result_confidence[5]~reg0 ; result_confidence[5]~reg0                                                       ; clk          ; clk         ; 0.000        ; 0.000      ; 0.805      ;
; 0.499 ; result_confidence[6]~reg0 ; result_confidence[6]~reg0                                                       ; clk          ; clk         ; 0.000        ; 0.000      ; 0.805      ;
; 0.499 ; result_confidence[7]~reg0 ; result_confidence[7]~reg0                                                       ; clk          ; clk         ; 0.000        ; 0.000      ; 0.805      ;
; 0.753 ; output_n[31]              ; output_n[31]                                                                    ; clk          ; clk         ; 0.000        ; 0.000      ; 1.059      ;
; 0.753 ; cycle_ctr[31]             ; cycle_ctr[31]                                                                   ; clk          ; clk         ; 0.000        ; 0.000      ; 1.059      ;
; 0.763 ; state.H_MAC               ; pixel_idx[12]                                                                   ; clk          ; clk         ; 0.000        ; 0.000      ; 1.069      ;
; 0.915 ; state.O_SETUP             ; state.O_MAC                                                                     ; clk          ; clk         ; 0.000        ; 0.000      ; 1.221      ;
; 0.945 ; neuron[2]                 ; hidden_rtl_0_bypass[5]                                                          ; clk          ; clk         ; 0.000        ; 0.000      ; 1.251      ;
; 0.945 ; neuron[3]                 ; hidden_rtl_0_bypass[7]                                                          ; clk          ; clk         ; 0.000        ; 0.000      ; 1.251      ;
; 0.953 ; neuron[1]                 ; hidden_rtl_0_bypass[3]                                                          ; clk          ; clk         ; 0.000        ; 0.000      ; 1.259      ;
; 1.039 ; cycle_ctr[24]             ; result_cycles[24]~reg0                                                          ; clk          ; clk         ; 0.000        ; 0.000      ; 1.345      ;
; 1.052 ; cycle_ctr[20]             ; result_cycles[20]~reg0                                                          ; clk          ; clk         ; 0.000        ; 0.000      ; 1.358      ;
; 1.052 ; cycle_ctr[30]             ; result_cycles[30]~reg0                                                          ; clk          ; clk         ; 0.000        ; 0.000      ; 1.358      ;
; 1.053 ; cycle_ctr[28]             ; result_cycles[28]~reg0                                                          ; clk          ; clk         ; 0.000        ; 0.000      ; 1.359      ;
; 1.056 ; cycle_ctr[29]             ; result_cycles[29]~reg0                                                          ; clk          ; clk         ; 0.000        ; 0.000      ; 1.362      ;
; 1.057 ; cycle_ctr[27]             ; result_cycles[27]~reg0                                                          ; clk          ; clk         ; 0.000        ; 0.000      ; 1.363      ;
; 1.060 ; cycle_ctr[21]             ; result_cycles[21]~reg0                                                          ; clk          ; clk         ; 0.000        ; 0.000      ; 1.366      ;
; 1.063 ; cycle_ctr[23]             ; result_cycles[23]~reg0                                                          ; clk          ; clk         ; 0.000        ; 0.000      ; 1.369      ;
; 1.134 ; cycle_ctr[15]             ; result_cycles[15]~reg0                                                          ; clk          ; clk         ; 0.000        ; 0.000      ; 1.440      ;
; 1.150 ; cycle_ctr[22]             ; result_cycles[22]~reg0                                                          ; clk          ; clk         ; 0.000        ; 0.000      ; 1.456      ;
; 1.166 ; output_n[16]              ; output_n[16]                                                                    ; clk          ; clk         ; 0.000        ; 0.000      ; 1.472      ;
; 1.166 ; cycle_ctr[16]             ; cycle_ctr[16]                                                                   ; clk          ; clk         ; 0.000        ; 0.000      ; 1.472      ;
; 1.167 ; output_n[0]               ; output_n[0]                                                                     ; clk          ; clk         ; 0.000        ; 0.000      ; 1.473      ;
; 1.167 ; neuron[0]                 ; hidden_rtl_0_bypass[1]                                                          ; clk          ; clk         ; 0.000        ; 0.000      ; 1.473      ;
; 1.167 ; cycle_ctr[0]              ; cycle_ctr[0]                                                                    ; clk          ; clk         ; 0.000        ; 0.000      ; 1.473      ;
; 1.175 ; output_n[1]               ; output_n[1]                                                                     ; clk          ; clk         ; 0.000        ; 0.000      ; 1.481      ;
; 1.175 ; output_n[17]              ; output_n[17]                                                                    ; clk          ; clk         ; 0.000        ; 0.000      ; 1.481      ;
; 1.175 ; cycle_ctr[1]              ; cycle_ctr[1]                                                                    ; clk          ; clk         ; 0.000        ; 0.000      ; 1.481      ;
; 1.175 ; cycle_ctr[17]             ; cycle_ctr[17]                                                                   ; clk          ; clk         ; 0.000        ; 0.000      ; 1.481      ;
; 1.176 ; output_n[2]               ; output_n[2]                                                                     ; clk          ; clk         ; 0.000        ; 0.000      ; 1.482      ;
; 1.176 ; output_n[9]               ; output_n[9]                                                                     ; clk          ; clk         ; 0.000        ; 0.000      ; 1.482      ;
; 1.176 ; output_n[18]              ; output_n[18]                                                                    ; clk          ; clk         ; 0.000        ; 0.000      ; 1.482      ;
; 1.176 ; output_n[25]              ; output_n[25]                                                                    ; clk          ; clk         ; 0.000        ; 0.000      ; 1.482      ;
; 1.176 ; cycle_ctr[2]              ; cycle_ctr[2]                                                                    ; clk          ; clk         ; 0.000        ; 0.000      ; 1.482      ;
; 1.176 ; cycle_ctr[9]              ; cycle_ctr[9]                                                                    ; clk          ; clk         ; 0.000        ; 0.000      ; 1.482      ;
; 1.176 ; cycle_ctr[18]             ; cycle_ctr[18]                                                                   ; clk          ; clk         ; 0.000        ; 0.000      ; 1.482      ;
; 1.176 ; cycle_ctr[25]             ; cycle_ctr[25]                                                                   ; clk          ; clk         ; 0.000        ; 0.000      ; 1.482      ;
; 1.177 ; output_n[4]               ; output_n[4]                                                                     ; clk          ; clk         ; 0.000        ; 0.000      ; 1.483      ;
; 1.177 ; output_n[7]               ; output_n[7]                                                                     ; clk          ; clk         ; 0.000        ; 0.000      ; 1.483      ;
; 1.177 ; output_n[11]              ; output_n[11]                                                                    ; clk          ; clk         ; 0.000        ; 0.000      ; 1.483      ;
; 1.177 ; output_n[13]              ; output_n[13]                                                                    ; clk          ; clk         ; 0.000        ; 0.000      ; 1.483      ;
; 1.177 ; output_n[14]              ; output_n[14]                                                                    ; clk          ; clk         ; 0.000        ; 0.000      ; 1.483      ;
; 1.177 ; output_n[15]              ; output_n[15]                                                                    ; clk          ; clk         ; 0.000        ; 0.000      ; 1.483      ;
; 1.177 ; output_n[20]              ; output_n[20]                                                                    ; clk          ; clk         ; 0.000        ; 0.000      ; 1.483      ;
; 1.177 ; output_n[23]              ; output_n[23]                                                                    ; clk          ; clk         ; 0.000        ; 0.000      ; 1.483      ;
; 1.177 ; output_n[27]              ; output_n[27]                                                                    ; clk          ; clk         ; 0.000        ; 0.000      ; 1.483      ;
; 1.177 ; output_n[29]              ; output_n[29]                                                                    ; clk          ; clk         ; 0.000        ; 0.000      ; 1.483      ;
; 1.177 ; output_n[30]              ; output_n[30]                                                                    ; clk          ; clk         ; 0.000        ; 0.000      ; 1.483      ;
; 1.177 ; cycle_ctr[4]              ; cycle_ctr[4]                                                                    ; clk          ; clk         ; 0.000        ; 0.000      ; 1.483      ;
; 1.177 ; cycle_ctr[7]              ; cycle_ctr[7]                                                                    ; clk          ; clk         ; 0.000        ; 0.000      ; 1.483      ;
; 1.177 ; cycle_ctr[11]             ; cycle_ctr[11]                                                                   ; clk          ; clk         ; 0.000        ; 0.000      ; 1.483      ;
; 1.177 ; cycle_ctr[13]             ; cycle_ctr[13]                                                                   ; clk          ; clk         ; 0.000        ; 0.000      ; 1.483      ;
; 1.177 ; cycle_ctr[14]             ; cycle_ctr[14]                                                                   ; clk          ; clk         ; 0.000        ; 0.000      ; 1.483      ;
; 1.177 ; cycle_ctr[15]             ; cycle_ctr[15]                                                                   ; clk          ; clk         ; 0.000        ; 0.000      ; 1.483      ;
; 1.177 ; cycle_ctr[20]             ; cycle_ctr[20]                                                                   ; clk          ; clk         ; 0.000        ; 0.000      ; 1.483      ;
; 1.177 ; cycle_ctr[23]             ; cycle_ctr[23]                                                                   ; clk          ; clk         ; 0.000        ; 0.000      ; 1.483      ;
; 1.177 ; cycle_ctr[27]             ; cycle_ctr[27]                                                                   ; clk          ; clk         ; 0.000        ; 0.000      ; 1.483      ;
; 1.177 ; cycle_ctr[29]             ; cycle_ctr[29]                                                                   ; clk          ; clk         ; 0.000        ; 0.000      ; 1.483      ;
; 1.177 ; cycle_ctr[30]             ; cycle_ctr[30]                                                                   ; clk          ; clk         ; 0.000        ; 0.000      ; 1.483      ;
; 1.217 ; state.H_SETUP             ; state.H_MAC                                                                     ; clk          ; clk         ; 0.000        ; 0.000      ; 1.523      ;
; 1.220 ; cycle_ctr[10]             ; result_cycles[10]~reg0                                                          ; clk          ; clk         ; 0.000        ; 0.000      ; 1.526      ;
; 1.225 ; output_n[3]               ; output_n[3]                                                                     ; clk          ; clk         ; 0.000        ; 0.000      ; 1.531      ;
; 1.225 ; output_n[8]               ; output_n[8]                                                                     ; clk          ; clk         ; 0.000        ; 0.000      ; 1.531      ;
; 1.225 ; output_n[10]              ; output_n[10]                                                                    ; clk          ; clk         ; 0.000        ; 0.000      ; 1.531      ;
; 1.225 ; output_n[19]              ; output_n[19]                                                                    ; clk          ; clk         ; 0.000        ; 0.000      ; 1.531      ;
; 1.225 ; output_n[24]              ; output_n[24]                                                                    ; clk          ; clk         ; 0.000        ; 0.000      ; 1.531      ;
; 1.225 ; output_n[26]              ; output_n[26]                                                                    ; clk          ; clk         ; 0.000        ; 0.000      ; 1.531      ;
; 1.225 ; cycle_ctr[3]              ; cycle_ctr[3]                                                                    ; clk          ; clk         ; 0.000        ; 0.000      ; 1.531      ;
; 1.225 ; cycle_ctr[8]              ; cycle_ctr[8]                                                                    ; clk          ; clk         ; 0.000        ; 0.000      ; 1.531      ;
; 1.225 ; cycle_ctr[10]             ; cycle_ctr[10]                                                                   ; clk          ; clk         ; 0.000        ; 0.000      ; 1.531      ;
; 1.225 ; cycle_ctr[19]             ; cycle_ctr[19]                                                                   ; clk          ; clk         ; 0.000        ; 0.000      ; 1.531      ;
; 1.225 ; cycle_ctr[24]             ; cycle_ctr[24]                                                                   ; clk          ; clk         ; 0.000        ; 0.000      ; 1.531      ;
; 1.225 ; cycle_ctr[26]             ; cycle_ctr[26]                                                                   ; clk          ; clk         ; 0.000        ; 0.000      ; 1.531      ;
; 1.226 ; output_n[5]               ; output_n[5]                                                                     ; clk          ; clk         ; 0.000        ; 0.000      ; 1.532      ;
; 1.226 ; output_n[6]               ; output_n[6]                                                                     ; clk          ; clk         ; 0.000        ; 0.000      ; 1.532      ;
; 1.226 ; output_n[12]              ; output_n[12]                                                                    ; clk          ; clk         ; 0.000        ; 0.000      ; 1.532      ;
; 1.226 ; output_n[21]              ; output_n[21]                                                                    ; clk          ; clk         ; 0.000        ; 0.000      ; 1.532      ;
; 1.226 ; output_n[22]              ; output_n[22]                                                                    ; clk          ; clk         ; 0.000        ; 0.000      ; 1.532      ;
; 1.226 ; output_n[28]              ; output_n[28]                                                                    ; clk          ; clk         ; 0.000        ; 0.000      ; 1.532      ;
; 1.226 ; cycle_ctr[5]              ; cycle_ctr[5]                                                                    ; clk          ; clk         ; 0.000        ; 0.000      ; 1.532      ;
; 1.226 ; cycle_ctr[6]              ; cycle_ctr[6]                                                                    ; clk          ; clk         ; 0.000        ; 0.000      ; 1.532      ;
; 1.226 ; cycle_ctr[12]             ; cycle_ctr[12]                                                                   ; clk          ; clk         ; 0.000        ; 0.000      ; 1.532      ;
; 1.226 ; cycle_ctr[21]             ; cycle_ctr[21]                                                                   ; clk          ; clk         ; 0.000        ; 0.000      ; 1.532      ;
; 1.226 ; cycle_ctr[22]             ; cycle_ctr[22]                                                                   ; clk          ; clk         ; 0.000        ; 0.000      ; 1.532      ;
; 1.226 ; cycle_ctr[28]             ; cycle_ctr[28]                                                                   ; clk          ; clk         ; 0.000        ; 0.000      ; 1.532      ;
; 1.275 ; state.O_MAC               ; state.O_SETUP                                                                   ; clk          ; clk         ; 0.000        ; 0.000      ; 1.581      ;
; 1.278 ; cycle_ctr[3]              ; result_cycles[3]~reg0                                                           ; clk          ; clk         ; 0.000        ; 0.000      ; 1.584      ;
; 1.399 ; cycle_ctr[31]             ; result_cycles[31]~reg0                                                          ; clk          ; clk         ; 0.000        ; 0.000      ; 1.705      ;
; 1.418 ; pixel_idx[0]              ; altsyncram:l1_rom|altsyncram_vqt:auto_generated|ram_block1a8~porta_address_reg0 ; clk          ; clk         ; 0.000        ; 0.101      ; 1.786      ;
; 1.437 ; cycle_ctr[18]             ; result_cycles[18]~reg0                                                          ; clk          ; clk         ; 0.000        ; 0.000      ; 1.743      ;
+-------+---------------------------+---------------------------------------------------------------------------------+--------------+-------------+--------------+------------+------------+


+-------------------------------------------------------------------------------------------------------------------------------------------------------------------------+
; Slow Model Minimum Pulse Width: 'clk'                                                                                                                                   ;
+-------+--------------+----------------+------------------+-------+------------+-----------------------------------------------------------------------------------------+
; Slack ; Actual Width ; Required Width ; Type             ; Clock ; Clock Edge ; Target                                                                                  ;
+-------+--------------+----------------+------------------+-------+------------+-----------------------------------------------------------------------------------------+
; 6.933 ; 10.000       ; 3.067          ; High Pulse Width ; clk   ; Rise       ; altsyncram:hidden_rtl_0|altsyncram_4og1:auto_generated|ram_block1a0~porta_address_reg0  ;
; 6.933 ; 10.000       ; 3.067          ; Low Pulse Width  ; clk   ; Rise       ; altsyncram:hidden_rtl_0|altsyncram_4og1:auto_generated|ram_block1a0~porta_address_reg0  ;
; 6.933 ; 10.000       ; 3.067          ; High Pulse Width ; clk   ; Rise       ; altsyncram:hidden_rtl_0|altsyncram_4og1:auto_generated|ram_block1a0~porta_address_reg1  ;
; 6.933 ; 10.000       ; 3.067          ; Low Pulse Width  ; clk   ; Rise       ; altsyncram:hidden_rtl_0|altsyncram_4og1:auto_generated|ram_block1a0~porta_address_reg1  ;
; 6.933 ; 10.000       ; 3.067          ; High Pulse Width ; clk   ; Rise       ; altsyncram:hidden_rtl_0|altsyncram_4og1:auto_generated|ram_block1a0~porta_address_reg2  ;
; 6.933 ; 10.000       ; 3.067          ; Low Pulse Width  ; clk   ; Rise       ; altsyncram:hidden_rtl_0|altsyncram_4og1:auto_generated|ram_block1a0~porta_address_reg2  ;
; 6.933 ; 10.000       ; 3.067          ; High Pulse Width ; clk   ; Rise       ; altsyncram:hidden_rtl_0|altsyncram_4og1:auto_generated|ram_block1a0~porta_address_reg3  ;
; 6.933 ; 10.000       ; 3.067          ; Low Pulse Width  ; clk   ; Rise       ; altsyncram:hidden_rtl_0|altsyncram_4og1:auto_generated|ram_block1a0~porta_address_reg3  ;
; 6.933 ; 10.000       ; 3.067          ; High Pulse Width ; clk   ; Rise       ; altsyncram:hidden_rtl_0|altsyncram_4og1:auto_generated|ram_block1a0~porta_address_reg4  ;
; 6.933 ; 10.000       ; 3.067          ; Low Pulse Width  ; clk   ; Rise       ; altsyncram:hidden_rtl_0|altsyncram_4og1:auto_generated|ram_block1a0~porta_address_reg4  ;
; 6.933 ; 10.000       ; 3.067          ; High Pulse Width ; clk   ; Rise       ; altsyncram:hidden_rtl_0|altsyncram_4og1:auto_generated|ram_block1a0~porta_datain_reg0   ;
; 6.933 ; 10.000       ; 3.067          ; Low Pulse Width  ; clk   ; Rise       ; altsyncram:hidden_rtl_0|altsyncram_4og1:auto_generated|ram_block1a0~porta_datain_reg0   ;
; 6.933 ; 10.000       ; 3.067          ; High Pulse Width ; clk   ; Rise       ; altsyncram:hidden_rtl_0|altsyncram_4og1:auto_generated|ram_block1a0~porta_datain_reg1   ;
; 6.933 ; 10.000       ; 3.067          ; Low Pulse Width  ; clk   ; Rise       ; altsyncram:hidden_rtl_0|altsyncram_4og1:auto_generated|ram_block1a0~porta_datain_reg1   ;
; 6.933 ; 10.000       ; 3.067          ; High Pulse Width ; clk   ; Rise       ; altsyncram:hidden_rtl_0|altsyncram_4og1:auto_generated|ram_block1a0~porta_datain_reg10  ;
; 6.933 ; 10.000       ; 3.067          ; Low Pulse Width  ; clk   ; Rise       ; altsyncram:hidden_rtl_0|altsyncram_4og1:auto_generated|ram_block1a0~porta_datain_reg10  ;
; 6.933 ; 10.000       ; 3.067          ; High Pulse Width ; clk   ; Rise       ; altsyncram:hidden_rtl_0|altsyncram_4og1:auto_generated|ram_block1a0~porta_datain_reg11  ;
; 6.933 ; 10.000       ; 3.067          ; Low Pulse Width  ; clk   ; Rise       ; altsyncram:hidden_rtl_0|altsyncram_4og1:auto_generated|ram_block1a0~porta_datain_reg11  ;
; 6.933 ; 10.000       ; 3.067          ; High Pulse Width ; clk   ; Rise       ; altsyncram:hidden_rtl_0|altsyncram_4og1:auto_generated|ram_block1a0~porta_datain_reg12  ;
; 6.933 ; 10.000       ; 3.067          ; Low Pulse Width  ; clk   ; Rise       ; altsyncram:hidden_rtl_0|altsyncram_4og1:auto_generated|ram_block1a0~porta_datain_reg12  ;
; 6.933 ; 10.000       ; 3.067          ; High Pulse Width ; clk   ; Rise       ; altsyncram:hidden_rtl_0|altsyncram_4og1:auto_generated|ram_block1a0~porta_datain_reg13  ;
; 6.933 ; 10.000       ; 3.067          ; Low Pulse Width  ; clk   ; Rise       ; altsyncram:hidden_rtl_0|altsyncram_4og1:auto_generated|ram_block1a0~porta_datain_reg13  ;
; 6.933 ; 10.000       ; 3.067          ; High Pulse Width ; clk   ; Rise       ; altsyncram:hidden_rtl_0|altsyncram_4og1:auto_generated|ram_block1a0~porta_datain_reg14  ;
; 6.933 ; 10.000       ; 3.067          ; Low Pulse Width  ; clk   ; Rise       ; altsyncram:hidden_rtl_0|altsyncram_4og1:auto_generated|ram_block1a0~porta_datain_reg14  ;
; 6.933 ; 10.000       ; 3.067          ; High Pulse Width ; clk   ; Rise       ; altsyncram:hidden_rtl_0|altsyncram_4og1:auto_generated|ram_block1a0~porta_datain_reg15  ;
; 6.933 ; 10.000       ; 3.067          ; Low Pulse Width  ; clk   ; Rise       ; altsyncram:hidden_rtl_0|altsyncram_4og1:auto_generated|ram_block1a0~porta_datain_reg15  ;
; 6.933 ; 10.000       ; 3.067          ; High Pulse Width ; clk   ; Rise       ; altsyncram:hidden_rtl_0|altsyncram_4og1:auto_generated|ram_block1a0~porta_datain_reg16  ;
; 6.933 ; 10.000       ; 3.067          ; Low Pulse Width  ; clk   ; Rise       ; altsyncram:hidden_rtl_0|altsyncram_4og1:auto_generated|ram_block1a0~porta_datain_reg16  ;
; 6.933 ; 10.000       ; 3.067          ; High Pulse Width ; clk   ; Rise       ; altsyncram:hidden_rtl_0|altsyncram_4og1:auto_generated|ram_block1a0~porta_datain_reg17  ;
; 6.933 ; 10.000       ; 3.067          ; Low Pulse Width  ; clk   ; Rise       ; altsyncram:hidden_rtl_0|altsyncram_4og1:auto_generated|ram_block1a0~porta_datain_reg17  ;
; 6.933 ; 10.000       ; 3.067          ; High Pulse Width ; clk   ; Rise       ; altsyncram:hidden_rtl_0|altsyncram_4og1:auto_generated|ram_block1a0~porta_datain_reg18  ;
; 6.933 ; 10.000       ; 3.067          ; Low Pulse Width  ; clk   ; Rise       ; altsyncram:hidden_rtl_0|altsyncram_4og1:auto_generated|ram_block1a0~porta_datain_reg18  ;
; 6.933 ; 10.000       ; 3.067          ; High Pulse Width ; clk   ; Rise       ; altsyncram:hidden_rtl_0|altsyncram_4og1:auto_generated|ram_block1a0~porta_datain_reg19  ;
; 6.933 ; 10.000       ; 3.067          ; Low Pulse Width  ; clk   ; Rise       ; altsyncram:hidden_rtl_0|altsyncram_4og1:auto_generated|ram_block1a0~porta_datain_reg19  ;
; 6.933 ; 10.000       ; 3.067          ; High Pulse Width ; clk   ; Rise       ; altsyncram:hidden_rtl_0|altsyncram_4og1:auto_generated|ram_block1a0~porta_datain_reg2   ;
; 6.933 ; 10.000       ; 3.067          ; Low Pulse Width  ; clk   ; Rise       ; altsyncram:hidden_rtl_0|altsyncram_4og1:auto_generated|ram_block1a0~porta_datain_reg2   ;
; 6.933 ; 10.000       ; 3.067          ; High Pulse Width ; clk   ; Rise       ; altsyncram:hidden_rtl_0|altsyncram_4og1:auto_generated|ram_block1a0~porta_datain_reg20  ;
; 6.933 ; 10.000       ; 3.067          ; Low Pulse Width  ; clk   ; Rise       ; altsyncram:hidden_rtl_0|altsyncram_4og1:auto_generated|ram_block1a0~porta_datain_reg20  ;
; 6.933 ; 10.000       ; 3.067          ; High Pulse Width ; clk   ; Rise       ; altsyncram:hidden_rtl_0|altsyncram_4og1:auto_generated|ram_block1a0~porta_datain_reg21  ;
; 6.933 ; 10.000       ; 3.067          ; Low Pulse Width  ; clk   ; Rise       ; altsyncram:hidden_rtl_0|altsyncram_4og1:auto_generated|ram_block1a0~porta_datain_reg21  ;
; 6.933 ; 10.000       ; 3.067          ; High Pulse Width ; clk   ; Rise       ; altsyncram:hidden_rtl_0|altsyncram_4og1:auto_generated|ram_block1a0~porta_datain_reg22  ;
; 6.933 ; 10.000       ; 3.067          ; Low Pulse Width  ; clk   ; Rise       ; altsyncram:hidden_rtl_0|altsyncram_4og1:auto_generated|ram_block1a0~porta_datain_reg22  ;
; 6.933 ; 10.000       ; 3.067          ; High Pulse Width ; clk   ; Rise       ; altsyncram:hidden_rtl_0|altsyncram_4og1:auto_generated|ram_block1a0~porta_datain_reg23  ;
; 6.933 ; 10.000       ; 3.067          ; Low Pulse Width  ; clk   ; Rise       ; altsyncram:hidden_rtl_0|altsyncram_4og1:auto_generated|ram_block1a0~porta_datain_reg23  ;
; 6.933 ; 10.000       ; 3.067          ; High Pulse Width ; clk   ; Rise       ; altsyncram:hidden_rtl_0|altsyncram_4og1:auto_generated|ram_block1a0~porta_datain_reg24  ;
; 6.933 ; 10.000       ; 3.067          ; Low Pulse Width  ; clk   ; Rise       ; altsyncram:hidden_rtl_0|altsyncram_4og1:auto_generated|ram_block1a0~porta_datain_reg24  ;
; 6.933 ; 10.000       ; 3.067          ; High Pulse Width ; clk   ; Rise       ; altsyncram:hidden_rtl_0|altsyncram_4og1:auto_generated|ram_block1a0~porta_datain_reg25  ;
; 6.933 ; 10.000       ; 3.067          ; Low Pulse Width  ; clk   ; Rise       ; altsyncram:hidden_rtl_0|altsyncram_4og1:auto_generated|ram_block1a0~porta_datain_reg25  ;
; 6.933 ; 10.000       ; 3.067          ; High Pulse Width ; clk   ; Rise       ; altsyncram:hidden_rtl_0|altsyncram_4og1:auto_generated|ram_block1a0~porta_datain_reg26  ;
; 6.933 ; 10.000       ; 3.067          ; Low Pulse Width  ; clk   ; Rise       ; altsyncram:hidden_rtl_0|altsyncram_4og1:auto_generated|ram_block1a0~porta_datain_reg26  ;
; 6.933 ; 10.000       ; 3.067          ; High Pulse Width ; clk   ; Rise       ; altsyncram:hidden_rtl_0|altsyncram_4og1:auto_generated|ram_block1a0~porta_datain_reg3   ;
; 6.933 ; 10.000       ; 3.067          ; Low Pulse Width  ; clk   ; Rise       ; altsyncram:hidden_rtl_0|altsyncram_4og1:auto_generated|ram_block1a0~porta_datain_reg3   ;
; 6.933 ; 10.000       ; 3.067          ; High Pulse Width ; clk   ; Rise       ; altsyncram:hidden_rtl_0|altsyncram_4og1:auto_generated|ram_block1a0~porta_datain_reg4   ;
; 6.933 ; 10.000       ; 3.067          ; Low Pulse Width  ; clk   ; Rise       ; altsyncram:hidden_rtl_0|altsyncram_4og1:auto_generated|ram_block1a0~porta_datain_reg4   ;
; 6.933 ; 10.000       ; 3.067          ; High Pulse Width ; clk   ; Rise       ; altsyncram:hidden_rtl_0|altsyncram_4og1:auto_generated|ram_block1a0~porta_datain_reg5   ;
; 6.933 ; 10.000       ; 3.067          ; Low Pulse Width  ; clk   ; Rise       ; altsyncram:hidden_rtl_0|altsyncram_4og1:auto_generated|ram_block1a0~porta_datain_reg5   ;
; 6.933 ; 10.000       ; 3.067          ; High Pulse Width ; clk   ; Rise       ; altsyncram:hidden_rtl_0|altsyncram_4og1:auto_generated|ram_block1a0~porta_datain_reg6   ;
; 6.933 ; 10.000       ; 3.067          ; Low Pulse Width  ; clk   ; Rise       ; altsyncram:hidden_rtl_0|altsyncram_4og1:auto_generated|ram_block1a0~porta_datain_reg6   ;
; 6.933 ; 10.000       ; 3.067          ; High Pulse Width ; clk   ; Rise       ; altsyncram:hidden_rtl_0|altsyncram_4og1:auto_generated|ram_block1a0~porta_datain_reg7   ;
; 6.933 ; 10.000       ; 3.067          ; Low Pulse Width  ; clk   ; Rise       ; altsyncram:hidden_rtl_0|altsyncram_4og1:auto_generated|ram_block1a0~porta_datain_reg7   ;
; 6.933 ; 10.000       ; 3.067          ; High Pulse Width ; clk   ; Rise       ; altsyncram:hidden_rtl_0|altsyncram_4og1:auto_generated|ram_block1a0~porta_datain_reg8   ;
; 6.933 ; 10.000       ; 3.067          ; Low Pulse Width  ; clk   ; Rise       ; altsyncram:hidden_rtl_0|altsyncram_4og1:auto_generated|ram_block1a0~porta_datain_reg8   ;
; 6.933 ; 10.000       ; 3.067          ; High Pulse Width ; clk   ; Rise       ; altsyncram:hidden_rtl_0|altsyncram_4og1:auto_generated|ram_block1a0~porta_datain_reg9   ;
; 6.933 ; 10.000       ; 3.067          ; Low Pulse Width  ; clk   ; Rise       ; altsyncram:hidden_rtl_0|altsyncram_4og1:auto_generated|ram_block1a0~porta_datain_reg9   ;
; 6.933 ; 10.000       ; 3.067          ; High Pulse Width ; clk   ; Rise       ; altsyncram:hidden_rtl_0|altsyncram_4og1:auto_generated|ram_block1a0~porta_memory_reg0   ;
; 6.933 ; 10.000       ; 3.067          ; Low Pulse Width  ; clk   ; Rise       ; altsyncram:hidden_rtl_0|altsyncram_4og1:auto_generated|ram_block1a0~porta_memory_reg0   ;
; 6.933 ; 10.000       ; 3.067          ; High Pulse Width ; clk   ; Rise       ; altsyncram:hidden_rtl_0|altsyncram_4og1:auto_generated|ram_block1a0~porta_we_reg        ;
; 6.933 ; 10.000       ; 3.067          ; Low Pulse Width  ; clk   ; Rise       ; altsyncram:hidden_rtl_0|altsyncram_4og1:auto_generated|ram_block1a0~porta_we_reg        ;
; 6.933 ; 10.000       ; 3.067          ; High Pulse Width ; clk   ; Rise       ; altsyncram:hidden_rtl_0|altsyncram_4og1:auto_generated|ram_block1a0~portb_address_reg0  ;
; 6.933 ; 10.000       ; 3.067          ; Low Pulse Width  ; clk   ; Rise       ; altsyncram:hidden_rtl_0|altsyncram_4og1:auto_generated|ram_block1a0~portb_address_reg0  ;
; 6.933 ; 10.000       ; 3.067          ; High Pulse Width ; clk   ; Rise       ; altsyncram:hidden_rtl_0|altsyncram_4og1:auto_generated|ram_block1a0~portb_address_reg1  ;
; 6.933 ; 10.000       ; 3.067          ; Low Pulse Width  ; clk   ; Rise       ; altsyncram:hidden_rtl_0|altsyncram_4og1:auto_generated|ram_block1a0~portb_address_reg1  ;
; 6.933 ; 10.000       ; 3.067          ; High Pulse Width ; clk   ; Rise       ; altsyncram:hidden_rtl_0|altsyncram_4og1:auto_generated|ram_block1a0~portb_address_reg2  ;
; 6.933 ; 10.000       ; 3.067          ; Low Pulse Width  ; clk   ; Rise       ; altsyncram:hidden_rtl_0|altsyncram_4og1:auto_generated|ram_block1a0~portb_address_reg2  ;
; 6.933 ; 10.000       ; 3.067          ; High Pulse Width ; clk   ; Rise       ; altsyncram:hidden_rtl_0|altsyncram_4og1:auto_generated|ram_block1a0~portb_address_reg3  ;
; 6.933 ; 10.000       ; 3.067          ; Low Pulse Width  ; clk   ; Rise       ; altsyncram:hidden_rtl_0|altsyncram_4og1:auto_generated|ram_block1a0~portb_address_reg3  ;
; 6.933 ; 10.000       ; 3.067          ; High Pulse Width ; clk   ; Rise       ; altsyncram:hidden_rtl_0|altsyncram_4og1:auto_generated|ram_block1a0~portb_address_reg4  ;
; 6.933 ; 10.000       ; 3.067          ; Low Pulse Width  ; clk   ; Rise       ; altsyncram:hidden_rtl_0|altsyncram_4og1:auto_generated|ram_block1a0~portb_address_reg4  ;
; 6.933 ; 10.000       ; 3.067          ; High Pulse Width ; clk   ; Rise       ; altsyncram:hidden_rtl_0|altsyncram_4og1:auto_generated|ram_block1a10~porta_memory_reg0  ;
; 6.933 ; 10.000       ; 3.067          ; Low Pulse Width  ; clk   ; Rise       ; altsyncram:hidden_rtl_0|altsyncram_4og1:auto_generated|ram_block1a10~porta_memory_reg0  ;
; 6.933 ; 10.000       ; 3.067          ; High Pulse Width ; clk   ; Rise       ; altsyncram:hidden_rtl_0|altsyncram_4og1:auto_generated|ram_block1a11~porta_memory_reg0  ;
; 6.933 ; 10.000       ; 3.067          ; Low Pulse Width  ; clk   ; Rise       ; altsyncram:hidden_rtl_0|altsyncram_4og1:auto_generated|ram_block1a11~porta_memory_reg0  ;
; 6.933 ; 10.000       ; 3.067          ; High Pulse Width ; clk   ; Rise       ; altsyncram:hidden_rtl_0|altsyncram_4og1:auto_generated|ram_block1a12~porta_memory_reg0  ;
; 6.933 ; 10.000       ; 3.067          ; Low Pulse Width  ; clk   ; Rise       ; altsyncram:hidden_rtl_0|altsyncram_4og1:auto_generated|ram_block1a12~porta_memory_reg0  ;
; 6.933 ; 10.000       ; 3.067          ; High Pulse Width ; clk   ; Rise       ; altsyncram:hidden_rtl_0|altsyncram_4og1:auto_generated|ram_block1a13~porta_memory_reg0  ;
; 6.933 ; 10.000       ; 3.067          ; Low Pulse Width  ; clk   ; Rise       ; altsyncram:hidden_rtl_0|altsyncram_4og1:auto_generated|ram_block1a13~porta_memory_reg0  ;
; 6.933 ; 10.000       ; 3.067          ; High Pulse Width ; clk   ; Rise       ; altsyncram:hidden_rtl_0|altsyncram_4og1:auto_generated|ram_block1a14~porta_memory_reg0  ;
; 6.933 ; 10.000       ; 3.067          ; Low Pulse Width  ; clk   ; Rise       ; altsyncram:hidden_rtl_0|altsyncram_4og1:auto_generated|ram_block1a14~porta_memory_reg0  ;
; 6.933 ; 10.000       ; 3.067          ; High Pulse Width ; clk   ; Rise       ; altsyncram:hidden_rtl_0|altsyncram_4og1:auto_generated|ram_block1a15~porta_memory_reg0  ;
; 6.933 ; 10.000       ; 3.067          ; Low Pulse Width  ; clk   ; Rise       ; altsyncram:hidden_rtl_0|altsyncram_4og1:auto_generated|ram_block1a15~porta_memory_reg0  ;
; 6.933 ; 10.000       ; 3.067          ; High Pulse Width ; clk   ; Rise       ; altsyncram:hidden_rtl_0|altsyncram_4og1:auto_generated|ram_block1a16~porta_memory_reg0  ;
; 6.933 ; 10.000       ; 3.067          ; Low Pulse Width  ; clk   ; Rise       ; altsyncram:hidden_rtl_0|altsyncram_4og1:auto_generated|ram_block1a16~porta_memory_reg0  ;
; 6.933 ; 10.000       ; 3.067          ; High Pulse Width ; clk   ; Rise       ; altsyncram:hidden_rtl_0|altsyncram_4og1:auto_generated|ram_block1a17~porta_memory_reg0  ;
; 6.933 ; 10.000       ; 3.067          ; Low Pulse Width  ; clk   ; Rise       ; altsyncram:hidden_rtl_0|altsyncram_4og1:auto_generated|ram_block1a17~porta_memory_reg0  ;
; 6.933 ; 10.000       ; 3.067          ; High Pulse Width ; clk   ; Rise       ; altsyncram:hidden_rtl_0|altsyncram_4og1:auto_generated|ram_block1a18~porta_address_reg0 ;
; 6.933 ; 10.000       ; 3.067          ; Low Pulse Width  ; clk   ; Rise       ; altsyncram:hidden_rtl_0|altsyncram_4og1:auto_generated|ram_block1a18~porta_address_reg0 ;
; 6.933 ; 10.000       ; 3.067          ; High Pulse Width ; clk   ; Rise       ; altsyncram:hidden_rtl_0|altsyncram_4og1:auto_generated|ram_block1a18~porta_address_reg1 ;
; 6.933 ; 10.000       ; 3.067          ; Low Pulse Width  ; clk   ; Rise       ; altsyncram:hidden_rtl_0|altsyncram_4og1:auto_generated|ram_block1a18~porta_address_reg1 ;
; 6.933 ; 10.000       ; 3.067          ; High Pulse Width ; clk   ; Rise       ; altsyncram:hidden_rtl_0|altsyncram_4og1:auto_generated|ram_block1a18~porta_address_reg2 ;
; 6.933 ; 10.000       ; 3.067          ; Low Pulse Width  ; clk   ; Rise       ; altsyncram:hidden_rtl_0|altsyncram_4og1:auto_generated|ram_block1a18~porta_address_reg2 ;
+-------+--------------+----------------+------------------+-------+------------+-----------------------------------------------------------------------------------------+


+-------------------------------------------------------------------------------------+
; Setup Times                                                                         ;
+-----------------------+------------+--------+--------+------------+-----------------+
; Data Port             ; Clock Port ; Rise   ; Fall   ; Clock Edge ; Clock Reference ;
+-----------------------+------------+--------+--------+------------+-----------------+
; input_frame_error     ; clk        ; 19.074 ; 19.074 ; Rise       ; clk             ;
; input_frame_last      ; clk        ; 15.549 ; 15.549 ; Rise       ; clk             ;
; input_frame_valid     ; clk        ; 18.098 ; 18.098 ; Rise       ; clk             ;
; input_pixel[*]        ; clk        ; 5.454  ; 5.454  ; Rise       ; clk             ;
;  input_pixel[0]       ; clk        ; 3.464  ; 3.464  ; Rise       ; clk             ;
;  input_pixel[1]       ; clk        ; 4.708  ; 4.708  ; Rise       ; clk             ;
;  input_pixel[2]       ; clk        ; 4.707  ; 4.707  ; Rise       ; clk             ;
;  input_pixel[3]       ; clk        ; 5.454  ; 5.454  ; Rise       ; clk             ;
; input_pixel_index[*]  ; clk        ; 23.556 ; 23.556 ; Rise       ; clk             ;
;  input_pixel_index[0] ; clk        ; 20.734 ; 20.734 ; Rise       ; clk             ;
;  input_pixel_index[1] ; clk        ; 20.545 ; 20.545 ; Rise       ; clk             ;
;  input_pixel_index[2] ; clk        ; 20.648 ; 20.648 ; Rise       ; clk             ;
;  input_pixel_index[3] ; clk        ; 23.556 ; 23.556 ; Rise       ; clk             ;
;  input_pixel_index[4] ; clk        ; 17.621 ; 17.621 ; Rise       ; clk             ;
;  input_pixel_index[5] ; clk        ; 17.215 ; 17.215 ; Rise       ; clk             ;
;  input_pixel_index[6] ; clk        ; 20.424 ; 20.424 ; Rise       ; clk             ;
;  input_pixel_index[7] ; clk        ; 20.656 ; 20.656 ; Rise       ; clk             ;
; reset_n               ; clk        ; 19.146 ; 19.146 ; Rise       ; clk             ;
+-----------------------+------------+--------+--------+------------+-----------------+


+-------------------------------------------------------------------------------------+
; Hold Times                                                                          ;
+-----------------------+------------+--------+--------+------------+-----------------+
; Data Port             ; Clock Port ; Rise   ; Fall   ; Clock Edge ; Clock Reference ;
+-----------------------+------------+--------+--------+------------+-----------------+
; input_frame_error     ; clk        ; 0.112  ; 0.112  ; Rise       ; clk             ;
; input_frame_last      ; clk        ; -2.999 ; -2.999 ; Rise       ; clk             ;
; input_frame_valid     ; clk        ; -0.418 ; -0.418 ; Rise       ; clk             ;
; input_pixel[*]        ; clk        ; -2.997 ; -2.997 ; Rise       ; clk             ;
;  input_pixel[0]       ; clk        ; -2.997 ; -2.997 ; Rise       ; clk             ;
;  input_pixel[1]       ; clk        ; -4.235 ; -4.235 ; Rise       ; clk             ;
;  input_pixel[2]       ; clk        ; -4.233 ; -4.233 ; Rise       ; clk             ;
;  input_pixel[3]       ; clk        ; -4.986 ; -4.986 ; Rise       ; clk             ;
; input_pixel_index[*]  ; clk        ; -1.064 ; -1.064 ; Rise       ; clk             ;
;  input_pixel_index[0] ; clk        ; -3.884 ; -3.884 ; Rise       ; clk             ;
;  input_pixel_index[1] ; clk        ; -4.483 ; -4.483 ; Rise       ; clk             ;
;  input_pixel_index[2] ; clk        ; -4.274 ; -4.274 ; Rise       ; clk             ;
;  input_pixel_index[3] ; clk        ; -7.303 ; -7.303 ; Rise       ; clk             ;
;  input_pixel_index[4] ; clk        ; -1.665 ; -1.665 ; Rise       ; clk             ;
;  input_pixel_index[5] ; clk        ; -1.064 ; -1.064 ; Rise       ; clk             ;
;  input_pixel_index[6] ; clk        ; -4.296 ; -4.296 ; Rise       ; clk             ;
;  input_pixel_index[7] ; clk        ; -4.272 ; -4.272 ; Rise       ; clk             ;
; reset_n               ; clk        ; 0.015  ; 0.015  ; Rise       ; clk             ;
+-----------------------+------------+--------+--------+------------+-----------------+


+-------------------------------------------------------------------------------------+
; Clock to Output Times                                                               ;
+-----------------------+------------+--------+--------+------------+-----------------+
; Data Port             ; Clock Port ; Rise   ; Fall   ; Clock Edge ; Clock Reference ;
+-----------------------+------------+--------+--------+------------+-----------------+
; busy                  ; clk        ; 11.832 ; 11.832 ; Rise       ; clk             ;
; result_accepted       ; clk        ; 8.629  ; 8.629  ; Rise       ; clk             ;
; result_confidence[*]  ; clk        ; 11.482 ; 11.482 ; Rise       ; clk             ;
;  result_confidence[0] ; clk        ; 8.721  ; 8.721  ; Rise       ; clk             ;
;  result_confidence[1] ; clk        ; 8.551  ; 8.551  ; Rise       ; clk             ;
;  result_confidence[2] ; clk        ; 11.482 ; 11.482 ; Rise       ; clk             ;
;  result_confidence[3] ; clk        ; 8.247  ; 8.247  ; Rise       ; clk             ;
;  result_confidence[4] ; clk        ; 7.946  ; 7.946  ; Rise       ; clk             ;
;  result_confidence[5] ; clk        ; 11.033 ; 11.033 ; Rise       ; clk             ;
;  result_confidence[6] ; clk        ; 7.217  ; 7.217  ; Rise       ; clk             ;
;  result_confidence[7] ; clk        ; 8.331  ; 8.331  ; Rise       ; clk             ;
; result_cycles[*]      ; clk        ; 13.051 ; 13.051 ; Rise       ; clk             ;
;  result_cycles[0]     ; clk        ; 9.182  ; 9.182  ; Rise       ; clk             ;
;  result_cycles[1]     ; clk        ; 11.160 ; 11.160 ; Rise       ; clk             ;
;  result_cycles[2]     ; clk        ; 12.038 ; 12.038 ; Rise       ; clk             ;
;  result_cycles[3]     ; clk        ; 9.051  ; 9.051  ; Rise       ; clk             ;
;  result_cycles[4]     ; clk        ; 7.682  ; 7.682  ; Rise       ; clk             ;
;  result_cycles[5]     ; clk        ; 7.243  ; 7.243  ; Rise       ; clk             ;
;  result_cycles[6]     ; clk        ; 7.219  ; 7.219  ; Rise       ; clk             ;
;  result_cycles[7]     ; clk        ; 8.158  ; 8.158  ; Rise       ; clk             ;
;  result_cycles[8]     ; clk        ; 7.234  ; 7.234  ; Rise       ; clk             ;
;  result_cycles[9]     ; clk        ; 7.566  ; 7.566  ; Rise       ; clk             ;
;  result_cycles[10]    ; clk        ; 11.550 ; 11.550 ; Rise       ; clk             ;
;  result_cycles[11]    ; clk        ; 7.253  ; 7.253  ; Rise       ; clk             ;
;  result_cycles[12]    ; clk        ; 8.835  ; 8.835  ; Rise       ; clk             ;
;  result_cycles[13]    ; clk        ; 9.838  ; 9.838  ; Rise       ; clk             ;
;  result_cycles[14]    ; clk        ; 7.744  ; 7.744  ; Rise       ; clk             ;
;  result_cycles[15]    ; clk        ; 13.051 ; 13.051 ; Rise       ; clk             ;
;  result_cycles[16]    ; clk        ; 7.420  ; 7.420  ; Rise       ; clk             ;
;  result_cycles[17]    ; clk        ; 7.750  ; 7.750  ; Rise       ; clk             ;
;  result_cycles[18]    ; clk        ; 7.387  ; 7.387  ; Rise       ; clk             ;
;  result_cycles[19]    ; clk        ; 8.391  ; 8.391  ; Rise       ; clk             ;
;  result_cycles[20]    ; clk        ; 8.234  ; 8.234  ; Rise       ; clk             ;
;  result_cycles[21]    ; clk        ; 7.200  ; 7.200  ; Rise       ; clk             ;
;  result_cycles[22]    ; clk        ; 7.247  ; 7.247  ; Rise       ; clk             ;
;  result_cycles[23]    ; clk        ; 8.763  ; 8.763  ; Rise       ; clk             ;
;  result_cycles[24]    ; clk        ; 7.990  ; 7.990  ; Rise       ; clk             ;
;  result_cycles[25]    ; clk        ; 7.794  ; 7.794  ; Rise       ; clk             ;
;  result_cycles[26]    ; clk        ; 6.817  ; 6.817  ; Rise       ; clk             ;
;  result_cycles[27]    ; clk        ; 7.230  ; 7.230  ; Rise       ; clk             ;
;  result_cycles[28]    ; clk        ; 6.827  ; 6.827  ; Rise       ; clk             ;
;  result_cycles[29]    ; clk        ; 6.776  ; 6.776  ; Rise       ; clk             ;
;  result_cycles[30]    ; clk        ; 7.509  ; 7.509  ; Rise       ; clk             ;
;  result_cycles[31]    ; clk        ; 7.269  ; 7.269  ; Rise       ; clk             ;
; result_digit[*]       ; clk        ; 11.267 ; 11.267 ; Rise       ; clk             ;
;  result_digit[0]      ; clk        ; 10.216 ; 10.216 ; Rise       ; clk             ;
;  result_digit[1]      ; clk        ; 11.267 ; 11.267 ; Rise       ; clk             ;
;  result_digit[2]      ; clk        ; 7.311  ; 7.311  ; Rise       ; clk             ;
;  result_digit[3]      ; clk        ; 7.318  ; 7.318  ; Rise       ; clk             ;
; result_margin[*]      ; clk        ; 11.274 ; 11.274 ; Rise       ; clk             ;
;  result_margin[0]     ; clk        ; 8.001  ; 8.001  ; Rise       ; clk             ;
;  result_margin[1]     ; clk        ; 8.342  ; 8.342  ; Rise       ; clk             ;
;  result_margin[2]     ; clk        ; 8.709  ; 8.709  ; Rise       ; clk             ;
;  result_margin[3]     ; clk        ; 8.319  ; 8.319  ; Rise       ; clk             ;
;  result_margin[4]     ; clk        ; 7.572  ; 7.572  ; Rise       ; clk             ;
;  result_margin[5]     ; clk        ; 7.803  ; 7.803  ; Rise       ; clk             ;
;  result_margin[6]     ; clk        ; 9.017  ; 9.017  ; Rise       ; clk             ;
;  result_margin[7]     ; clk        ; 8.875  ; 8.875  ; Rise       ; clk             ;
;  result_margin[8]     ; clk        ; 11.274 ; 11.274 ; Rise       ; clk             ;
;  result_margin[9]     ; clk        ; 8.708  ; 8.708  ; Rise       ; clk             ;
;  result_margin[10]    ; clk        ; 8.232  ; 8.232  ; Rise       ; clk             ;
;  result_margin[11]    ; clk        ; 9.164  ; 9.164  ; Rise       ; clk             ;
;  result_margin[12]    ; clk        ; 10.542 ; 10.542 ; Rise       ; clk             ;
;  result_margin[13]    ; clk        ; 9.360  ; 9.360  ; Rise       ; clk             ;
;  result_margin[14]    ; clk        ; 10.103 ; 10.103 ; Rise       ; clk             ;
;  result_margin[15]    ; clk        ; 8.948  ; 8.948  ; Rise       ; clk             ;
; result_valid          ; clk        ; 9.066  ; 9.066  ; Rise       ; clk             ;
+-----------------------+------------+--------+--------+------------+-----------------+


+-------------------------------------------------------------------------------------+
; Minimum Clock to Output Times                                                       ;
+-----------------------+------------+--------+--------+------------+-----------------+
; Data Port             ; Clock Port ; Rise   ; Fall   ; Clock Edge ; Clock Reference ;
+-----------------------+------------+--------+--------+------------+-----------------+
; busy                  ; clk        ; 9.264  ; 9.264  ; Rise       ; clk             ;
; result_accepted       ; clk        ; 8.629  ; 8.629  ; Rise       ; clk             ;
; result_confidence[*]  ; clk        ; 7.217  ; 7.217  ; Rise       ; clk             ;
;  result_confidence[0] ; clk        ; 8.721  ; 8.721  ; Rise       ; clk             ;
;  result_confidence[1] ; clk        ; 8.551  ; 8.551  ; Rise       ; clk             ;
;  result_confidence[2] ; clk        ; 11.482 ; 11.482 ; Rise       ; clk             ;
;  result_confidence[3] ; clk        ; 8.247  ; 8.247  ; Rise       ; clk             ;
;  result_confidence[4] ; clk        ; 7.946  ; 7.946  ; Rise       ; clk             ;
;  result_confidence[5] ; clk        ; 11.033 ; 11.033 ; Rise       ; clk             ;
;  result_confidence[6] ; clk        ; 7.217  ; 7.217  ; Rise       ; clk             ;
;  result_confidence[7] ; clk        ; 8.331  ; 8.331  ; Rise       ; clk             ;
; result_cycles[*]      ; clk        ; 6.776  ; 6.776  ; Rise       ; clk             ;
;  result_cycles[0]     ; clk        ; 9.182  ; 9.182  ; Rise       ; clk             ;
;  result_cycles[1]     ; clk        ; 11.160 ; 11.160 ; Rise       ; clk             ;
;  result_cycles[2]     ; clk        ; 12.038 ; 12.038 ; Rise       ; clk             ;
;  result_cycles[3]     ; clk        ; 9.051  ; 9.051  ; Rise       ; clk             ;
;  result_cycles[4]     ; clk        ; 7.682  ; 7.682  ; Rise       ; clk             ;
;  result_cycles[5]     ; clk        ; 7.243  ; 7.243  ; Rise       ; clk             ;
;  result_cycles[6]     ; clk        ; 7.219  ; 7.219  ; Rise       ; clk             ;
;  result_cycles[7]     ; clk        ; 8.158  ; 8.158  ; Rise       ; clk             ;
;  result_cycles[8]     ; clk        ; 7.234  ; 7.234  ; Rise       ; clk             ;
;  result_cycles[9]     ; clk        ; 7.566  ; 7.566  ; Rise       ; clk             ;
;  result_cycles[10]    ; clk        ; 11.550 ; 11.550 ; Rise       ; clk             ;
;  result_cycles[11]    ; clk        ; 7.253  ; 7.253  ; Rise       ; clk             ;
;  result_cycles[12]    ; clk        ; 8.835  ; 8.835  ; Rise       ; clk             ;
;  result_cycles[13]    ; clk        ; 9.838  ; 9.838  ; Rise       ; clk             ;
;  result_cycles[14]    ; clk        ; 7.744  ; 7.744  ; Rise       ; clk             ;
;  result_cycles[15]    ; clk        ; 13.051 ; 13.051 ; Rise       ; clk             ;
;  result_cycles[16]    ; clk        ; 7.420  ; 7.420  ; Rise       ; clk             ;
;  result_cycles[17]    ; clk        ; 7.750  ; 7.750  ; Rise       ; clk             ;
;  result_cycles[18]    ; clk        ; 7.387  ; 7.387  ; Rise       ; clk             ;
;  result_cycles[19]    ; clk        ; 8.391  ; 8.391  ; Rise       ; clk             ;
;  result_cycles[20]    ; clk        ; 8.234  ; 8.234  ; Rise       ; clk             ;
;  result_cycles[21]    ; clk        ; 7.200  ; 7.200  ; Rise       ; clk             ;
;  result_cycles[22]    ; clk        ; 7.247  ; 7.247  ; Rise       ; clk             ;
;  result_cycles[23]    ; clk        ; 8.763  ; 8.763  ; Rise       ; clk             ;
;  result_cycles[24]    ; clk        ; 7.990  ; 7.990  ; Rise       ; clk             ;
;  result_cycles[25]    ; clk        ; 7.794  ; 7.794  ; Rise       ; clk             ;
;  result_cycles[26]    ; clk        ; 6.817  ; 6.817  ; Rise       ; clk             ;
;  result_cycles[27]    ; clk        ; 7.230  ; 7.230  ; Rise       ; clk             ;
;  result_cycles[28]    ; clk        ; 6.827  ; 6.827  ; Rise       ; clk             ;
;  result_cycles[29]    ; clk        ; 6.776  ; 6.776  ; Rise       ; clk             ;
;  result_cycles[30]    ; clk        ; 7.509  ; 7.509  ; Rise       ; clk             ;
;  result_cycles[31]    ; clk        ; 7.269  ; 7.269  ; Rise       ; clk             ;
; result_digit[*]       ; clk        ; 7.311  ; 7.311  ; Rise       ; clk             ;
;  result_digit[0]      ; clk        ; 10.216 ; 10.216 ; Rise       ; clk             ;
;  result_digit[1]      ; clk        ; 11.267 ; 11.267 ; Rise       ; clk             ;
;  result_digit[2]      ; clk        ; 7.311  ; 7.311  ; Rise       ; clk             ;
;  result_digit[3]      ; clk        ; 7.318  ; 7.318  ; Rise       ; clk             ;
; result_margin[*]      ; clk        ; 7.572  ; 7.572  ; Rise       ; clk             ;
;  result_margin[0]     ; clk        ; 8.001  ; 8.001  ; Rise       ; clk             ;
;  result_margin[1]     ; clk        ; 8.342  ; 8.342  ; Rise       ; clk             ;
;  result_margin[2]     ; clk        ; 8.709  ; 8.709  ; Rise       ; clk             ;
;  result_margin[3]     ; clk        ; 8.319  ; 8.319  ; Rise       ; clk             ;
;  result_margin[4]     ; clk        ; 7.572  ; 7.572  ; Rise       ; clk             ;
;  result_margin[5]     ; clk        ; 7.803  ; 7.803  ; Rise       ; clk             ;
;  result_margin[6]     ; clk        ; 9.017  ; 9.017  ; Rise       ; clk             ;
;  result_margin[7]     ; clk        ; 8.875  ; 8.875  ; Rise       ; clk             ;
;  result_margin[8]     ; clk        ; 11.274 ; 11.274 ; Rise       ; clk             ;
;  result_margin[9]     ; clk        ; 8.708  ; 8.708  ; Rise       ; clk             ;
;  result_margin[10]    ; clk        ; 8.232  ; 8.232  ; Rise       ; clk             ;
;  result_margin[11]    ; clk        ; 9.164  ; 9.164  ; Rise       ; clk             ;
;  result_margin[12]    ; clk        ; 10.542 ; 10.542 ; Rise       ; clk             ;
;  result_margin[13]    ; clk        ; 9.360  ; 9.360  ; Rise       ; clk             ;
;  result_margin[14]    ; clk        ; 10.103 ; 10.103 ; Rise       ; clk             ;
;  result_margin[15]    ; clk        ; 8.948  ; 8.948  ; Rise       ; clk             ;
; result_valid          ; clk        ; 9.066  ; 9.066  ; Rise       ; clk             ;
+-----------------------+------------+--------+--------+------------+-----------------+


+---------------------------------+
; Fast Model Setup Summary        ;
+-------+---------+---------------+
; Clock ; Slack   ; End Point TNS ;
+-------+---------+---------------+
; clk   ; -24.538 ; -663.974      ;
+-------+---------+---------------+


+-------------------------------+
; Fast Model Hold Summary       ;
+-------+-------+---------------+
; Clock ; Slack ; End Point TNS ;
+-------+-------+---------------+
; clk   ; 0.215 ; 0.000         ;
+-------+-------+---------------+


-------------------------------
; Fast Model Recovery Summary ;
-------------------------------
No paths to report.


------------------------------
; Fast Model Removal Summary ;
------------------------------
No paths to report.


+----------------------------------------+
; Fast Model Minimum Pulse Width Summary ;
+-------+-------+------------------------+
; Clock ; Slack ; End Point TNS          ;
+-------+-------+------------------------+
; clk   ; 7.873 ; 0.000                  ;
+-------+-------+------------------------+


+-----------------------------------------------------------------------------------------------------------------------+
; Fast Model Setup: 'clk'                                                                                               ;
+---------+--------------+------------------------+--------------+-------------+--------------+------------+------------+
; Slack   ; From Node    ; To Node                ; Launch Clock ; Latch Clock ; Relationship ; Clock Skew ; Data Delay ;
+---------+--------------+------------------------+--------------+-------------+--------------+------------+------------+
; -24.538 ; scores[0][3] ; result_margin[2]~reg0  ; clk          ; clk         ; 20.000       ; 0.024      ; 44.594     ;
; -24.532 ; scores[0][3] ; result_margin[0]~reg0  ; clk          ; clk         ; 20.000       ; 0.024      ; 44.588     ;
; -24.532 ; scores[0][3] ; result_margin[9]~reg0  ; clk          ; clk         ; 20.000       ; 0.024      ; 44.588     ;
; -24.530 ; scores[0][3] ; result_margin[1]~reg0  ; clk          ; clk         ; 20.000       ; 0.024      ; 44.586     ;
; -24.529 ; scores[0][3] ; result_margin[15]~reg0 ; clk          ; clk         ; 20.000       ; 0.023      ; 44.584     ;
; -24.528 ; scores[0][3] ; result_margin[4]~reg0  ; clk          ; clk         ; 20.000       ; 0.024      ; 44.584     ;
; -24.522 ; scores[0][3] ; result_margin[7]~reg0  ; clk          ; clk         ; 20.000       ; 0.024      ; 44.578     ;
; -24.521 ; scores[0][3] ; result_margin[5]~reg0  ; clk          ; clk         ; 20.000       ; 0.023      ; 44.576     ;
; -24.516 ; scores[0][3] ; result_margin[8]~reg0  ; clk          ; clk         ; 20.000       ; 0.023      ; 44.571     ;
; -24.513 ; scores[0][3] ; result_margin[3]~reg0  ; clk          ; clk         ; 20.000       ; 0.024      ; 44.569     ;
; -24.512 ; scores[0][3] ; result_margin[6]~reg0  ; clk          ; clk         ; 20.000       ; 0.024      ; 44.568     ;
; -24.508 ; scores[1][3] ; result_margin[2]~reg0  ; clk          ; clk         ; 20.000       ; 0.024      ; 44.564     ;
; -24.502 ; scores[1][3] ; result_margin[0]~reg0  ; clk          ; clk         ; 20.000       ; 0.024      ; 44.558     ;
; -24.502 ; scores[1][3] ; result_margin[9]~reg0  ; clk          ; clk         ; 20.000       ; 0.024      ; 44.558     ;
; -24.500 ; scores[1][3] ; result_margin[1]~reg0  ; clk          ; clk         ; 20.000       ; 0.024      ; 44.556     ;
; -24.499 ; scores[1][3] ; result_margin[15]~reg0 ; clk          ; clk         ; 20.000       ; 0.023      ; 44.554     ;
; -24.498 ; scores[1][3] ; result_margin[4]~reg0  ; clk          ; clk         ; 20.000       ; 0.024      ; 44.554     ;
; -24.492 ; scores[1][3] ; result_margin[7]~reg0  ; clk          ; clk         ; 20.000       ; 0.024      ; 44.548     ;
; -24.491 ; scores[1][3] ; result_margin[5]~reg0  ; clk          ; clk         ; 20.000       ; 0.023      ; 44.546     ;
; -24.490 ; scores[1][1] ; result_margin[2]~reg0  ; clk          ; clk         ; 20.000       ; 0.017      ; 44.539     ;
; -24.486 ; scores[1][3] ; result_margin[8]~reg0  ; clk          ; clk         ; 20.000       ; 0.023      ; 44.541     ;
; -24.484 ; scores[1][1] ; result_margin[0]~reg0  ; clk          ; clk         ; 20.000       ; 0.017      ; 44.533     ;
; -24.484 ; scores[1][1] ; result_margin[9]~reg0  ; clk          ; clk         ; 20.000       ; 0.017      ; 44.533     ;
; -24.483 ; scores[1][3] ; result_margin[3]~reg0  ; clk          ; clk         ; 20.000       ; 0.024      ; 44.539     ;
; -24.482 ; scores[1][1] ; result_margin[1]~reg0  ; clk          ; clk         ; 20.000       ; 0.017      ; 44.531     ;
; -24.482 ; scores[1][3] ; result_margin[6]~reg0  ; clk          ; clk         ; 20.000       ; 0.024      ; 44.538     ;
; -24.481 ; scores[1][1] ; result_margin[15]~reg0 ; clk          ; clk         ; 20.000       ; 0.016      ; 44.529     ;
; -24.480 ; scores[1][1] ; result_margin[4]~reg0  ; clk          ; clk         ; 20.000       ; 0.017      ; 44.529     ;
; -24.474 ; scores[1][1] ; result_margin[7]~reg0  ; clk          ; clk         ; 20.000       ; 0.017      ; 44.523     ;
; -24.473 ; scores[1][1] ; result_margin[5]~reg0  ; clk          ; clk         ; 20.000       ; 0.016      ; 44.521     ;
; -24.468 ; scores[1][1] ; result_margin[8]~reg0  ; clk          ; clk         ; 20.000       ; 0.016      ; 44.516     ;
; -24.465 ; scores[1][1] ; result_margin[3]~reg0  ; clk          ; clk         ; 20.000       ; 0.017      ; 44.514     ;
; -24.464 ; scores[1][1] ; result_margin[6]~reg0  ; clk          ; clk         ; 20.000       ; 0.017      ; 44.513     ;
; -24.461 ; scores[1][0] ; result_margin[2]~reg0  ; clk          ; clk         ; 20.000       ; 0.016      ; 44.509     ;
; -24.455 ; scores[1][0] ; result_margin[0]~reg0  ; clk          ; clk         ; 20.000       ; 0.016      ; 44.503     ;
; -24.455 ; scores[1][0] ; result_margin[9]~reg0  ; clk          ; clk         ; 20.000       ; 0.016      ; 44.503     ;
; -24.453 ; scores[1][0] ; result_margin[1]~reg0  ; clk          ; clk         ; 20.000       ; 0.016      ; 44.501     ;
; -24.452 ; scores[1][0] ; result_margin[15]~reg0 ; clk          ; clk         ; 20.000       ; 0.015      ; 44.499     ;
; -24.451 ; scores[1][0] ; result_margin[4]~reg0  ; clk          ; clk         ; 20.000       ; 0.016      ; 44.499     ;
; -24.445 ; scores[1][0] ; result_margin[7]~reg0  ; clk          ; clk         ; 20.000       ; 0.016      ; 44.493     ;
; -24.444 ; scores[1][0] ; result_margin[5]~reg0  ; clk          ; clk         ; 20.000       ; 0.015      ; 44.491     ;
; -24.439 ; scores[1][0] ; result_margin[8]~reg0  ; clk          ; clk         ; 20.000       ; 0.015      ; 44.486     ;
; -24.436 ; scores[1][0] ; result_margin[3]~reg0  ; clk          ; clk         ; 20.000       ; 0.016      ; 44.484     ;
; -24.435 ; scores[1][0] ; result_margin[6]~reg0  ; clk          ; clk         ; 20.000       ; 0.016      ; 44.483     ;
; -24.379 ; scores[0][3] ; result_margin[11]~reg0 ; clk          ; clk         ; 20.000       ; 0.016      ; 44.427     ;
; -24.369 ; scores[1][2] ; result_margin[2]~reg0  ; clk          ; clk         ; 20.000       ; 0.015      ; 44.416     ;
; -24.363 ; scores[1][2] ; result_margin[0]~reg0  ; clk          ; clk         ; 20.000       ; 0.015      ; 44.410     ;
; -24.363 ; scores[1][2] ; result_margin[9]~reg0  ; clk          ; clk         ; 20.000       ; 0.015      ; 44.410     ;
; -24.361 ; scores[1][2] ; result_margin[1]~reg0  ; clk          ; clk         ; 20.000       ; 0.015      ; 44.408     ;
; -24.360 ; scores[1][2] ; result_margin[15]~reg0 ; clk          ; clk         ; 20.000       ; 0.014      ; 44.406     ;
; -24.359 ; scores[1][2] ; result_margin[4]~reg0  ; clk          ; clk         ; 20.000       ; 0.015      ; 44.406     ;
; -24.359 ; scores[0][0] ; result_margin[2]~reg0  ; clk          ; clk         ; 20.000       ; 0.016      ; 44.407     ;
; -24.353 ; scores[1][2] ; result_margin[7]~reg0  ; clk          ; clk         ; 20.000       ; 0.015      ; 44.400     ;
; -24.353 ; scores[0][0] ; result_margin[0]~reg0  ; clk          ; clk         ; 20.000       ; 0.016      ; 44.401     ;
; -24.353 ; scores[0][0] ; result_margin[9]~reg0  ; clk          ; clk         ; 20.000       ; 0.016      ; 44.401     ;
; -24.352 ; scores[1][2] ; result_margin[5]~reg0  ; clk          ; clk         ; 20.000       ; 0.014      ; 44.398     ;
; -24.351 ; scores[0][0] ; result_margin[1]~reg0  ; clk          ; clk         ; 20.000       ; 0.016      ; 44.399     ;
; -24.350 ; scores[0][0] ; result_margin[15]~reg0 ; clk          ; clk         ; 20.000       ; 0.015      ; 44.397     ;
; -24.349 ; scores[0][0] ; result_margin[4]~reg0  ; clk          ; clk         ; 20.000       ; 0.016      ; 44.397     ;
; -24.349 ; scores[1][3] ; result_margin[11]~reg0 ; clk          ; clk         ; 20.000       ; 0.016      ; 44.397     ;
; -24.347 ; scores[1][2] ; result_margin[8]~reg0  ; clk          ; clk         ; 20.000       ; 0.014      ; 44.393     ;
; -24.344 ; scores[0][1] ; result_margin[2]~reg0  ; clk          ; clk         ; 20.000       ; 0.017      ; 44.393     ;
; -24.344 ; scores[1][2] ; result_margin[3]~reg0  ; clk          ; clk         ; 20.000       ; 0.015      ; 44.391     ;
; -24.343 ; scores[1][2] ; result_margin[6]~reg0  ; clk          ; clk         ; 20.000       ; 0.015      ; 44.390     ;
; -24.343 ; scores[0][0] ; result_margin[7]~reg0  ; clk          ; clk         ; 20.000       ; 0.016      ; 44.391     ;
; -24.342 ; scores[0][0] ; result_margin[5]~reg0  ; clk          ; clk         ; 20.000       ; 0.015      ; 44.389     ;
; -24.338 ; scores[0][1] ; result_margin[0]~reg0  ; clk          ; clk         ; 20.000       ; 0.017      ; 44.387     ;
; -24.338 ; scores[0][1] ; result_margin[9]~reg0  ; clk          ; clk         ; 20.000       ; 0.017      ; 44.387     ;
; -24.337 ; scores[0][0] ; result_margin[8]~reg0  ; clk          ; clk         ; 20.000       ; 0.015      ; 44.384     ;
; -24.336 ; scores[0][1] ; result_margin[1]~reg0  ; clk          ; clk         ; 20.000       ; 0.017      ; 44.385     ;
; -24.335 ; scores[0][1] ; result_margin[15]~reg0 ; clk          ; clk         ; 20.000       ; 0.016      ; 44.383     ;
; -24.334 ; scores[0][1] ; result_margin[4]~reg0  ; clk          ; clk         ; 20.000       ; 0.017      ; 44.383     ;
; -24.334 ; scores[0][0] ; result_margin[3]~reg0  ; clk          ; clk         ; 20.000       ; 0.016      ; 44.382     ;
; -24.333 ; scores[0][0] ; result_margin[6]~reg0  ; clk          ; clk         ; 20.000       ; 0.016      ; 44.381     ;
; -24.331 ; scores[1][1] ; result_margin[11]~reg0 ; clk          ; clk         ; 20.000       ; 0.009      ; 44.372     ;
; -24.328 ; scores[0][1] ; result_margin[7]~reg0  ; clk          ; clk         ; 20.000       ; 0.017      ; 44.377     ;
; -24.327 ; scores[0][1] ; result_margin[5]~reg0  ; clk          ; clk         ; 20.000       ; 0.016      ; 44.375     ;
; -24.322 ; scores[0][1] ; result_margin[8]~reg0  ; clk          ; clk         ; 20.000       ; 0.016      ; 44.370     ;
; -24.320 ; scores[0][3] ; result_margin[10]~reg0 ; clk          ; clk         ; 20.000       ; 0.016      ; 44.368     ;
; -24.319 ; scores[0][1] ; result_margin[3]~reg0  ; clk          ; clk         ; 20.000       ; 0.017      ; 44.368     ;
; -24.318 ; scores[0][1] ; result_margin[6]~reg0  ; clk          ; clk         ; 20.000       ; 0.017      ; 44.367     ;
; -24.316 ; scores[0][3] ; result_margin[13]~reg0 ; clk          ; clk         ; 20.000       ; 0.016      ; 44.364     ;
; -24.314 ; scores[0][3] ; result_margin[14]~reg0 ; clk          ; clk         ; 20.000       ; 0.016      ; 44.362     ;
; -24.313 ; scores[0][3] ; result_margin[12]~reg0 ; clk          ; clk         ; 20.000       ; 0.016      ; 44.361     ;
; -24.302 ; scores[0][6] ; result_margin[2]~reg0  ; clk          ; clk         ; 20.000       ; 0.004      ; 44.338     ;
; -24.302 ; scores[0][2] ; result_margin[2]~reg0  ; clk          ; clk         ; 20.000       ; 0.015      ; 44.349     ;
; -24.302 ; scores[1][0] ; result_margin[11]~reg0 ; clk          ; clk         ; 20.000       ; 0.008      ; 44.342     ;
; -24.299 ; scores[1][6] ; result_margin[2]~reg0  ; clk          ; clk         ; 20.000       ; 0.004      ; 44.335     ;
; -24.296 ; scores[0][6] ; result_margin[0]~reg0  ; clk          ; clk         ; 20.000       ; 0.004      ; 44.332     ;
; -24.296 ; scores[0][6] ; result_margin[9]~reg0  ; clk          ; clk         ; 20.000       ; 0.004      ; 44.332     ;
; -24.296 ; scores[0][2] ; result_margin[0]~reg0  ; clk          ; clk         ; 20.000       ; 0.015      ; 44.343     ;
; -24.296 ; scores[0][2] ; result_margin[9]~reg0  ; clk          ; clk         ; 20.000       ; 0.015      ; 44.343     ;
; -24.294 ; scores[0][6] ; result_margin[1]~reg0  ; clk          ; clk         ; 20.000       ; 0.004      ; 44.330     ;
; -24.294 ; scores[0][2] ; result_margin[1]~reg0  ; clk          ; clk         ; 20.000       ; 0.015      ; 44.341     ;
; -24.293 ; scores[1][6] ; result_margin[0]~reg0  ; clk          ; clk         ; 20.000       ; 0.004      ; 44.329     ;
; -24.293 ; scores[1][6] ; result_margin[9]~reg0  ; clk          ; clk         ; 20.000       ; 0.004      ; 44.329     ;
; -24.293 ; scores[0][6] ; result_margin[15]~reg0 ; clk          ; clk         ; 20.000       ; 0.003      ; 44.328     ;
; -24.293 ; scores[0][2] ; result_margin[15]~reg0 ; clk          ; clk         ; 20.000       ; 0.014      ; 44.339     ;
; -24.292 ; scores[0][6] ; result_margin[4]~reg0  ; clk          ; clk         ; 20.000       ; 0.004      ; 44.328     ;
; -24.292 ; scores[0][2] ; result_margin[4]~reg0  ; clk          ; clk         ; 20.000       ; 0.015      ; 44.339     ;
+---------+--------------+------------------------+--------------+-------------+--------------+------------+------------+


+-------------------------------------------------------------------------------------------------------------------------------------------------------------------------------------------+
; Fast Model Hold: 'clk'                                                                                                                                                                    ;
+-------+---------------------------+---------------------------------------------------------------------------------+--------------+-------------+--------------+------------+------------+
; Slack ; From Node                 ; To Node                                                                         ; Launch Clock ; Latch Clock ; Relationship ; Clock Skew ; Data Delay ;
+-------+---------------------------+---------------------------------------------------------------------------------+--------------+-------------+--------------+------------+------------+
; 0.215 ; state.IDLE                ; state.IDLE                                                                      ; clk          ; clk         ; 0.000        ; 0.000      ; 0.367      ;
; 0.215 ; state.LOAD                ; state.LOAD                                                                      ; clk          ; clk         ; 0.000        ; 0.000      ; 0.367      ;
; 0.215 ; result_digit[0]~reg0      ; result_digit[0]~reg0                                                            ; clk          ; clk         ; 0.000        ; 0.000      ; 0.367      ;
; 0.215 ; result_digit[1]~reg0      ; result_digit[1]~reg0                                                            ; clk          ; clk         ; 0.000        ; 0.000      ; 0.367      ;
; 0.215 ; result_digit[2]~reg0      ; result_digit[2]~reg0                                                            ; clk          ; clk         ; 0.000        ; 0.000      ; 0.367      ;
; 0.215 ; result_confidence[0]~reg0 ; result_confidence[0]~reg0                                                       ; clk          ; clk         ; 0.000        ; 0.000      ; 0.367      ;
; 0.215 ; result_confidence[1]~reg0 ; result_confidence[1]~reg0                                                       ; clk          ; clk         ; 0.000        ; 0.000      ; 0.367      ;
; 0.215 ; result_confidence[2]~reg0 ; result_confidence[2]~reg0                                                       ; clk          ; clk         ; 0.000        ; 0.000      ; 0.367      ;
; 0.215 ; result_confidence[3]~reg0 ; result_confidence[3]~reg0                                                       ; clk          ; clk         ; 0.000        ; 0.000      ; 0.367      ;
; 0.215 ; result_confidence[4]~reg0 ; result_confidence[4]~reg0                                                       ; clk          ; clk         ; 0.000        ; 0.000      ; 0.367      ;
; 0.215 ; result_confidence[5]~reg0 ; result_confidence[5]~reg0                                                       ; clk          ; clk         ; 0.000        ; 0.000      ; 0.367      ;
; 0.215 ; result_confidence[6]~reg0 ; result_confidence[6]~reg0                                                       ; clk          ; clk         ; 0.000        ; 0.000      ; 0.367      ;
; 0.215 ; result_confidence[7]~reg0 ; result_confidence[7]~reg0                                                       ; clk          ; clk         ; 0.000        ; 0.000      ; 0.367      ;
; 0.243 ; output_n[31]              ; output_n[31]                                                                    ; clk          ; clk         ; 0.000        ; 0.000      ; 0.395      ;
; 0.243 ; cycle_ctr[31]             ; cycle_ctr[31]                                                                   ; clk          ; clk         ; 0.000        ; 0.000      ; 0.395      ;
; 0.246 ; state.H_MAC               ; pixel_idx[12]                                                                   ; clk          ; clk         ; 0.000        ; 0.000      ; 0.398      ;
; 0.316 ; cycle_ctr[24]             ; result_cycles[24]~reg0                                                          ; clk          ; clk         ; 0.000        ; 0.001      ; 0.469      ;
; 0.319 ; state.O_SETUP             ; state.O_MAC                                                                     ; clk          ; clk         ; 0.000        ; 0.000      ; 0.471      ;
; 0.321 ; cycle_ctr[20]             ; result_cycles[20]~reg0                                                          ; clk          ; clk         ; 0.000        ; 0.001      ; 0.474      ;
; 0.322 ; cycle_ctr[28]             ; result_cycles[28]~reg0                                                          ; clk          ; clk         ; 0.000        ; 0.001      ; 0.475      ;
; 0.322 ; cycle_ctr[30]             ; result_cycles[30]~reg0                                                          ; clk          ; clk         ; 0.000        ; 0.001      ; 0.475      ;
; 0.324 ; cycle_ctr[29]             ; result_cycles[29]~reg0                                                          ; clk          ; clk         ; 0.000        ; 0.001      ; 0.477      ;
; 0.325 ; cycle_ctr[27]             ; result_cycles[27]~reg0                                                          ; clk          ; clk         ; 0.000        ; 0.001      ; 0.478      ;
; 0.327 ; cycle_ctr[21]             ; result_cycles[21]~reg0                                                          ; clk          ; clk         ; 0.000        ; 0.001      ; 0.480      ;
; 0.347 ; neuron[2]                 ; hidden_rtl_0_bypass[5]                                                          ; clk          ; clk         ; 0.000        ; 0.000      ; 0.499      ;
; 0.348 ; neuron[3]                 ; hidden_rtl_0_bypass[7]                                                          ; clk          ; clk         ; 0.000        ; 0.000      ; 0.500      ;
; 0.355 ; output_n[0]               ; output_n[0]                                                                     ; clk          ; clk         ; 0.000        ; 0.000      ; 0.507      ;
; 0.355 ; output_n[16]              ; output_n[16]                                                                    ; clk          ; clk         ; 0.000        ; 0.000      ; 0.507      ;
; 0.355 ; cycle_ctr[0]              ; cycle_ctr[0]                                                                    ; clk          ; clk         ; 0.000        ; 0.000      ; 0.507      ;
; 0.355 ; cycle_ctr[16]             ; cycle_ctr[16]                                                                   ; clk          ; clk         ; 0.000        ; 0.000      ; 0.507      ;
; 0.357 ; neuron[1]                 ; hidden_rtl_0_bypass[3]                                                          ; clk          ; clk         ; 0.000        ; 0.000      ; 0.509      ;
; 0.359 ; output_n[1]               ; output_n[1]                                                                     ; clk          ; clk         ; 0.000        ; 0.000      ; 0.511      ;
; 0.359 ; output_n[17]              ; output_n[17]                                                                    ; clk          ; clk         ; 0.000        ; 0.000      ; 0.511      ;
; 0.359 ; cycle_ctr[1]              ; cycle_ctr[1]                                                                    ; clk          ; clk         ; 0.000        ; 0.000      ; 0.511      ;
; 0.359 ; cycle_ctr[17]             ; cycle_ctr[17]                                                                   ; clk          ; clk         ; 0.000        ; 0.000      ; 0.511      ;
; 0.360 ; output_n[2]               ; output_n[2]                                                                     ; clk          ; clk         ; 0.000        ; 0.000      ; 0.512      ;
; 0.360 ; output_n[9]               ; output_n[9]                                                                     ; clk          ; clk         ; 0.000        ; 0.000      ; 0.512      ;
; 0.360 ; output_n[11]              ; output_n[11]                                                                    ; clk          ; clk         ; 0.000        ; 0.000      ; 0.512      ;
; 0.360 ; output_n[18]              ; output_n[18]                                                                    ; clk          ; clk         ; 0.000        ; 0.000      ; 0.512      ;
; 0.360 ; output_n[25]              ; output_n[25]                                                                    ; clk          ; clk         ; 0.000        ; 0.000      ; 0.512      ;
; 0.360 ; output_n[27]              ; output_n[27]                                                                    ; clk          ; clk         ; 0.000        ; 0.000      ; 0.512      ;
; 0.360 ; cycle_ctr[2]              ; cycle_ctr[2]                                                                    ; clk          ; clk         ; 0.000        ; 0.000      ; 0.512      ;
; 0.360 ; cycle_ctr[9]              ; cycle_ctr[9]                                                                    ; clk          ; clk         ; 0.000        ; 0.000      ; 0.512      ;
; 0.360 ; cycle_ctr[11]             ; cycle_ctr[11]                                                                   ; clk          ; clk         ; 0.000        ; 0.000      ; 0.512      ;
; 0.360 ; cycle_ctr[18]             ; cycle_ctr[18]                                                                   ; clk          ; clk         ; 0.000        ; 0.000      ; 0.512      ;
; 0.360 ; cycle_ctr[25]             ; cycle_ctr[25]                                                                   ; clk          ; clk         ; 0.000        ; 0.000      ; 0.512      ;
; 0.360 ; cycle_ctr[27]             ; cycle_ctr[27]                                                                   ; clk          ; clk         ; 0.000        ; 0.000      ; 0.512      ;
; 0.361 ; output_n[4]               ; output_n[4]                                                                     ; clk          ; clk         ; 0.000        ; 0.000      ; 0.513      ;
; 0.361 ; output_n[7]               ; output_n[7]                                                                     ; clk          ; clk         ; 0.000        ; 0.000      ; 0.513      ;
; 0.361 ; output_n[13]              ; output_n[13]                                                                    ; clk          ; clk         ; 0.000        ; 0.000      ; 0.513      ;
; 0.361 ; output_n[14]              ; output_n[14]                                                                    ; clk          ; clk         ; 0.000        ; 0.000      ; 0.513      ;
; 0.361 ; output_n[15]              ; output_n[15]                                                                    ; clk          ; clk         ; 0.000        ; 0.000      ; 0.513      ;
; 0.361 ; output_n[20]              ; output_n[20]                                                                    ; clk          ; clk         ; 0.000        ; 0.000      ; 0.513      ;
; 0.361 ; output_n[23]              ; output_n[23]                                                                    ; clk          ; clk         ; 0.000        ; 0.000      ; 0.513      ;
; 0.361 ; output_n[29]              ; output_n[29]                                                                    ; clk          ; clk         ; 0.000        ; 0.000      ; 0.513      ;
; 0.361 ; output_n[30]              ; output_n[30]                                                                    ; clk          ; clk         ; 0.000        ; 0.000      ; 0.513      ;
; 0.361 ; cycle_ctr[4]              ; cycle_ctr[4]                                                                    ; clk          ; clk         ; 0.000        ; 0.000      ; 0.513      ;
; 0.361 ; cycle_ctr[7]              ; cycle_ctr[7]                                                                    ; clk          ; clk         ; 0.000        ; 0.000      ; 0.513      ;
; 0.361 ; cycle_ctr[13]             ; cycle_ctr[13]                                                                   ; clk          ; clk         ; 0.000        ; 0.000      ; 0.513      ;
; 0.361 ; cycle_ctr[14]             ; cycle_ctr[14]                                                                   ; clk          ; clk         ; 0.000        ; 0.000      ; 0.513      ;
; 0.361 ; cycle_ctr[15]             ; cycle_ctr[15]                                                                   ; clk          ; clk         ; 0.000        ; 0.000      ; 0.513      ;
; 0.361 ; cycle_ctr[20]             ; cycle_ctr[20]                                                                   ; clk          ; clk         ; 0.000        ; 0.000      ; 0.513      ;
; 0.361 ; cycle_ctr[23]             ; cycle_ctr[23]                                                                   ; clk          ; clk         ; 0.000        ; 0.000      ; 0.513      ;
; 0.361 ; cycle_ctr[29]             ; cycle_ctr[29]                                                                   ; clk          ; clk         ; 0.000        ; 0.000      ; 0.513      ;
; 0.361 ; cycle_ctr[30]             ; cycle_ctr[30]                                                                   ; clk          ; clk         ; 0.000        ; 0.000      ; 0.513      ;
; 0.363 ; cycle_ctr[23]             ; result_cycles[23]~reg0                                                          ; clk          ; clk         ; 0.000        ; 0.001      ; 0.516      ;
; 0.371 ; output_n[3]               ; output_n[3]                                                                     ; clk          ; clk         ; 0.000        ; 0.000      ; 0.523      ;
; 0.371 ; output_n[8]               ; output_n[8]                                                                     ; clk          ; clk         ; 0.000        ; 0.000      ; 0.523      ;
; 0.371 ; output_n[10]              ; output_n[10]                                                                    ; clk          ; clk         ; 0.000        ; 0.000      ; 0.523      ;
; 0.371 ; output_n[19]              ; output_n[19]                                                                    ; clk          ; clk         ; 0.000        ; 0.000      ; 0.523      ;
; 0.371 ; output_n[24]              ; output_n[24]                                                                    ; clk          ; clk         ; 0.000        ; 0.000      ; 0.523      ;
; 0.371 ; output_n[26]              ; output_n[26]                                                                    ; clk          ; clk         ; 0.000        ; 0.000      ; 0.523      ;
; 0.371 ; cycle_ctr[3]              ; cycle_ctr[3]                                                                    ; clk          ; clk         ; 0.000        ; 0.000      ; 0.523      ;
; 0.371 ; cycle_ctr[8]              ; cycle_ctr[8]                                                                    ; clk          ; clk         ; 0.000        ; 0.000      ; 0.523      ;
; 0.371 ; cycle_ctr[10]             ; cycle_ctr[10]                                                                   ; clk          ; clk         ; 0.000        ; 0.000      ; 0.523      ;
; 0.371 ; cycle_ctr[19]             ; cycle_ctr[19]                                                                   ; clk          ; clk         ; 0.000        ; 0.000      ; 0.523      ;
; 0.371 ; cycle_ctr[24]             ; cycle_ctr[24]                                                                   ; clk          ; clk         ; 0.000        ; 0.000      ; 0.523      ;
; 0.371 ; cycle_ctr[26]             ; cycle_ctr[26]                                                                   ; clk          ; clk         ; 0.000        ; 0.000      ; 0.523      ;
; 0.372 ; output_n[5]               ; output_n[5]                                                                     ; clk          ; clk         ; 0.000        ; 0.000      ; 0.524      ;
; 0.372 ; output_n[6]               ; output_n[6]                                                                     ; clk          ; clk         ; 0.000        ; 0.000      ; 0.524      ;
; 0.372 ; output_n[12]              ; output_n[12]                                                                    ; clk          ; clk         ; 0.000        ; 0.000      ; 0.524      ;
; 0.372 ; output_n[21]              ; output_n[21]                                                                    ; clk          ; clk         ; 0.000        ; 0.000      ; 0.524      ;
; 0.372 ; output_n[22]              ; output_n[22]                                                                    ; clk          ; clk         ; 0.000        ; 0.000      ; 0.524      ;
; 0.372 ; output_n[28]              ; output_n[28]                                                                    ; clk          ; clk         ; 0.000        ; 0.000      ; 0.524      ;
; 0.372 ; cycle_ctr[5]              ; cycle_ctr[5]                                                                    ; clk          ; clk         ; 0.000        ; 0.000      ; 0.524      ;
; 0.372 ; cycle_ctr[6]              ; cycle_ctr[6]                                                                    ; clk          ; clk         ; 0.000        ; 0.000      ; 0.524      ;
; 0.372 ; cycle_ctr[12]             ; cycle_ctr[12]                                                                   ; clk          ; clk         ; 0.000        ; 0.000      ; 0.524      ;
; 0.372 ; cycle_ctr[21]             ; cycle_ctr[21]                                                                   ; clk          ; clk         ; 0.000        ; 0.000      ; 0.524      ;
; 0.372 ; cycle_ctr[22]             ; cycle_ctr[22]                                                                   ; clk          ; clk         ; 0.000        ; 0.000      ; 0.524      ;
; 0.372 ; cycle_ctr[28]             ; cycle_ctr[28]                                                                   ; clk          ; clk         ; 0.000        ; 0.000      ; 0.524      ;
; 0.375 ; cycle_ctr[22]             ; result_cycles[22]~reg0                                                          ; clk          ; clk         ; 0.000        ; 0.001      ; 0.528      ;
; 0.385 ; cycle_ctr[15]             ; result_cycles[15]~reg0                                                          ; clk          ; clk         ; 0.000        ; 0.000      ; 0.537      ;
; 0.398 ; state.H_SETUP             ; state.H_MAC                                                                     ; clk          ; clk         ; 0.000        ; 0.000      ; 0.550      ;
; 0.398 ; state.O_MAC               ; state.O_SETUP                                                                   ; clk          ; clk         ; 0.000        ; 0.000      ; 0.550      ;
; 0.398 ; cycle_ctr[10]             ; result_cycles[10]~reg0                                                          ; clk          ; clk         ; 0.000        ; 0.000      ; 0.550      ;
; 0.418 ; pixel_idx[0]              ; altsyncram:l1_rom|altsyncram_vqt:auto_generated|ram_block1a8~porta_address_reg0 ; clk          ; clk         ; 0.000        ; 0.063      ; 0.619      ;
; 0.422 ; neuron[0]                 ; hidden_rtl_0_bypass[1]                                                          ; clk          ; clk         ; 0.000        ; 0.000      ; 0.574      ;
; 0.426 ; cycle_ctr[3]              ; result_cycles[3]~reg0                                                           ; clk          ; clk         ; 0.000        ; 0.000      ; 0.578      ;
; 0.442 ; cycle_ctr[18]             ; result_cycles[18]~reg0                                                          ; clk          ; clk         ; 0.000        ; 0.001      ; 0.595      ;
; 0.444 ; cycle_ctr[31]             ; result_cycles[31]~reg0                                                          ; clk          ; clk         ; 0.000        ; 0.001      ; 0.597      ;
+-------+---------------------------+---------------------------------------------------------------------------------+--------------+-------------+--------------+------------+------------+


+-------------------------------------------------------------------------------------------------------------------------------------------------------------------------+
; Fast Model Minimum Pulse Width: 'clk'                                                                                                                                   ;
+-------+--------------+----------------+------------------+-------+------------+-----------------------------------------------------------------------------------------+
; Slack ; Actual Width ; Required Width ; Type             ; Clock ; Clock Edge ; Target                                                                                  ;
+-------+--------------+----------------+------------------+-------+------------+-----------------------------------------------------------------------------------------+
; 7.873 ; 10.000       ; 2.127          ; High Pulse Width ; clk   ; Rise       ; altsyncram:hidden_rtl_0|altsyncram_4og1:auto_generated|ram_block1a0~porta_address_reg0  ;
; 7.873 ; 10.000       ; 2.127          ; Low Pulse Width  ; clk   ; Rise       ; altsyncram:hidden_rtl_0|altsyncram_4og1:auto_generated|ram_block1a0~porta_address_reg0  ;
; 7.873 ; 10.000       ; 2.127          ; High Pulse Width ; clk   ; Rise       ; altsyncram:hidden_rtl_0|altsyncram_4og1:auto_generated|ram_block1a0~porta_address_reg1  ;
; 7.873 ; 10.000       ; 2.127          ; Low Pulse Width  ; clk   ; Rise       ; altsyncram:hidden_rtl_0|altsyncram_4og1:auto_generated|ram_block1a0~porta_address_reg1  ;
; 7.873 ; 10.000       ; 2.127          ; High Pulse Width ; clk   ; Rise       ; altsyncram:hidden_rtl_0|altsyncram_4og1:auto_generated|ram_block1a0~porta_address_reg2  ;
; 7.873 ; 10.000       ; 2.127          ; Low Pulse Width  ; clk   ; Rise       ; altsyncram:hidden_rtl_0|altsyncram_4og1:auto_generated|ram_block1a0~porta_address_reg2  ;
; 7.873 ; 10.000       ; 2.127          ; High Pulse Width ; clk   ; Rise       ; altsyncram:hidden_rtl_0|altsyncram_4og1:auto_generated|ram_block1a0~porta_address_reg3  ;
; 7.873 ; 10.000       ; 2.127          ; Low Pulse Width  ; clk   ; Rise       ; altsyncram:hidden_rtl_0|altsyncram_4og1:auto_generated|ram_block1a0~porta_address_reg3  ;
; 7.873 ; 10.000       ; 2.127          ; High Pulse Width ; clk   ; Rise       ; altsyncram:hidden_rtl_0|altsyncram_4og1:auto_generated|ram_block1a0~porta_address_reg4  ;
; 7.873 ; 10.000       ; 2.127          ; Low Pulse Width  ; clk   ; Rise       ; altsyncram:hidden_rtl_0|altsyncram_4og1:auto_generated|ram_block1a0~porta_address_reg4  ;
; 7.873 ; 10.000       ; 2.127          ; High Pulse Width ; clk   ; Rise       ; altsyncram:hidden_rtl_0|altsyncram_4og1:auto_generated|ram_block1a0~porta_datain_reg0   ;
; 7.873 ; 10.000       ; 2.127          ; Low Pulse Width  ; clk   ; Rise       ; altsyncram:hidden_rtl_0|altsyncram_4og1:auto_generated|ram_block1a0~porta_datain_reg0   ;
; 7.873 ; 10.000       ; 2.127          ; High Pulse Width ; clk   ; Rise       ; altsyncram:hidden_rtl_0|altsyncram_4og1:auto_generated|ram_block1a0~porta_datain_reg1   ;
; 7.873 ; 10.000       ; 2.127          ; Low Pulse Width  ; clk   ; Rise       ; altsyncram:hidden_rtl_0|altsyncram_4og1:auto_generated|ram_block1a0~porta_datain_reg1   ;
; 7.873 ; 10.000       ; 2.127          ; High Pulse Width ; clk   ; Rise       ; altsyncram:hidden_rtl_0|altsyncram_4og1:auto_generated|ram_block1a0~porta_datain_reg10  ;
; 7.873 ; 10.000       ; 2.127          ; Low Pulse Width  ; clk   ; Rise       ; altsyncram:hidden_rtl_0|altsyncram_4og1:auto_generated|ram_block1a0~porta_datain_reg10  ;
; 7.873 ; 10.000       ; 2.127          ; High Pulse Width ; clk   ; Rise       ; altsyncram:hidden_rtl_0|altsyncram_4og1:auto_generated|ram_block1a0~porta_datain_reg11  ;
; 7.873 ; 10.000       ; 2.127          ; Low Pulse Width  ; clk   ; Rise       ; altsyncram:hidden_rtl_0|altsyncram_4og1:auto_generated|ram_block1a0~porta_datain_reg11  ;
; 7.873 ; 10.000       ; 2.127          ; High Pulse Width ; clk   ; Rise       ; altsyncram:hidden_rtl_0|altsyncram_4og1:auto_generated|ram_block1a0~porta_datain_reg12  ;
; 7.873 ; 10.000       ; 2.127          ; Low Pulse Width  ; clk   ; Rise       ; altsyncram:hidden_rtl_0|altsyncram_4og1:auto_generated|ram_block1a0~porta_datain_reg12  ;
; 7.873 ; 10.000       ; 2.127          ; High Pulse Width ; clk   ; Rise       ; altsyncram:hidden_rtl_0|altsyncram_4og1:auto_generated|ram_block1a0~porta_datain_reg13  ;
; 7.873 ; 10.000       ; 2.127          ; Low Pulse Width  ; clk   ; Rise       ; altsyncram:hidden_rtl_0|altsyncram_4og1:auto_generated|ram_block1a0~porta_datain_reg13  ;
; 7.873 ; 10.000       ; 2.127          ; High Pulse Width ; clk   ; Rise       ; altsyncram:hidden_rtl_0|altsyncram_4og1:auto_generated|ram_block1a0~porta_datain_reg14  ;
; 7.873 ; 10.000       ; 2.127          ; Low Pulse Width  ; clk   ; Rise       ; altsyncram:hidden_rtl_0|altsyncram_4og1:auto_generated|ram_block1a0~porta_datain_reg14  ;
; 7.873 ; 10.000       ; 2.127          ; High Pulse Width ; clk   ; Rise       ; altsyncram:hidden_rtl_0|altsyncram_4og1:auto_generated|ram_block1a0~porta_datain_reg15  ;
; 7.873 ; 10.000       ; 2.127          ; Low Pulse Width  ; clk   ; Rise       ; altsyncram:hidden_rtl_0|altsyncram_4og1:auto_generated|ram_block1a0~porta_datain_reg15  ;
; 7.873 ; 10.000       ; 2.127          ; High Pulse Width ; clk   ; Rise       ; altsyncram:hidden_rtl_0|altsyncram_4og1:auto_generated|ram_block1a0~porta_datain_reg16  ;
; 7.873 ; 10.000       ; 2.127          ; Low Pulse Width  ; clk   ; Rise       ; altsyncram:hidden_rtl_0|altsyncram_4og1:auto_generated|ram_block1a0~porta_datain_reg16  ;
; 7.873 ; 10.000       ; 2.127          ; High Pulse Width ; clk   ; Rise       ; altsyncram:hidden_rtl_0|altsyncram_4og1:auto_generated|ram_block1a0~porta_datain_reg17  ;
; 7.873 ; 10.000       ; 2.127          ; Low Pulse Width  ; clk   ; Rise       ; altsyncram:hidden_rtl_0|altsyncram_4og1:auto_generated|ram_block1a0~porta_datain_reg17  ;
; 7.873 ; 10.000       ; 2.127          ; High Pulse Width ; clk   ; Rise       ; altsyncram:hidden_rtl_0|altsyncram_4og1:auto_generated|ram_block1a0~porta_datain_reg18  ;
; 7.873 ; 10.000       ; 2.127          ; Low Pulse Width  ; clk   ; Rise       ; altsyncram:hidden_rtl_0|altsyncram_4og1:auto_generated|ram_block1a0~porta_datain_reg18  ;
; 7.873 ; 10.000       ; 2.127          ; High Pulse Width ; clk   ; Rise       ; altsyncram:hidden_rtl_0|altsyncram_4og1:auto_generated|ram_block1a0~porta_datain_reg19  ;
; 7.873 ; 10.000       ; 2.127          ; Low Pulse Width  ; clk   ; Rise       ; altsyncram:hidden_rtl_0|altsyncram_4og1:auto_generated|ram_block1a0~porta_datain_reg19  ;
; 7.873 ; 10.000       ; 2.127          ; High Pulse Width ; clk   ; Rise       ; altsyncram:hidden_rtl_0|altsyncram_4og1:auto_generated|ram_block1a0~porta_datain_reg2   ;
; 7.873 ; 10.000       ; 2.127          ; Low Pulse Width  ; clk   ; Rise       ; altsyncram:hidden_rtl_0|altsyncram_4og1:auto_generated|ram_block1a0~porta_datain_reg2   ;
; 7.873 ; 10.000       ; 2.127          ; High Pulse Width ; clk   ; Rise       ; altsyncram:hidden_rtl_0|altsyncram_4og1:auto_generated|ram_block1a0~porta_datain_reg20  ;
; 7.873 ; 10.000       ; 2.127          ; Low Pulse Width  ; clk   ; Rise       ; altsyncram:hidden_rtl_0|altsyncram_4og1:auto_generated|ram_block1a0~porta_datain_reg20  ;
; 7.873 ; 10.000       ; 2.127          ; High Pulse Width ; clk   ; Rise       ; altsyncram:hidden_rtl_0|altsyncram_4og1:auto_generated|ram_block1a0~porta_datain_reg21  ;
; 7.873 ; 10.000       ; 2.127          ; Low Pulse Width  ; clk   ; Rise       ; altsyncram:hidden_rtl_0|altsyncram_4og1:auto_generated|ram_block1a0~porta_datain_reg21  ;
; 7.873 ; 10.000       ; 2.127          ; High Pulse Width ; clk   ; Rise       ; altsyncram:hidden_rtl_0|altsyncram_4og1:auto_generated|ram_block1a0~porta_datain_reg22  ;
; 7.873 ; 10.000       ; 2.127          ; Low Pulse Width  ; clk   ; Rise       ; altsyncram:hidden_rtl_0|altsyncram_4og1:auto_generated|ram_block1a0~porta_datain_reg22  ;
; 7.873 ; 10.000       ; 2.127          ; High Pulse Width ; clk   ; Rise       ; altsyncram:hidden_rtl_0|altsyncram_4og1:auto_generated|ram_block1a0~porta_datain_reg23  ;
; 7.873 ; 10.000       ; 2.127          ; Low Pulse Width  ; clk   ; Rise       ; altsyncram:hidden_rtl_0|altsyncram_4og1:auto_generated|ram_block1a0~porta_datain_reg23  ;
; 7.873 ; 10.000       ; 2.127          ; High Pulse Width ; clk   ; Rise       ; altsyncram:hidden_rtl_0|altsyncram_4og1:auto_generated|ram_block1a0~porta_datain_reg24  ;
; 7.873 ; 10.000       ; 2.127          ; Low Pulse Width  ; clk   ; Rise       ; altsyncram:hidden_rtl_0|altsyncram_4og1:auto_generated|ram_block1a0~porta_datain_reg24  ;
; 7.873 ; 10.000       ; 2.127          ; High Pulse Width ; clk   ; Rise       ; altsyncram:hidden_rtl_0|altsyncram_4og1:auto_generated|ram_block1a0~porta_datain_reg25  ;
; 7.873 ; 10.000       ; 2.127          ; Low Pulse Width  ; clk   ; Rise       ; altsyncram:hidden_rtl_0|altsyncram_4og1:auto_generated|ram_block1a0~porta_datain_reg25  ;
; 7.873 ; 10.000       ; 2.127          ; High Pulse Width ; clk   ; Rise       ; altsyncram:hidden_rtl_0|altsyncram_4og1:auto_generated|ram_block1a0~porta_datain_reg26  ;
; 7.873 ; 10.000       ; 2.127          ; Low Pulse Width  ; clk   ; Rise       ; altsyncram:hidden_rtl_0|altsyncram_4og1:auto_generated|ram_block1a0~porta_datain_reg26  ;
; 7.873 ; 10.000       ; 2.127          ; High Pulse Width ; clk   ; Rise       ; altsyncram:hidden_rtl_0|altsyncram_4og1:auto_generated|ram_block1a0~porta_datain_reg3   ;
; 7.873 ; 10.000       ; 2.127          ; Low Pulse Width  ; clk   ; Rise       ; altsyncram:hidden_rtl_0|altsyncram_4og1:auto_generated|ram_block1a0~porta_datain_reg3   ;
; 7.873 ; 10.000       ; 2.127          ; High Pulse Width ; clk   ; Rise       ; altsyncram:hidden_rtl_0|altsyncram_4og1:auto_generated|ram_block1a0~porta_datain_reg4   ;
; 7.873 ; 10.000       ; 2.127          ; Low Pulse Width  ; clk   ; Rise       ; altsyncram:hidden_rtl_0|altsyncram_4og1:auto_generated|ram_block1a0~porta_datain_reg4   ;
; 7.873 ; 10.000       ; 2.127          ; High Pulse Width ; clk   ; Rise       ; altsyncram:hidden_rtl_0|altsyncram_4og1:auto_generated|ram_block1a0~porta_datain_reg5   ;
; 7.873 ; 10.000       ; 2.127          ; Low Pulse Width  ; clk   ; Rise       ; altsyncram:hidden_rtl_0|altsyncram_4og1:auto_generated|ram_block1a0~porta_datain_reg5   ;
; 7.873 ; 10.000       ; 2.127          ; High Pulse Width ; clk   ; Rise       ; altsyncram:hidden_rtl_0|altsyncram_4og1:auto_generated|ram_block1a0~porta_datain_reg6   ;
; 7.873 ; 10.000       ; 2.127          ; Low Pulse Width  ; clk   ; Rise       ; altsyncram:hidden_rtl_0|altsyncram_4og1:auto_generated|ram_block1a0~porta_datain_reg6   ;
; 7.873 ; 10.000       ; 2.127          ; High Pulse Width ; clk   ; Rise       ; altsyncram:hidden_rtl_0|altsyncram_4og1:auto_generated|ram_block1a0~porta_datain_reg7   ;
; 7.873 ; 10.000       ; 2.127          ; Low Pulse Width  ; clk   ; Rise       ; altsyncram:hidden_rtl_0|altsyncram_4og1:auto_generated|ram_block1a0~porta_datain_reg7   ;
; 7.873 ; 10.000       ; 2.127          ; High Pulse Width ; clk   ; Rise       ; altsyncram:hidden_rtl_0|altsyncram_4og1:auto_generated|ram_block1a0~porta_datain_reg8   ;
; 7.873 ; 10.000       ; 2.127          ; Low Pulse Width  ; clk   ; Rise       ; altsyncram:hidden_rtl_0|altsyncram_4og1:auto_generated|ram_block1a0~porta_datain_reg8   ;
; 7.873 ; 10.000       ; 2.127          ; High Pulse Width ; clk   ; Rise       ; altsyncram:hidden_rtl_0|altsyncram_4og1:auto_generated|ram_block1a0~porta_datain_reg9   ;
; 7.873 ; 10.000       ; 2.127          ; Low Pulse Width  ; clk   ; Rise       ; altsyncram:hidden_rtl_0|altsyncram_4og1:auto_generated|ram_block1a0~porta_datain_reg9   ;
; 7.873 ; 10.000       ; 2.127          ; High Pulse Width ; clk   ; Rise       ; altsyncram:hidden_rtl_0|altsyncram_4og1:auto_generated|ram_block1a0~porta_memory_reg0   ;
; 7.873 ; 10.000       ; 2.127          ; Low Pulse Width  ; clk   ; Rise       ; altsyncram:hidden_rtl_0|altsyncram_4og1:auto_generated|ram_block1a0~porta_memory_reg0   ;
; 7.873 ; 10.000       ; 2.127          ; High Pulse Width ; clk   ; Rise       ; altsyncram:hidden_rtl_0|altsyncram_4og1:auto_generated|ram_block1a0~porta_we_reg        ;
; 7.873 ; 10.000       ; 2.127          ; Low Pulse Width  ; clk   ; Rise       ; altsyncram:hidden_rtl_0|altsyncram_4og1:auto_generated|ram_block1a0~porta_we_reg        ;
; 7.873 ; 10.000       ; 2.127          ; High Pulse Width ; clk   ; Rise       ; altsyncram:hidden_rtl_0|altsyncram_4og1:auto_generated|ram_block1a0~portb_address_reg0  ;
; 7.873 ; 10.000       ; 2.127          ; Low Pulse Width  ; clk   ; Rise       ; altsyncram:hidden_rtl_0|altsyncram_4og1:auto_generated|ram_block1a0~portb_address_reg0  ;
; 7.873 ; 10.000       ; 2.127          ; High Pulse Width ; clk   ; Rise       ; altsyncram:hidden_rtl_0|altsyncram_4og1:auto_generated|ram_block1a0~portb_address_reg1  ;
; 7.873 ; 10.000       ; 2.127          ; Low Pulse Width  ; clk   ; Rise       ; altsyncram:hidden_rtl_0|altsyncram_4og1:auto_generated|ram_block1a0~portb_address_reg1  ;
; 7.873 ; 10.000       ; 2.127          ; High Pulse Width ; clk   ; Rise       ; altsyncram:hidden_rtl_0|altsyncram_4og1:auto_generated|ram_block1a0~portb_address_reg2  ;
; 7.873 ; 10.000       ; 2.127          ; Low Pulse Width  ; clk   ; Rise       ; altsyncram:hidden_rtl_0|altsyncram_4og1:auto_generated|ram_block1a0~portb_address_reg2  ;
; 7.873 ; 10.000       ; 2.127          ; High Pulse Width ; clk   ; Rise       ; altsyncram:hidden_rtl_0|altsyncram_4og1:auto_generated|ram_block1a0~portb_address_reg3  ;
; 7.873 ; 10.000       ; 2.127          ; Low Pulse Width  ; clk   ; Rise       ; altsyncram:hidden_rtl_0|altsyncram_4og1:auto_generated|ram_block1a0~portb_address_reg3  ;
; 7.873 ; 10.000       ; 2.127          ; High Pulse Width ; clk   ; Rise       ; altsyncram:hidden_rtl_0|altsyncram_4og1:auto_generated|ram_block1a0~portb_address_reg4  ;
; 7.873 ; 10.000       ; 2.127          ; Low Pulse Width  ; clk   ; Rise       ; altsyncram:hidden_rtl_0|altsyncram_4og1:auto_generated|ram_block1a0~portb_address_reg4  ;
; 7.873 ; 10.000       ; 2.127          ; High Pulse Width ; clk   ; Rise       ; altsyncram:hidden_rtl_0|altsyncram_4og1:auto_generated|ram_block1a10~porta_memory_reg0  ;
; 7.873 ; 10.000       ; 2.127          ; Low Pulse Width  ; clk   ; Rise       ; altsyncram:hidden_rtl_0|altsyncram_4og1:auto_generated|ram_block1a10~porta_memory_reg0  ;
; 7.873 ; 10.000       ; 2.127          ; High Pulse Width ; clk   ; Rise       ; altsyncram:hidden_rtl_0|altsyncram_4og1:auto_generated|ram_block1a11~porta_memory_reg0  ;
; 7.873 ; 10.000       ; 2.127          ; Low Pulse Width  ; clk   ; Rise       ; altsyncram:hidden_rtl_0|altsyncram_4og1:auto_generated|ram_block1a11~porta_memory_reg0  ;
; 7.873 ; 10.000       ; 2.127          ; High Pulse Width ; clk   ; Rise       ; altsyncram:hidden_rtl_0|altsyncram_4og1:auto_generated|ram_block1a12~porta_memory_reg0  ;
; 7.873 ; 10.000       ; 2.127          ; Low Pulse Width  ; clk   ; Rise       ; altsyncram:hidden_rtl_0|altsyncram_4og1:auto_generated|ram_block1a12~porta_memory_reg0  ;
; 7.873 ; 10.000       ; 2.127          ; High Pulse Width ; clk   ; Rise       ; altsyncram:hidden_rtl_0|altsyncram_4og1:auto_generated|ram_block1a13~porta_memory_reg0  ;
; 7.873 ; 10.000       ; 2.127          ; Low Pulse Width  ; clk   ; Rise       ; altsyncram:hidden_rtl_0|altsyncram_4og1:auto_generated|ram_block1a13~porta_memory_reg0  ;
; 7.873 ; 10.000       ; 2.127          ; High Pulse Width ; clk   ; Rise       ; altsyncram:hidden_rtl_0|altsyncram_4og1:auto_generated|ram_block1a14~porta_memory_reg0  ;
; 7.873 ; 10.000       ; 2.127          ; Low Pulse Width  ; clk   ; Rise       ; altsyncram:hidden_rtl_0|altsyncram_4og1:auto_generated|ram_block1a14~porta_memory_reg0  ;
; 7.873 ; 10.000       ; 2.127          ; High Pulse Width ; clk   ; Rise       ; altsyncram:hidden_rtl_0|altsyncram_4og1:auto_generated|ram_block1a15~porta_memory_reg0  ;
; 7.873 ; 10.000       ; 2.127          ; Low Pulse Width  ; clk   ; Rise       ; altsyncram:hidden_rtl_0|altsyncram_4og1:auto_generated|ram_block1a15~porta_memory_reg0  ;
; 7.873 ; 10.000       ; 2.127          ; High Pulse Width ; clk   ; Rise       ; altsyncram:hidden_rtl_0|altsyncram_4og1:auto_generated|ram_block1a16~porta_memory_reg0  ;
; 7.873 ; 10.000       ; 2.127          ; Low Pulse Width  ; clk   ; Rise       ; altsyncram:hidden_rtl_0|altsyncram_4og1:auto_generated|ram_block1a16~porta_memory_reg0  ;
; 7.873 ; 10.000       ; 2.127          ; High Pulse Width ; clk   ; Rise       ; altsyncram:hidden_rtl_0|altsyncram_4og1:auto_generated|ram_block1a17~porta_memory_reg0  ;
; 7.873 ; 10.000       ; 2.127          ; Low Pulse Width  ; clk   ; Rise       ; altsyncram:hidden_rtl_0|altsyncram_4og1:auto_generated|ram_block1a17~porta_memory_reg0  ;
; 7.873 ; 10.000       ; 2.127          ; High Pulse Width ; clk   ; Rise       ; altsyncram:hidden_rtl_0|altsyncram_4og1:auto_generated|ram_block1a18~porta_address_reg0 ;
; 7.873 ; 10.000       ; 2.127          ; Low Pulse Width  ; clk   ; Rise       ; altsyncram:hidden_rtl_0|altsyncram_4og1:auto_generated|ram_block1a18~porta_address_reg0 ;
; 7.873 ; 10.000       ; 2.127          ; High Pulse Width ; clk   ; Rise       ; altsyncram:hidden_rtl_0|altsyncram_4og1:auto_generated|ram_block1a18~porta_address_reg1 ;
; 7.873 ; 10.000       ; 2.127          ; Low Pulse Width  ; clk   ; Rise       ; altsyncram:hidden_rtl_0|altsyncram_4og1:auto_generated|ram_block1a18~porta_address_reg1 ;
; 7.873 ; 10.000       ; 2.127          ; High Pulse Width ; clk   ; Rise       ; altsyncram:hidden_rtl_0|altsyncram_4og1:auto_generated|ram_block1a18~porta_address_reg2 ;
; 7.873 ; 10.000       ; 2.127          ; Low Pulse Width  ; clk   ; Rise       ; altsyncram:hidden_rtl_0|altsyncram_4og1:auto_generated|ram_block1a18~porta_address_reg2 ;
+-------+--------------+----------------+------------------+-------+------------+-----------------------------------------------------------------------------------------+


+-----------------------------------------------------------------------------------+
; Setup Times                                                                       ;
+-----------------------+------------+-------+-------+------------+-----------------+
; Data Port             ; Clock Port ; Rise  ; Fall  ; Clock Edge ; Clock Reference ;
+-----------------------+------------+-------+-------+------------+-----------------+
; input_frame_error     ; clk        ; 5.689 ; 5.689 ; Rise       ; clk             ;
; input_frame_last      ; clk        ; 4.468 ; 4.468 ; Rise       ; clk             ;
; input_frame_valid     ; clk        ; 5.339 ; 5.339 ; Rise       ; clk             ;
; input_pixel[*]        ; clk        ; 2.468 ; 2.468 ; Rise       ; clk             ;
;  input_pixel[0]       ; clk        ; 0.776 ; 0.776 ; Rise       ; clk             ;
;  input_pixel[1]       ; clk        ; 2.126 ; 2.126 ; Rise       ; clk             ;
;  input_pixel[2]       ; clk        ; 2.129 ; 2.129 ; Rise       ; clk             ;
;  input_pixel[3]       ; clk        ; 2.468 ; 2.468 ; Rise       ; clk             ;
; input_pixel_index[*]  ; clk        ; 7.952 ; 7.952 ; Rise       ; clk             ;
;  input_pixel_index[0] ; clk        ; 7.080 ; 7.080 ; Rise       ; clk             ;
;  input_pixel_index[1] ; clk        ; 7.103 ; 7.103 ; Rise       ; clk             ;
;  input_pixel_index[2] ; clk        ; 7.064 ; 7.064 ; Rise       ; clk             ;
;  input_pixel_index[3] ; clk        ; 7.952 ; 7.952 ; Rise       ; clk             ;
;  input_pixel_index[4] ; clk        ; 5.152 ; 5.152 ; Rise       ; clk             ;
;  input_pixel_index[5] ; clk        ; 5.075 ; 5.075 ; Rise       ; clk             ;
;  input_pixel_index[6] ; clk        ; 7.022 ; 7.022 ; Rise       ; clk             ;
;  input_pixel_index[7] ; clk        ; 7.051 ; 7.051 ; Rise       ; clk             ;
; reset_n               ; clk        ; 5.914 ; 5.914 ; Rise       ; clk             ;
+-----------------------+------------+-------+-------+------------+-----------------+


+-------------------------------------------------------------------------------------+
; Hold Times                                                                          ;
+-----------------------+------------+--------+--------+------------+-----------------+
; Data Port             ; Clock Port ; Rise   ; Fall   ; Clock Edge ; Clock Reference ;
+-----------------------+------------+--------+--------+------------+-----------------+
; input_frame_error     ; clk        ; 0.437  ; 0.437  ; Rise       ; clk             ;
; input_frame_last      ; clk        ; -0.486 ; -0.486 ; Rise       ; clk             ;
; input_frame_valid     ; clk        ; 0.210  ; 0.210  ; Rise       ; clk             ;
; input_pixel[*]        ; clk        ; -0.630 ; -0.630 ; Rise       ; clk             ;
;  input_pixel[0]       ; clk        ; -0.630 ; -0.630 ; Rise       ; clk             ;
;  input_pixel[1]       ; clk        ; -1.880 ; -1.880 ; Rise       ; clk             ;
;  input_pixel[2]       ; clk        ; -1.876 ; -1.876 ; Rise       ; clk             ;
;  input_pixel[3]       ; clk        ; -2.220 ; -2.220 ; Rise       ; clk             ;
; input_pixel_index[*]  ; clk        ; -0.022 ; -0.022 ; Rise       ; clk             ;
;  input_pixel_index[0] ; clk        ; -1.777 ; -1.777 ; Rise       ; clk             ;
;  input_pixel_index[1] ; clk        ; -2.063 ; -2.063 ; Rise       ; clk             ;
;  input_pixel_index[2] ; clk        ; -1.897 ; -1.897 ; Rise       ; clk             ;
;  input_pixel_index[3] ; clk        ; -2.856 ; -2.856 ; Rise       ; clk             ;
;  input_pixel_index[4] ; clk        ; -0.128 ; -0.128 ; Rise       ; clk             ;
;  input_pixel_index[5] ; clk        ; -0.022 ; -0.022 ; Rise       ; clk             ;
;  input_pixel_index[6] ; clk        ; -1.918 ; -1.918 ; Rise       ; clk             ;
;  input_pixel_index[7] ; clk        ; -1.901 ; -1.901 ; Rise       ; clk             ;
; reset_n               ; clk        ; 0.397  ; 0.397  ; Rise       ; clk             ;
+-----------------------+------------+--------+--------+------------+-----------------+


+-----------------------------------------------------------------------------------+
; Clock to Output Times                                                             ;
+-----------------------+------------+-------+-------+------------+-----------------+
; Data Port             ; Clock Port ; Rise  ; Fall  ; Clock Edge ; Clock Reference ;
+-----------------------+------------+-------+-------+------------+-----------------+
; busy                  ; clk        ; 4.942 ; 4.942 ; Rise       ; clk             ;
; result_accepted       ; clk        ; 3.916 ; 3.916 ; Rise       ; clk             ;
; result_confidence[*]  ; clk        ; 4.830 ; 4.830 ; Rise       ; clk             ;
;  result_confidence[0] ; clk        ; 3.969 ; 3.969 ; Rise       ; clk             ;
;  result_confidence[1] ; clk        ; 3.864 ; 3.864 ; Rise       ; clk             ;
;  result_confidence[2] ; clk        ; 4.830 ; 4.830 ; Rise       ; clk             ;
;  result_confidence[3] ; clk        ; 3.686 ; 3.686 ; Rise       ; clk             ;
;  result_confidence[4] ; clk        ; 3.654 ; 3.654 ; Rise       ; clk             ;
;  result_confidence[5] ; clk        ; 4.727 ; 4.727 ; Rise       ; clk             ;
;  result_confidence[6] ; clk        ; 3.433 ; 3.433 ; Rise       ; clk             ;
;  result_confidence[7] ; clk        ; 3.773 ; 3.773 ; Rise       ; clk             ;
; result_cycles[*]      ; clk        ; 5.235 ; 5.235 ; Rise       ; clk             ;
;  result_cycles[0]     ; clk        ; 4.116 ; 4.116 ; Rise       ; clk             ;
;  result_cycles[1]     ; clk        ; 4.771 ; 4.771 ; Rise       ; clk             ;
;  result_cycles[2]     ; clk        ; 5.003 ; 5.003 ; Rise       ; clk             ;
;  result_cycles[3]     ; clk        ; 4.081 ; 4.081 ; Rise       ; clk             ;
;  result_cycles[4]     ; clk        ; 3.570 ; 3.570 ; Rise       ; clk             ;
;  result_cycles[5]     ; clk        ; 3.404 ; 3.404 ; Rise       ; clk             ;
;  result_cycles[6]     ; clk        ; 3.376 ; 3.376 ; Rise       ; clk             ;
;  result_cycles[7]     ; clk        ; 3.778 ; 3.778 ; Rise       ; clk             ;
;  result_cycles[8]     ; clk        ; 3.400 ; 3.400 ; Rise       ; clk             ;
;  result_cycles[9]     ; clk        ; 3.497 ; 3.497 ; Rise       ; clk             ;
;  result_cycles[10]    ; clk        ; 4.823 ; 4.823 ; Rise       ; clk             ;
;  result_cycles[11]    ; clk        ; 3.404 ; 3.404 ; Rise       ; clk             ;
;  result_cycles[12]    ; clk        ; 3.965 ; 3.965 ; Rise       ; clk             ;
;  result_cycles[13]    ; clk        ; 4.366 ; 4.366 ; Rise       ; clk             ;
;  result_cycles[14]    ; clk        ; 3.640 ; 3.640 ; Rise       ; clk             ;
;  result_cycles[15]    ; clk        ; 5.235 ; 5.235 ; Rise       ; clk             ;
;  result_cycles[16]    ; clk        ; 3.522 ; 3.522 ; Rise       ; clk             ;
;  result_cycles[17]    ; clk        ; 3.644 ; 3.644 ; Rise       ; clk             ;
;  result_cycles[18]    ; clk        ; 3.504 ; 3.504 ; Rise       ; clk             ;
;  result_cycles[19]    ; clk        ; 3.770 ; 3.770 ; Rise       ; clk             ;
;  result_cycles[20]    ; clk        ; 3.784 ; 3.784 ; Rise       ; clk             ;
;  result_cycles[21]    ; clk        ; 3.373 ; 3.373 ; Rise       ; clk             ;
;  result_cycles[22]    ; clk        ; 3.399 ; 3.399 ; Rise       ; clk             ;
;  result_cycles[23]    ; clk        ; 3.958 ; 3.958 ; Rise       ; clk             ;
;  result_cycles[24]    ; clk        ; 3.649 ; 3.649 ; Rise       ; clk             ;
;  result_cycles[25]    ; clk        ; 3.676 ; 3.676 ; Rise       ; clk             ;
;  result_cycles[26]    ; clk        ; 3.251 ; 3.251 ; Rise       ; clk             ;
;  result_cycles[27]    ; clk        ; 3.396 ; 3.396 ; Rise       ; clk             ;
;  result_cycles[28]    ; clk        ; 3.259 ; 3.259 ; Rise       ; clk             ;
;  result_cycles[29]    ; clk        ; 3.226 ; 3.226 ; Rise       ; clk             ;
;  result_cycles[30]    ; clk        ; 3.452 ; 3.452 ; Rise       ; clk             ;
;  result_cycles[31]    ; clk        ; 3.416 ; 3.416 ; Rise       ; clk             ;
; result_digit[*]       ; clk        ; 4.625 ; 4.625 ; Rise       ; clk             ;
;  result_digit[0]      ; clk        ; 4.447 ; 4.447 ; Rise       ; clk             ;
;  result_digit[1]      ; clk        ; 4.625 ; 4.625 ; Rise       ; clk             ;
;  result_digit[2]      ; clk        ; 3.487 ; 3.487 ; Rise       ; clk             ;
;  result_digit[3]      ; clk        ; 3.490 ; 3.490 ; Rise       ; clk             ;
; result_margin[*]      ; clk        ; 4.756 ; 4.756 ; Rise       ; clk             ;
;  result_margin[0]     ; clk        ; 3.687 ; 3.687 ; Rise       ; clk             ;
;  result_margin[1]     ; clk        ; 3.777 ; 3.777 ; Rise       ; clk             ;
;  result_margin[2]     ; clk        ; 3.896 ; 3.896 ; Rise       ; clk             ;
;  result_margin[3]     ; clk        ; 3.754 ; 3.754 ; Rise       ; clk             ;
;  result_margin[4]     ; clk        ; 3.528 ; 3.528 ; Rise       ; clk             ;
;  result_margin[5]     ; clk        ; 3.667 ; 3.667 ; Rise       ; clk             ;
;  result_margin[6]     ; clk        ; 4.041 ; 4.041 ; Rise       ; clk             ;
;  result_margin[7]     ; clk        ; 3.994 ; 3.994 ; Rise       ; clk             ;
;  result_margin[8]     ; clk        ; 4.756 ; 4.756 ; Rise       ; clk             ;
;  result_margin[9]     ; clk        ; 3.857 ; 3.857 ; Rise       ; clk             ;
;  result_margin[10]    ; clk        ; 3.790 ; 3.790 ; Rise       ; clk             ;
;  result_margin[11]    ; clk        ; 4.046 ; 4.046 ; Rise       ; clk             ;
;  result_margin[12]    ; clk        ; 4.526 ; 4.526 ; Rise       ; clk             ;
;  result_margin[13]    ; clk        ; 4.018 ; 4.018 ; Rise       ; clk             ;
;  result_margin[14]    ; clk        ; 4.362 ; 4.362 ; Rise       ; clk             ;
;  result_margin[15]    ; clk        ; 4.029 ; 4.029 ; Rise       ; clk             ;
; result_valid          ; clk        ; 4.003 ; 4.003 ; Rise       ; clk             ;
+-----------------------+------------+-------+-------+------------+-----------------+


+-----------------------------------------------------------------------------------+
; Minimum Clock to Output Times                                                     ;
+-----------------------+------------+-------+-------+------------+-----------------+
; Data Port             ; Clock Port ; Rise  ; Fall  ; Clock Edge ; Clock Reference ;
+-----------------------+------------+-------+-------+------------+-----------------+
; busy                  ; clk        ; 4.134 ; 4.134 ; Rise       ; clk             ;
; result_accepted       ; clk        ; 3.916 ; 3.916 ; Rise       ; clk             ;
; result_confidence[*]  ; clk        ; 3.433 ; 3.433 ; Rise       ; clk             ;
;  result_confidence[0] ; clk        ; 3.969 ; 3.969 ; Rise       ; clk             ;
;  result_confidence[1] ; clk        ; 3.864 ; 3.864 ; Rise       ; clk             ;
;  result_confidence[2] ; clk        ; 4.830 ; 4.830 ; Rise       ; clk             ;
;  result_confidence[3] ; clk        ; 3.686 ; 3.686 ; Rise       ; clk             ;
;  result_confidence[4] ; clk        ; 3.654 ; 3.654 ; Rise       ; clk             ;
;  result_confidence[5] ; clk        ; 4.727 ; 4.727 ; Rise       ; clk             ;
;  result_confidence[6] ; clk        ; 3.433 ; 3.433 ; Rise       ; clk             ;
;  result_confidence[7] ; clk        ; 3.773 ; 3.773 ; Rise       ; clk             ;
; result_cycles[*]      ; clk        ; 3.226 ; 3.226 ; Rise       ; clk             ;
;  result_cycles[0]     ; clk        ; 4.116 ; 4.116 ; Rise       ; clk             ;
;  result_cycles[1]     ; clk        ; 4.771 ; 4.771 ; Rise       ; clk             ;
;  result_cycles[2]     ; clk        ; 5.003 ; 5.003 ; Rise       ; clk             ;
;  result_cycles[3]     ; clk        ; 4.081 ; 4.081 ; Rise       ; clk             ;
;  result_cycles[4]     ; clk        ; 3.570 ; 3.570 ; Rise       ; clk             ;
;  result_cycles[5]     ; clk        ; 3.404 ; 3.404 ; Rise       ; clk             ;
;  result_cycles[6]     ; clk        ; 3.376 ; 3.376 ; Rise       ; clk             ;
;  result_cycles[7]     ; clk        ; 3.778 ; 3.778 ; Rise       ; clk             ;
;  result_cycles[8]     ; clk        ; 3.400 ; 3.400 ; Rise       ; clk             ;
;  result_cycles[9]     ; clk        ; 3.497 ; 3.497 ; Rise       ; clk             ;
;  result_cycles[10]    ; clk        ; 4.823 ; 4.823 ; Rise       ; clk             ;
;  result_cycles[11]    ; clk        ; 3.404 ; 3.404 ; Rise       ; clk             ;
;  result_cycles[12]    ; clk        ; 3.965 ; 3.965 ; Rise       ; clk             ;
;  result_cycles[13]    ; clk        ; 4.366 ; 4.366 ; Rise       ; clk             ;
;  result_cycles[14]    ; clk        ; 3.640 ; 3.640 ; Rise       ; clk             ;
;  result_cycles[15]    ; clk        ; 5.235 ; 5.235 ; Rise       ; clk             ;
;  result_cycles[16]    ; clk        ; 3.522 ; 3.522 ; Rise       ; clk             ;
;  result_cycles[17]    ; clk        ; 3.644 ; 3.644 ; Rise       ; clk             ;
;  result_cycles[18]    ; clk        ; 3.504 ; 3.504 ; Rise       ; clk             ;
;  result_cycles[19]    ; clk        ; 3.770 ; 3.770 ; Rise       ; clk             ;
;  result_cycles[20]    ; clk        ; 3.784 ; 3.784 ; Rise       ; clk             ;
;  result_cycles[21]    ; clk        ; 3.373 ; 3.373 ; Rise       ; clk             ;
;  result_cycles[22]    ; clk        ; 3.399 ; 3.399 ; Rise       ; clk             ;
;  result_cycles[23]    ; clk        ; 3.958 ; 3.958 ; Rise       ; clk             ;
;  result_cycles[24]    ; clk        ; 3.649 ; 3.649 ; Rise       ; clk             ;
;  result_cycles[25]    ; clk        ; 3.676 ; 3.676 ; Rise       ; clk             ;
;  result_cycles[26]    ; clk        ; 3.251 ; 3.251 ; Rise       ; clk             ;
;  result_cycles[27]    ; clk        ; 3.396 ; 3.396 ; Rise       ; clk             ;
;  result_cycles[28]    ; clk        ; 3.259 ; 3.259 ; Rise       ; clk             ;
;  result_cycles[29]    ; clk        ; 3.226 ; 3.226 ; Rise       ; clk             ;
;  result_cycles[30]    ; clk        ; 3.452 ; 3.452 ; Rise       ; clk             ;
;  result_cycles[31]    ; clk        ; 3.416 ; 3.416 ; Rise       ; clk             ;
; result_digit[*]       ; clk        ; 3.487 ; 3.487 ; Rise       ; clk             ;
;  result_digit[0]      ; clk        ; 4.447 ; 4.447 ; Rise       ; clk             ;
;  result_digit[1]      ; clk        ; 4.625 ; 4.625 ; Rise       ; clk             ;
;  result_digit[2]      ; clk        ; 3.487 ; 3.487 ; Rise       ; clk             ;
;  result_digit[3]      ; clk        ; 3.490 ; 3.490 ; Rise       ; clk             ;
; result_margin[*]      ; clk        ; 3.528 ; 3.528 ; Rise       ; clk             ;
;  result_margin[0]     ; clk        ; 3.687 ; 3.687 ; Rise       ; clk             ;
;  result_margin[1]     ; clk        ; 3.777 ; 3.777 ; Rise       ; clk             ;
;  result_margin[2]     ; clk        ; 3.896 ; 3.896 ; Rise       ; clk             ;
;  result_margin[3]     ; clk        ; 3.754 ; 3.754 ; Rise       ; clk             ;
;  result_margin[4]     ; clk        ; 3.528 ; 3.528 ; Rise       ; clk             ;
;  result_margin[5]     ; clk        ; 3.667 ; 3.667 ; Rise       ; clk             ;
;  result_margin[6]     ; clk        ; 4.041 ; 4.041 ; Rise       ; clk             ;
;  result_margin[7]     ; clk        ; 3.994 ; 3.994 ; Rise       ; clk             ;
;  result_margin[8]     ; clk        ; 4.756 ; 4.756 ; Rise       ; clk             ;
;  result_margin[9]     ; clk        ; 3.857 ; 3.857 ; Rise       ; clk             ;
;  result_margin[10]    ; clk        ; 3.790 ; 3.790 ; Rise       ; clk             ;
;  result_margin[11]    ; clk        ; 4.046 ; 4.046 ; Rise       ; clk             ;
;  result_margin[12]    ; clk        ; 4.526 ; 4.526 ; Rise       ; clk             ;
;  result_margin[13]    ; clk        ; 4.018 ; 4.018 ; Rise       ; clk             ;
;  result_margin[14]    ; clk        ; 4.362 ; 4.362 ; Rise       ; clk             ;
;  result_margin[15]    ; clk        ; 4.029 ; 4.029 ; Rise       ; clk             ;
; result_valid          ; clk        ; 4.003 ; 4.003 ; Rise       ; clk             ;
+-----------------------+------------+-------+-------+------------+-----------------+


+----------------------------------------------------------------------------------+
; Multicorner Timing Analysis Summary                                              ;
+------------------+------------+-------+----------+---------+---------------------+
; Clock            ; Setup      ; Hold  ; Recovery ; Removal ; Minimum Pulse Width ;
+------------------+------------+-------+----------+---------+---------------------+
; Worst-case Slack ; -101.821   ; 0.215 ; N/A      ; N/A     ; 6.933               ;
;  clk             ; -101.821   ; 0.215 ; N/A      ; N/A     ; 6.933               ;
; Design-wide TNS  ; -15439.992 ; 0.0   ; 0.0      ; 0.0     ; 0.0                 ;
;  clk             ; -15439.992 ; 0.000 ; N/A      ; N/A     ; 0.000               ;
+------------------+------------+-------+----------+---------+---------------------+


+-------------------------------------------------------------------------------------+
; Setup Times                                                                         ;
+-----------------------+------------+--------+--------+------------+-----------------+
; Data Port             ; Clock Port ; Rise   ; Fall   ; Clock Edge ; Clock Reference ;
+-----------------------+------------+--------+--------+------------+-----------------+
; input_frame_error     ; clk        ; 19.074 ; 19.074 ; Rise       ; clk             ;
; input_frame_last      ; clk        ; 15.549 ; 15.549 ; Rise       ; clk             ;
; input_frame_valid     ; clk        ; 18.098 ; 18.098 ; Rise       ; clk             ;
; input_pixel[*]        ; clk        ; 5.454  ; 5.454  ; Rise       ; clk             ;
;  input_pixel[0]       ; clk        ; 3.464  ; 3.464  ; Rise       ; clk             ;
;  input_pixel[1]       ; clk        ; 4.708  ; 4.708  ; Rise       ; clk             ;
;  input_pixel[2]       ; clk        ; 4.707  ; 4.707  ; Rise       ; clk             ;
;  input_pixel[3]       ; clk        ; 5.454  ; 5.454  ; Rise       ; clk             ;
; input_pixel_index[*]  ; clk        ; 23.556 ; 23.556 ; Rise       ; clk             ;
;  input_pixel_index[0] ; clk        ; 20.734 ; 20.734 ; Rise       ; clk             ;
;  input_pixel_index[1] ; clk        ; 20.545 ; 20.545 ; Rise       ; clk             ;
;  input_pixel_index[2] ; clk        ; 20.648 ; 20.648 ; Rise       ; clk             ;
;  input_pixel_index[3] ; clk        ; 23.556 ; 23.556 ; Rise       ; clk             ;
;  input_pixel_index[4] ; clk        ; 17.621 ; 17.621 ; Rise       ; clk             ;
;  input_pixel_index[5] ; clk        ; 17.215 ; 17.215 ; Rise       ; clk             ;
;  input_pixel_index[6] ; clk        ; 20.424 ; 20.424 ; Rise       ; clk             ;
;  input_pixel_index[7] ; clk        ; 20.656 ; 20.656 ; Rise       ; clk             ;
; reset_n               ; clk        ; 19.146 ; 19.146 ; Rise       ; clk             ;
+-----------------------+------------+--------+--------+------------+-----------------+


+-------------------------------------------------------------------------------------+
; Hold Times                                                                          ;
+-----------------------+------------+--------+--------+------------+-----------------+
; Data Port             ; Clock Port ; Rise   ; Fall   ; Clock Edge ; Clock Reference ;
+-----------------------+------------+--------+--------+------------+-----------------+
; input_frame_error     ; clk        ; 0.437  ; 0.437  ; Rise       ; clk             ;
; input_frame_last      ; clk        ; -0.486 ; -0.486 ; Rise       ; clk             ;
; input_frame_valid     ; clk        ; 0.210  ; 0.210  ; Rise       ; clk             ;
; input_pixel[*]        ; clk        ; -0.630 ; -0.630 ; Rise       ; clk             ;
;  input_pixel[0]       ; clk        ; -0.630 ; -0.630 ; Rise       ; clk             ;
;  input_pixel[1]       ; clk        ; -1.880 ; -1.880 ; Rise       ; clk             ;
;  input_pixel[2]       ; clk        ; -1.876 ; -1.876 ; Rise       ; clk             ;
;  input_pixel[3]       ; clk        ; -2.220 ; -2.220 ; Rise       ; clk             ;
; input_pixel_index[*]  ; clk        ; -0.022 ; -0.022 ; Rise       ; clk             ;
;  input_pixel_index[0] ; clk        ; -1.777 ; -1.777 ; Rise       ; clk             ;
;  input_pixel_index[1] ; clk        ; -2.063 ; -2.063 ; Rise       ; clk             ;
;  input_pixel_index[2] ; clk        ; -1.897 ; -1.897 ; Rise       ; clk             ;
;  input_pixel_index[3] ; clk        ; -2.856 ; -2.856 ; Rise       ; clk             ;
;  input_pixel_index[4] ; clk        ; -0.128 ; -0.128 ; Rise       ; clk             ;
;  input_pixel_index[5] ; clk        ; -0.022 ; -0.022 ; Rise       ; clk             ;
;  input_pixel_index[6] ; clk        ; -1.918 ; -1.918 ; Rise       ; clk             ;
;  input_pixel_index[7] ; clk        ; -1.901 ; -1.901 ; Rise       ; clk             ;
; reset_n               ; clk        ; 0.397  ; 0.397  ; Rise       ; clk             ;
+-----------------------+------------+--------+--------+------------+-----------------+


+-------------------------------------------------------------------------------------+
; Clock to Output Times                                                               ;
+-----------------------+------------+--------+--------+------------+-----------------+
; Data Port             ; Clock Port ; Rise   ; Fall   ; Clock Edge ; Clock Reference ;
+-----------------------+------------+--------+--------+------------+-----------------+
; busy                  ; clk        ; 11.832 ; 11.832 ; Rise       ; clk             ;
; result_accepted       ; clk        ; 8.629  ; 8.629  ; Rise       ; clk             ;
; result_confidence[*]  ; clk        ; 11.482 ; 11.482 ; Rise       ; clk             ;
;  result_confidence[0] ; clk        ; 8.721  ; 8.721  ; Rise       ; clk             ;
;  result_confidence[1] ; clk        ; 8.551  ; 8.551  ; Rise       ; clk             ;
;  result_confidence[2] ; clk        ; 11.482 ; 11.482 ; Rise       ; clk             ;
;  result_confidence[3] ; clk        ; 8.247  ; 8.247  ; Rise       ; clk             ;
;  result_confidence[4] ; clk        ; 7.946  ; 7.946  ; Rise       ; clk             ;
;  result_confidence[5] ; clk        ; 11.033 ; 11.033 ; Rise       ; clk             ;
;  result_confidence[6] ; clk        ; 7.217  ; 7.217  ; Rise       ; clk             ;
;  result_confidence[7] ; clk        ; 8.331  ; 8.331  ; Rise       ; clk             ;
; result_cycles[*]      ; clk        ; 13.051 ; 13.051 ; Rise       ; clk             ;
;  result_cycles[0]     ; clk        ; 9.182  ; 9.182  ; Rise       ; clk             ;
;  result_cycles[1]     ; clk        ; 11.160 ; 11.160 ; Rise       ; clk             ;
;  result_cycles[2]     ; clk        ; 12.038 ; 12.038 ; Rise       ; clk             ;
;  result_cycles[3]     ; clk        ; 9.051  ; 9.051  ; Rise       ; clk             ;
;  result_cycles[4]     ; clk        ; 7.682  ; 7.682  ; Rise       ; clk             ;
;  result_cycles[5]     ; clk        ; 7.243  ; 7.243  ; Rise       ; clk             ;
;  result_cycles[6]     ; clk        ; 7.219  ; 7.219  ; Rise       ; clk             ;
;  result_cycles[7]     ; clk        ; 8.158  ; 8.158  ; Rise       ; clk             ;
;  result_cycles[8]     ; clk        ; 7.234  ; 7.234  ; Rise       ; clk             ;
;  result_cycles[9]     ; clk        ; 7.566  ; 7.566  ; Rise       ; clk             ;
;  result_cycles[10]    ; clk        ; 11.550 ; 11.550 ; Rise       ; clk             ;
;  result_cycles[11]    ; clk        ; 7.253  ; 7.253  ; Rise       ; clk             ;
;  result_cycles[12]    ; clk        ; 8.835  ; 8.835  ; Rise       ; clk             ;
;  result_cycles[13]    ; clk        ; 9.838  ; 9.838  ; Rise       ; clk             ;
;  result_cycles[14]    ; clk        ; 7.744  ; 7.744  ; Rise       ; clk             ;
;  result_cycles[15]    ; clk        ; 13.051 ; 13.051 ; Rise       ; clk             ;
;  result_cycles[16]    ; clk        ; 7.420  ; 7.420  ; Rise       ; clk             ;
;  result_cycles[17]    ; clk        ; 7.750  ; 7.750  ; Rise       ; clk             ;
;  result_cycles[18]    ; clk        ; 7.387  ; 7.387  ; Rise       ; clk             ;
;  result_cycles[19]    ; clk        ; 8.391  ; 8.391  ; Rise       ; clk             ;
;  result_cycles[20]    ; clk        ; 8.234  ; 8.234  ; Rise       ; clk             ;
;  result_cycles[21]    ; clk        ; 7.200  ; 7.200  ; Rise       ; clk             ;
;  result_cycles[22]    ; clk        ; 7.247  ; 7.247  ; Rise       ; clk             ;
;  result_cycles[23]    ; clk        ; 8.763  ; 8.763  ; Rise       ; clk             ;
;  result_cycles[24]    ; clk        ; 7.990  ; 7.990  ; Rise       ; clk             ;
;  result_cycles[25]    ; clk        ; 7.794  ; 7.794  ; Rise       ; clk             ;
;  result_cycles[26]    ; clk        ; 6.817  ; 6.817  ; Rise       ; clk             ;
;  result_cycles[27]    ; clk        ; 7.230  ; 7.230  ; Rise       ; clk             ;
;  result_cycles[28]    ; clk        ; 6.827  ; 6.827  ; Rise       ; clk             ;
;  result_cycles[29]    ; clk        ; 6.776  ; 6.776  ; Rise       ; clk             ;
;  result_cycles[30]    ; clk        ; 7.509  ; 7.509  ; Rise       ; clk             ;
;  result_cycles[31]    ; clk        ; 7.269  ; 7.269  ; Rise       ; clk             ;
; result_digit[*]       ; clk        ; 11.267 ; 11.267 ; Rise       ; clk             ;
;  result_digit[0]      ; clk        ; 10.216 ; 10.216 ; Rise       ; clk             ;
;  result_digit[1]      ; clk        ; 11.267 ; 11.267 ; Rise       ; clk             ;
;  result_digit[2]      ; clk        ; 7.311  ; 7.311  ; Rise       ; clk             ;
;  result_digit[3]      ; clk        ; 7.318  ; 7.318  ; Rise       ; clk             ;
; result_margin[*]      ; clk        ; 11.274 ; 11.274 ; Rise       ; clk             ;
;  result_margin[0]     ; clk        ; 8.001  ; 8.001  ; Rise       ; clk             ;
;  result_margin[1]     ; clk        ; 8.342  ; 8.342  ; Rise       ; clk             ;
;  result_margin[2]     ; clk        ; 8.709  ; 8.709  ; Rise       ; clk             ;
;  result_margin[3]     ; clk        ; 8.319  ; 8.319  ; Rise       ; clk             ;
;  result_margin[4]     ; clk        ; 7.572  ; 7.572  ; Rise       ; clk             ;
;  result_margin[5]     ; clk        ; 7.803  ; 7.803  ; Rise       ; clk             ;
;  result_margin[6]     ; clk        ; 9.017  ; 9.017  ; Rise       ; clk             ;
;  result_margin[7]     ; clk        ; 8.875  ; 8.875  ; Rise       ; clk             ;
;  result_margin[8]     ; clk        ; 11.274 ; 11.274 ; Rise       ; clk             ;
;  result_margin[9]     ; clk        ; 8.708  ; 8.708  ; Rise       ; clk             ;
;  result_margin[10]    ; clk        ; 8.232  ; 8.232  ; Rise       ; clk             ;
;  result_margin[11]    ; clk        ; 9.164  ; 9.164  ; Rise       ; clk             ;
;  result_margin[12]    ; clk        ; 10.542 ; 10.542 ; Rise       ; clk             ;
;  result_margin[13]    ; clk        ; 9.360  ; 9.360  ; Rise       ; clk             ;
;  result_margin[14]    ; clk        ; 10.103 ; 10.103 ; Rise       ; clk             ;
;  result_margin[15]    ; clk        ; 8.948  ; 8.948  ; Rise       ; clk             ;
; result_valid          ; clk        ; 9.066  ; 9.066  ; Rise       ; clk             ;
+-----------------------+------------+--------+--------+------------+-----------------+


+-----------------------------------------------------------------------------------+
; Minimum Clock to Output Times                                                     ;
+-----------------------+------------+-------+-------+------------+-----------------+
; Data Port             ; Clock Port ; Rise  ; Fall  ; Clock Edge ; Clock Reference ;
+-----------------------+------------+-------+-------+------------+-----------------+
; busy                  ; clk        ; 4.134 ; 4.134 ; Rise       ; clk             ;
; result_accepted       ; clk        ; 3.916 ; 3.916 ; Rise       ; clk             ;
; result_confidence[*]  ; clk        ; 3.433 ; 3.433 ; Rise       ; clk             ;
;  result_confidence[0] ; clk        ; 3.969 ; 3.969 ; Rise       ; clk             ;
;  result_confidence[1] ; clk        ; 3.864 ; 3.864 ; Rise       ; clk             ;
;  result_confidence[2] ; clk        ; 4.830 ; 4.830 ; Rise       ; clk             ;
;  result_confidence[3] ; clk        ; 3.686 ; 3.686 ; Rise       ; clk             ;
;  result_confidence[4] ; clk        ; 3.654 ; 3.654 ; Rise       ; clk             ;
;  result_confidence[5] ; clk        ; 4.727 ; 4.727 ; Rise       ; clk             ;
;  result_confidence[6] ; clk        ; 3.433 ; 3.433 ; Rise       ; clk             ;
;  result_confidence[7] ; clk        ; 3.773 ; 3.773 ; Rise       ; clk             ;
; result_cycles[*]      ; clk        ; 3.226 ; 3.226 ; Rise       ; clk             ;
;  result_cycles[0]     ; clk        ; 4.116 ; 4.116 ; Rise       ; clk             ;
;  result_cycles[1]     ; clk        ; 4.771 ; 4.771 ; Rise       ; clk             ;
;  result_cycles[2]     ; clk        ; 5.003 ; 5.003 ; Rise       ; clk             ;
;  result_cycles[3]     ; clk        ; 4.081 ; 4.081 ; Rise       ; clk             ;
;  result_cycles[4]     ; clk        ; 3.570 ; 3.570 ; Rise       ; clk             ;
;  result_cycles[5]     ; clk        ; 3.404 ; 3.404 ; Rise       ; clk             ;
;  result_cycles[6]     ; clk        ; 3.376 ; 3.376 ; Rise       ; clk             ;
;  result_cycles[7]     ; clk        ; 3.778 ; 3.778 ; Rise       ; clk             ;
;  result_cycles[8]     ; clk        ; 3.400 ; 3.400 ; Rise       ; clk             ;
;  result_cycles[9]     ; clk        ; 3.497 ; 3.497 ; Rise       ; clk             ;
;  result_cycles[10]    ; clk        ; 4.823 ; 4.823 ; Rise       ; clk             ;
;  result_cycles[11]    ; clk        ; 3.404 ; 3.404 ; Rise       ; clk             ;
;  result_cycles[12]    ; clk        ; 3.965 ; 3.965 ; Rise       ; clk             ;
;  result_cycles[13]    ; clk        ; 4.366 ; 4.366 ; Rise       ; clk             ;
;  result_cycles[14]    ; clk        ; 3.640 ; 3.640 ; Rise       ; clk             ;
;  result_cycles[15]    ; clk        ; 5.235 ; 5.235 ; Rise       ; clk             ;
;  result_cycles[16]    ; clk        ; 3.522 ; 3.522 ; Rise       ; clk             ;
;  result_cycles[17]    ; clk        ; 3.644 ; 3.644 ; Rise       ; clk             ;
;  result_cycles[18]    ; clk        ; 3.504 ; 3.504 ; Rise       ; clk             ;
;  result_cycles[19]    ; clk        ; 3.770 ; 3.770 ; Rise       ; clk             ;
;  result_cycles[20]    ; clk        ; 3.784 ; 3.784 ; Rise       ; clk             ;
;  result_cycles[21]    ; clk        ; 3.373 ; 3.373 ; Rise       ; clk             ;
;  result_cycles[22]    ; clk        ; 3.399 ; 3.399 ; Rise       ; clk             ;
;  result_cycles[23]    ; clk        ; 3.958 ; 3.958 ; Rise       ; clk             ;
;  result_cycles[24]    ; clk        ; 3.649 ; 3.649 ; Rise       ; clk             ;
;  result_cycles[25]    ; clk        ; 3.676 ; 3.676 ; Rise       ; clk             ;
;  result_cycles[26]    ; clk        ; 3.251 ; 3.251 ; Rise       ; clk             ;
;  result_cycles[27]    ; clk        ; 3.396 ; 3.396 ; Rise       ; clk             ;
;  result_cycles[28]    ; clk        ; 3.259 ; 3.259 ; Rise       ; clk             ;
;  result_cycles[29]    ; clk        ; 3.226 ; 3.226 ; Rise       ; clk             ;
;  result_cycles[30]    ; clk        ; 3.452 ; 3.452 ; Rise       ; clk             ;
;  result_cycles[31]    ; clk        ; 3.416 ; 3.416 ; Rise       ; clk             ;
; result_digit[*]       ; clk        ; 3.487 ; 3.487 ; Rise       ; clk             ;
;  result_digit[0]      ; clk        ; 4.447 ; 4.447 ; Rise       ; clk             ;
;  result_digit[1]      ; clk        ; 4.625 ; 4.625 ; Rise       ; clk             ;
;  result_digit[2]      ; clk        ; 3.487 ; 3.487 ; Rise       ; clk             ;
;  result_digit[3]      ; clk        ; 3.490 ; 3.490 ; Rise       ; clk             ;
; result_margin[*]      ; clk        ; 3.528 ; 3.528 ; Rise       ; clk             ;
;  result_margin[0]     ; clk        ; 3.687 ; 3.687 ; Rise       ; clk             ;
;  result_margin[1]     ; clk        ; 3.777 ; 3.777 ; Rise       ; clk             ;
;  result_margin[2]     ; clk        ; 3.896 ; 3.896 ; Rise       ; clk             ;
;  result_margin[3]     ; clk        ; 3.754 ; 3.754 ; Rise       ; clk             ;
;  result_margin[4]     ; clk        ; 3.528 ; 3.528 ; Rise       ; clk             ;
;  result_margin[5]     ; clk        ; 3.667 ; 3.667 ; Rise       ; clk             ;
;  result_margin[6]     ; clk        ; 4.041 ; 4.041 ; Rise       ; clk             ;
;  result_margin[7]     ; clk        ; 3.994 ; 3.994 ; Rise       ; clk             ;
;  result_margin[8]     ; clk        ; 4.756 ; 4.756 ; Rise       ; clk             ;
;  result_margin[9]     ; clk        ; 3.857 ; 3.857 ; Rise       ; clk             ;
;  result_margin[10]    ; clk        ; 3.790 ; 3.790 ; Rise       ; clk             ;
;  result_margin[11]    ; clk        ; 4.046 ; 4.046 ; Rise       ; clk             ;
;  result_margin[12]    ; clk        ; 4.526 ; 4.526 ; Rise       ; clk             ;
;  result_margin[13]    ; clk        ; 4.018 ; 4.018 ; Rise       ; clk             ;
;  result_margin[14]    ; clk        ; 4.362 ; 4.362 ; Rise       ; clk             ;
;  result_margin[15]    ; clk        ; 4.029 ; 4.029 ; Rise       ; clk             ;
; result_valid          ; clk        ; 4.003 ; 4.003 ; Rise       ; clk             ;
+-----------------------+------------+-------+-------+------------+-----------------+


+-----------------------------------------------------------------------+
; Setup Transfers                                                       ;
+------------+----------+--------------+----------+----------+----------+
; From Clock ; To Clock ; RR Paths     ; FR Paths ; RF Paths ; FF Paths ;
+------------+----------+--------------+----------+----------+----------+
; clk        ; clk      ; > 2147483647 ; 0        ; 0        ; 0        ;
+------------+----------+--------------+----------+----------+----------+
Entries labeled "false path" only account for clock-to-clock false paths and not path-based false paths. As a result, actual path counts may be lower than reported.


+-----------------------------------------------------------------------+
; Hold Transfers                                                        ;
+------------+----------+--------------+----------+----------+----------+
; From Clock ; To Clock ; RR Paths     ; FR Paths ; RF Paths ; FF Paths ;
+------------+----------+--------------+----------+----------+----------+
; clk        ; clk      ; > 2147483647 ; 0        ; 0        ; 0        ;
+------------+----------+--------------+----------+----------+----------+
Entries labeled "false path" only account for clock-to-clock false paths and not path-based false paths. As a result, actual path counts may be lower than reported.


---------------
; Report TCCS ;
---------------
No dedicated SERDES Transmitter circuitry present in device or used in design


---------------
; Report RSKM ;
---------------
No dedicated SERDES Receiver circuitry present in device or used in design


+------------------------------------------------+
; Unconstrained Paths                            ;
+---------------------------------+-------+------+
; Property                        ; Setup ; Hold ;
+---------------------------------+-------+------+
; Illegal Clocks                  ; 0     ; 0    ;
; Unconstrained Clocks            ; 0     ; 0    ;
; Unconstrained Input Ports       ; 16    ; 16   ;
; Unconstrained Input Port Paths  ; 1880  ; 1880 ;
; Unconstrained Output Ports      ; 63    ; 63   ;
; Unconstrained Output Port Paths ; 65    ; 65   ;
+---------------------------------+-------+------+


+------------------------------------+
; TimeQuest Timing Analyzer Messages ;
+------------------------------------+
Info: *******************************************************************
Info: Running Quartus II 64-Bit TimeQuest Timing Analyzer
    Info: Version 13.0.1 Build 232 06/12/2013 Service Pack 1 SJ Web Edition
    Info: Processing started: Wed Sep 30 17:31:51 2026
Info: Command: quartus_sta ml_inference_sv -c ml_inference_sv
Info: qsta_default_script.tcl version: #1
Info (20030): Parallel compilation is enabled and will use 6 of the 6 processors detected
Info (332104): Reading SDC File: 'ml_inference.sdc'
Info: Found TIMEQUEST_REPORT_SCRIPT_INCLUDE_DEFAULT_ANALYSIS = ON
Info: Analyzing Slow Model
Critical Warning (332148): Timing requirements not met
Info (332146): Worst-case setup slack is -101.821
    Info (332119):     Slack End Point TNS Clock 
    Info (332119): ========= ============= =====================
    Info (332119):  -101.821    -15439.992 clk 
Info (332146): Worst-case hold slack is 0.499
    Info (332119):     Slack End Point TNS Clock 
    Info (332119): ========= ============= =====================
    Info (332119):     0.499         0.000 clk 
Info (332140): No Recovery paths to report
Info (332140): No Removal paths to report
Info (332146): Worst-case minimum pulse width slack is 6.933
    Info (332119):     Slack End Point TNS Clock 
    Info (332119): ========= ============= =====================
    Info (332119):     6.933         0.000 clk 
Info (332001): The selected device family is not supported by the report_metastability command.
Info: Analyzing Fast Model
Critical Warning (332148): Timing requirements not met
Info (332146): Worst-case setup slack is -24.538
    Info (332119):     Slack End Point TNS Clock 
    Info (332119): ========= ============= =====================
    Info (332119):   -24.538      -663.974 clk 
Info (332146): Worst-case hold slack is 0.215
    Info (332119):     Slack End Point TNS Clock 
    Info (332119): ========= ============= =====================
    Info (332119):     0.215         0.000 clk 
Info (332140): No Recovery paths to report
Info (332140): No Removal paths to report
Info (332146): Worst-case minimum pulse width slack is 7.873
    Info (332119):     Slack End Point TNS Clock 
    Info (332119): ========= ============= =====================
    Info (332119):     7.873         0.000 clk 
Info (332001): The selected device family is not supported by the report_metastability command.
Info (332102): Design is not fully constrained for setup requirements
Info (332102): Design is not fully constrained for hold requirements
Info: Quartus II 64-Bit TimeQuest Timing Analyzer was successful. 0 errors, 2 warnings
    Info: Peak virtual memory: 4640 megabytes
    Info: Processing ended: Wed Sep 30 17:31:53 2026
    Info: Elapsed time: 00:00:02
    Info: Total CPU time (on all processors): 00:00:03


