TimeQuest Timing Analyzer report for freq_20mhz
Wed Sep 30 17:46:48 2026
Quartus II 64-Bit Version 13.0.1 Build 232 06/12/2013 Service Pack 1 SJ Web Edition


---------------------
; Table of Contents ;
---------------------
  1. Legal Notice
  2. TimeQuest Timing Analyzer Summary
  3. Parallel Compilation
  4. SDC File List
  5. Clocks
  6. Slow Model Fmax Summary
  7. Slow Model Setup Summary
  8. Slow Model Hold Summary
  9. Slow Model Recovery Summary
 10. Slow Model Removal Summary
 11. Slow Model Minimum Pulse Width Summary
 12. Slow Model Setup: 'clk'
 13. Slow Model Hold: 'clk'
 14. Slow Model Minimum Pulse Width: 'clk'
 15. Setup Times
 16. Hold Times
 17. Clock to Output Times
 18. Minimum Clock to Output Times
 19. Fast Model Setup Summary
 20. Fast Model Hold Summary
 21. Fast Model Recovery Summary
 22. Fast Model Removal Summary
 23. Fast Model Minimum Pulse Width Summary
 24. Fast Model Setup: 'clk'
 25. Fast Model Hold: 'clk'
 26. Fast Model Minimum Pulse Width: 'clk'
 27. Setup Times
 28. Hold Times
 29. Clock to Output Times
 30. Minimum Clock to Output Times
 31. Multicorner Timing Analysis Summary
 32. Setup Times
 33. Hold Times
 34. Clock to Output Times
 35. Minimum Clock to Output Times
 36. Setup Transfers
 37. Hold Transfers
 38. Report TCCS
 39. Report RSKM
 40. Unconstrained Paths
 41. TimeQuest Timing Analyzer Messages



----------------
; Legal Notice ;
----------------
Copyright (C) 1991-2013 Altera Corporation
Your use of Altera Corporation's design tools, logic functions 
and other software and tools, and its AMPP partner logic 
functions, and any output files from any of the foregoing 
(including device programming or simulation files), and any 
associated documentation or information are expressly subject 
to the terms and conditions of the Altera Program License 
Subscription Agreement, Altera MegaCore Function License 
Agreement, or other applicable license agreement, including, 
without limitation, that your use is for the sole purpose of 
programming logic devices manufactured by Altera and sold by 
Altera or its authorized distributors.  Please refer to the 
applicable agreement for further details.



+----------------------------------------------------------------------------------------+
; TimeQuest Timing Analyzer Summary                                                      ;
+--------------------+-------------------------------------------------------------------+
; Quartus II Version ; Version 13.0.1 Build 232 06/12/2013 Service Pack 1 SJ Web Edition ;
; Revision Name      ; freq_20mhz                                                        ;
; Device Family      ; Cyclone II                                                        ;
; Device Name        ; EP2C5T144C8                                                       ;
; Timing Models      ; Final                                                             ;
; Delay Model        ; Combined                                                          ;
; Rise/Fall Delays   ; Unavailable                                                       ;
+--------------------+-------------------------------------------------------------------+


+------------------------------------------+
; Parallel Compilation                     ;
+----------------------------+-------------+
; Processors                 ; Number      ;
+----------------------------+-------------+
; Number detected on machine ; 6           ;
; Maximum allowed            ; 6           ;
;                            ;             ;
; Average used               ; 1.00        ;
; Maximum used               ; 2           ;
;                            ;             ;
; Usage by Processor         ; % Time Used ;
;     Processor 1            ; 100.0%      ;
;     Processor 2            ; < 0.1%      ;
;     Processors 3-6         ;   0.0%      ;
+----------------------------+-------------+


+----------------------------------------------------+
; SDC File List                                      ;
+----------------+--------+--------------------------+
; SDC File Path  ; Status ; Read at                  ;
+----------------+--------+--------------------------+
; freq_20mhz.sdc ; OK     ; Wed Sep 30 17:46:47 2026 ;
+----------------+--------+--------------------------+


+---------------------------------------------------------------------------------------------------------------------------------------------------------------------------------+
; Clocks                                                                                                                                                                          ;
+------------+------+--------+-----------+-------+--------+------------+-----------+-------------+-------+--------+-----------+------------+----------+--------+--------+---------+
; Clock Name ; Type ; Period ; Frequency ; Rise  ; Fall   ; Duty Cycle ; Divide by ; Multiply by ; Phase ; Offset ; Edge List ; Edge Shift ; Inverted ; Master ; Source ; Targets ;
+------------+------+--------+-----------+-------+--------+------------+-----------+-------------+-------+--------+-----------+------------+----------+--------+--------+---------+
; clk        ; Base ; 50.000 ; 20.0 MHz  ; 0.000 ; 25.000 ;            ;           ;             ;       ;        ;           ;            ;          ;        ;        ; { clk } ;
+------------+------+--------+-----------+-------+--------+------------+-----------+-------------+-------+--------+-----------+------------+----------+--------+--------+---------+


+------------------------------------------------+
; Slow Model Fmax Summary                        ;
+----------+-----------------+------------+------+
; Fmax     ; Restricted Fmax ; Clock Name ; Note ;
+----------+-----------------+------------+------+
; 8.34 MHz ; 8.34 MHz        ; clk        ;      ;
+----------+-----------------+------------+------+
This panel reports FMAX for every clock in the design, regardless of the user-specified clock periods.  FMAX is only computed for paths where the source and destination registers or ports are driven by the same clock.  Paths of different clocks, including generated clocks, are ignored.  For paths between a clock and its inversion, FMAX is computed as if the rising and falling edges are scaled along with FMAX, such that the duty cycle (in terms of a percentage) is maintained. Altera recommends that you always use clock constraints and other slack reports for sign-off analysis.


+---------------------------------+
; Slow Model Setup Summary        ;
+-------+---------+---------------+
; Clock ; Slack   ; End Point TNS ;
+-------+---------+---------------+
; clk   ; -69.922 ; -1925.619     ;
+-------+---------+---------------+


+-------------------------------+
; Slow Model Hold Summary       ;
+-------+-------+---------------+
; Clock ; Slack ; End Point TNS ;
+-------+-------+---------------+
; clk   ; 0.499 ; 0.000         ;
+-------+-------+---------------+


-------------------------------
; Slow Model Recovery Summary ;
-------------------------------
No paths to report.


------------------------------
; Slow Model Removal Summary ;
------------------------------
No paths to report.


+----------------------------------------+
; Slow Model Minimum Pulse Width Summary ;
+-------+--------+-----------------------+
; Clock ; Slack  ; End Point TNS         ;
+-------+--------+-----------------------+
; clk   ; 21.933 ; 0.000                 ;
+-------+--------+-----------------------+


+------------------------------------------------------------------------------------------------------------------------+
; Slow Model Setup: 'clk'                                                                                                ;
+---------+---------------+------------------------+--------------+-------------+--------------+------------+------------+
; Slack   ; From Node     ; To Node                ; Launch Clock ; Latch Clock ; Relationship ; Clock Skew ; Data Delay ;
+---------+---------------+------------------------+--------------+-------------+--------------+------------+------------+
; -69.922 ; scores[1][3]  ; result_margin[15]~reg0 ; clk          ; clk         ; 50.000       ; 0.030      ; 119.992    ;
; -69.917 ; scores[1][3]  ; result_margin[8]~reg0  ; clk          ; clk         ; 50.000       ; 0.030      ; 119.987    ;
; -69.915 ; scores[1][3]  ; result_margin[5]~reg0  ; clk          ; clk         ; 50.000       ; 0.030      ; 119.985    ;
; -69.857 ; scores[0][3]  ; result_margin[15]~reg0 ; clk          ; clk         ; 50.000       ; 0.030      ; 119.927    ;
; -69.852 ; scores[0][3]  ; result_margin[8]~reg0  ; clk          ; clk         ; 50.000       ; 0.030      ; 119.922    ;
; -69.850 ; scores[0][3]  ; result_margin[5]~reg0  ; clk          ; clk         ; 50.000       ; 0.030      ; 119.920    ;
; -69.838 ; scores[1][3]  ; result_margin[1]~reg0  ; clk          ; clk         ; 50.000       ; 0.031      ; 119.909    ;
; -69.838 ; scores[1][3]  ; result_margin[2]~reg0  ; clk          ; clk         ; 50.000       ; 0.031      ; 119.909    ;
; -69.837 ; scores[1][3]  ; result_margin[4]~reg0  ; clk          ; clk         ; 50.000       ; 0.031      ; 119.908    ;
; -69.829 ; scores[1][3]  ; result_margin[0]~reg0  ; clk          ; clk         ; 50.000       ; 0.031      ; 119.900    ;
; -69.829 ; scores[1][3]  ; result_margin[9]~reg0  ; clk          ; clk         ; 50.000       ; 0.031      ; 119.900    ;
; -69.783 ; scores[1][3]  ; result_margin[6]~reg0  ; clk          ; clk         ; 50.000       ; 0.031      ; 119.854    ;
; -69.777 ; scores[1][3]  ; result_margin[3]~reg0  ; clk          ; clk         ; 50.000       ; 0.031      ; 119.848    ;
; -69.773 ; scores[1][3]  ; result_margin[7]~reg0  ; clk          ; clk         ; 50.000       ; 0.031      ; 119.844    ;
; -69.773 ; scores[0][3]  ; result_margin[1]~reg0  ; clk          ; clk         ; 50.000       ; 0.031      ; 119.844    ;
; -69.773 ; scores[0][3]  ; result_margin[2]~reg0  ; clk          ; clk         ; 50.000       ; 0.031      ; 119.844    ;
; -69.772 ; scores[0][3]  ; result_margin[4]~reg0  ; clk          ; clk         ; 50.000       ; 0.031      ; 119.843    ;
; -69.764 ; scores[0][3]  ; result_margin[0]~reg0  ; clk          ; clk         ; 50.000       ; 0.031      ; 119.835    ;
; -69.764 ; scores[0][3]  ; result_margin[9]~reg0  ; clk          ; clk         ; 50.000       ; 0.031      ; 119.835    ;
; -69.718 ; scores[0][3]  ; result_margin[6]~reg0  ; clk          ; clk         ; 50.000       ; 0.031      ; 119.789    ;
; -69.712 ; scores[0][3]  ; result_margin[3]~reg0  ; clk          ; clk         ; 50.000       ; 0.031      ; 119.783    ;
; -69.708 ; scores[0][3]  ; result_margin[7]~reg0  ; clk          ; clk         ; 50.000       ; 0.031      ; 119.779    ;
; -69.705 ; scores[1][0]  ; result_margin[15]~reg0 ; clk          ; clk         ; 50.000       ; 0.019      ; 119.764    ;
; -69.700 ; scores[1][0]  ; result_margin[8]~reg0  ; clk          ; clk         ; 50.000       ; 0.019      ; 119.759    ;
; -69.698 ; scores[1][0]  ; result_margin[5]~reg0  ; clk          ; clk         ; 50.000       ; 0.019      ; 119.757    ;
; -69.621 ; scores[1][0]  ; result_margin[1]~reg0  ; clk          ; clk         ; 50.000       ; 0.020      ; 119.681    ;
; -69.621 ; scores[1][0]  ; result_margin[2]~reg0  ; clk          ; clk         ; 50.000       ; 0.020      ; 119.681    ;
; -69.620 ; scores[1][0]  ; result_margin[4]~reg0  ; clk          ; clk         ; 50.000       ; 0.020      ; 119.680    ;
; -69.612 ; scores[1][0]  ; result_margin[0]~reg0  ; clk          ; clk         ; 50.000       ; 0.020      ; 119.672    ;
; -69.612 ; scores[1][0]  ; result_margin[9]~reg0  ; clk          ; clk         ; 50.000       ; 0.020      ; 119.672    ;
; -69.567 ; scores[1][6]  ; result_margin[15]~reg0 ; clk          ; clk         ; 50.000       ; 0.005      ; 119.612    ;
; -69.566 ; scores[1][0]  ; result_margin[6]~reg0  ; clk          ; clk         ; 50.000       ; 0.020      ; 119.626    ;
; -69.562 ; scores[1][6]  ; result_margin[8]~reg0  ; clk          ; clk         ; 50.000       ; 0.005      ; 119.607    ;
; -69.560 ; scores[1][6]  ; result_margin[5]~reg0  ; clk          ; clk         ; 50.000       ; 0.005      ; 119.605    ;
; -69.560 ; scores[1][0]  ; result_margin[3]~reg0  ; clk          ; clk         ; 50.000       ; 0.020      ; 119.620    ;
; -69.556 ; scores[1][0]  ; result_margin[7]~reg0  ; clk          ; clk         ; 50.000       ; 0.020      ; 119.616    ;
; -69.509 ; scores[1][3]  ; result_margin[11]~reg0 ; clk          ; clk         ; 50.000       ; 0.023      ; 119.572    ;
; -69.506 ; scores[1][3]  ; result_margin[12]~reg0 ; clk          ; clk         ; 50.000       ; 0.023      ; 119.569    ;
; -69.483 ; scores[1][6]  ; result_margin[1]~reg0  ; clk          ; clk         ; 50.000       ; 0.006      ; 119.529    ;
; -69.483 ; scores[1][6]  ; result_margin[2]~reg0  ; clk          ; clk         ; 50.000       ; 0.006      ; 119.529    ;
; -69.482 ; scores[1][6]  ; result_margin[4]~reg0  ; clk          ; clk         ; 50.000       ; 0.006      ; 119.528    ;
; -69.474 ; scores[1][6]  ; result_margin[0]~reg0  ; clk          ; clk         ; 50.000       ; 0.006      ; 119.520    ;
; -69.474 ; scores[1][6]  ; result_margin[9]~reg0  ; clk          ; clk         ; 50.000       ; 0.006      ; 119.520    ;
; -69.444 ; scores[0][3]  ; result_margin[11]~reg0 ; clk          ; clk         ; 50.000       ; 0.023      ; 119.507    ;
; -69.441 ; scores[0][3]  ; result_margin[12]~reg0 ; clk          ; clk         ; 50.000       ; 0.023      ; 119.504    ;
; -69.428 ; scores[1][6]  ; result_margin[6]~reg0  ; clk          ; clk         ; 50.000       ; 0.006      ; 119.474    ;
; -69.422 ; scores[1][6]  ; result_margin[3]~reg0  ; clk          ; clk         ; 50.000       ; 0.006      ; 119.468    ;
; -69.418 ; scores[1][6]  ; result_margin[7]~reg0  ; clk          ; clk         ; 50.000       ; 0.006      ; 119.464    ;
; -69.399 ; scores[1][3]  ; result_margin[10]~reg0 ; clk          ; clk         ; 50.000       ; 0.023      ; 119.462    ;
; -69.367 ; scores[0][0]  ; result_margin[15]~reg0 ; clk          ; clk         ; 50.000       ; 0.019      ; 119.426    ;
; -69.362 ; scores[0][0]  ; result_margin[8]~reg0  ; clk          ; clk         ; 50.000       ; 0.019      ; 119.421    ;
; -69.360 ; scores[0][0]  ; result_margin[5]~reg0  ; clk          ; clk         ; 50.000       ; 0.019      ; 119.419    ;
; -69.351 ; scores[1][1]  ; result_margin[15]~reg0 ; clk          ; clk         ; 50.000       ; 0.017      ; 119.408    ;
; -69.346 ; scores[1][1]  ; result_margin[8]~reg0  ; clk          ; clk         ; 50.000       ; 0.017      ; 119.403    ;
; -69.344 ; scores[1][1]  ; result_margin[5]~reg0  ; clk          ; clk         ; 50.000       ; 0.017      ; 119.401    ;
; -69.334 ; scores[0][3]  ; result_margin[10]~reg0 ; clk          ; clk         ; 50.000       ; 0.023      ; 119.397    ;
; -69.299 ; scores[0][1]  ; result_margin[15]~reg0 ; clk          ; clk         ; 50.000       ; 0.017      ; 119.356    ;
; -69.295 ; scores[0][6]  ; result_margin[15]~reg0 ; clk          ; clk         ; 50.000       ; 0.005      ; 119.340    ;
; -69.294 ; scores[0][1]  ; result_margin[8]~reg0  ; clk          ; clk         ; 50.000       ; 0.017      ; 119.351    ;
; -69.292 ; scores[0][1]  ; result_margin[5]~reg0  ; clk          ; clk         ; 50.000       ; 0.017      ; 119.349    ;
; -69.292 ; scores[1][0]  ; result_margin[11]~reg0 ; clk          ; clk         ; 50.000       ; 0.012      ; 119.344    ;
; -69.290 ; scores[0][6]  ; result_margin[8]~reg0  ; clk          ; clk         ; 50.000       ; 0.005      ; 119.335    ;
; -69.289 ; scores[1][0]  ; result_margin[12]~reg0 ; clk          ; clk         ; 50.000       ; 0.012      ; 119.341    ;
; -69.288 ; scores[0][6]  ; result_margin[5]~reg0  ; clk          ; clk         ; 50.000       ; 0.005      ; 119.333    ;
; -69.283 ; scores[0][0]  ; result_margin[1]~reg0  ; clk          ; clk         ; 50.000       ; 0.020      ; 119.343    ;
; -69.283 ; scores[0][0]  ; result_margin[2]~reg0  ; clk          ; clk         ; 50.000       ; 0.020      ; 119.343    ;
; -69.282 ; scores[0][0]  ; result_margin[4]~reg0  ; clk          ; clk         ; 50.000       ; 0.020      ; 119.342    ;
; -69.277 ; scores[1][2]  ; result_margin[15]~reg0 ; clk          ; clk         ; 50.000       ; 0.013      ; 119.330    ;
; -69.274 ; scores[0][0]  ; result_margin[0]~reg0  ; clk          ; clk         ; 50.000       ; 0.020      ; 119.334    ;
; -69.274 ; scores[0][0]  ; result_margin[9]~reg0  ; clk          ; clk         ; 50.000       ; 0.020      ; 119.334    ;
; -69.272 ; scores[1][2]  ; result_margin[8]~reg0  ; clk          ; clk         ; 50.000       ; 0.013      ; 119.325    ;
; -69.270 ; scores[1][2]  ; result_margin[5]~reg0  ; clk          ; clk         ; 50.000       ; 0.013      ; 119.323    ;
; -69.267 ; scores[1][1]  ; result_margin[1]~reg0  ; clk          ; clk         ; 50.000       ; 0.018      ; 119.325    ;
; -69.267 ; scores[1][1]  ; result_margin[2]~reg0  ; clk          ; clk         ; 50.000       ; 0.018      ; 119.325    ;
; -69.266 ; scores[1][1]  ; result_margin[4]~reg0  ; clk          ; clk         ; 50.000       ; 0.018      ; 119.324    ;
; -69.258 ; scores[1][1]  ; result_margin[0]~reg0  ; clk          ; clk         ; 50.000       ; 0.018      ; 119.316    ;
; -69.258 ; scores[1][1]  ; result_margin[9]~reg0  ; clk          ; clk         ; 50.000       ; 0.018      ; 119.316    ;
; -69.228 ; scores[0][0]  ; result_margin[6]~reg0  ; clk          ; clk         ; 50.000       ; 0.020      ; 119.288    ;
; -69.224 ; scores[1][11] ; result_margin[15]~reg0 ; clk          ; clk         ; 50.000       ; 0.008      ; 119.272    ;
; -69.222 ; scores[0][0]  ; result_margin[3]~reg0  ; clk          ; clk         ; 50.000       ; 0.020      ; 119.282    ;
; -69.219 ; scores[1][11] ; result_margin[8]~reg0  ; clk          ; clk         ; 50.000       ; 0.008      ; 119.267    ;
; -69.218 ; scores[0][0]  ; result_margin[7]~reg0  ; clk          ; clk         ; 50.000       ; 0.020      ; 119.278    ;
; -69.217 ; scores[1][11] ; result_margin[5]~reg0  ; clk          ; clk         ; 50.000       ; 0.008      ; 119.265    ;
; -69.215 ; scores[0][1]  ; result_margin[1]~reg0  ; clk          ; clk         ; 50.000       ; 0.018      ; 119.273    ;
; -69.215 ; scores[0][1]  ; result_margin[2]~reg0  ; clk          ; clk         ; 50.000       ; 0.018      ; 119.273    ;
; -69.214 ; scores[0][1]  ; result_margin[4]~reg0  ; clk          ; clk         ; 50.000       ; 0.018      ; 119.272    ;
; -69.212 ; scores[1][1]  ; result_margin[6]~reg0  ; clk          ; clk         ; 50.000       ; 0.018      ; 119.270    ;
; -69.211 ; scores[0][6]  ; result_margin[1]~reg0  ; clk          ; clk         ; 50.000       ; 0.006      ; 119.257    ;
; -69.211 ; scores[0][6]  ; result_margin[2]~reg0  ; clk          ; clk         ; 50.000       ; 0.006      ; 119.257    ;
; -69.210 ; scores[0][6]  ; result_margin[4]~reg0  ; clk          ; clk         ; 50.000       ; 0.006      ; 119.256    ;
; -69.206 ; scores[0][1]  ; result_margin[0]~reg0  ; clk          ; clk         ; 50.000       ; 0.018      ; 119.264    ;
; -69.206 ; scores[0][1]  ; result_margin[9]~reg0  ; clk          ; clk         ; 50.000       ; 0.018      ; 119.264    ;
; -69.206 ; scores[1][1]  ; result_margin[3]~reg0  ; clk          ; clk         ; 50.000       ; 0.018      ; 119.264    ;
; -69.202 ; scores[0][6]  ; result_margin[0]~reg0  ; clk          ; clk         ; 50.000       ; 0.006      ; 119.248    ;
; -69.202 ; scores[0][6]  ; result_margin[9]~reg0  ; clk          ; clk         ; 50.000       ; 0.006      ; 119.248    ;
; -69.202 ; scores[1][1]  ; result_margin[7]~reg0  ; clk          ; clk         ; 50.000       ; 0.018      ; 119.260    ;
; -69.193 ; scores[1][2]  ; result_margin[1]~reg0  ; clk          ; clk         ; 50.000       ; 0.014      ; 119.247    ;
; -69.193 ; scores[1][2]  ; result_margin[2]~reg0  ; clk          ; clk         ; 50.000       ; 0.014      ; 119.247    ;
; -69.192 ; scores[1][2]  ; result_margin[4]~reg0  ; clk          ; clk         ; 50.000       ; 0.014      ; 119.246    ;
; -69.184 ; scores[1][2]  ; result_margin[0]~reg0  ; clk          ; clk         ; 50.000       ; 0.014      ; 119.238    ;
+---------+---------------+------------------------+--------------+-------------+--------------+------------+------------+


+-------------------------------------------------------------------------------------------------------------------------------------+
; Slow Model Hold: 'clk'                                                                                                              ;
+-------+---------------------------+---------------------------+--------------+-------------+--------------+------------+------------+
; Slack ; From Node                 ; To Node                   ; Launch Clock ; Latch Clock ; Relationship ; Clock Skew ; Data Delay ;
+-------+---------------------------+---------------------------+--------------+-------------+--------------+------------+------------+
; 0.499 ; state.IDLE                ; state.IDLE                ; clk          ; clk         ; 0.000        ; 0.000      ; 0.805      ;
; 0.499 ; state.LOAD                ; state.LOAD                ; clk          ; clk         ; 0.000        ; 0.000      ; 0.805      ;
; 0.499 ; result_digit[0]~reg0      ; result_digit[0]~reg0      ; clk          ; clk         ; 0.000        ; 0.000      ; 0.805      ;
; 0.499 ; result_digit[1]~reg0      ; result_digit[1]~reg0      ; clk          ; clk         ; 0.000        ; 0.000      ; 0.805      ;
; 0.499 ; result_digit[2]~reg0      ; result_digit[2]~reg0      ; clk          ; clk         ; 0.000        ; 0.000      ; 0.805      ;
; 0.499 ; result_confidence[0]~reg0 ; result_confidence[0]~reg0 ; clk          ; clk         ; 0.000        ; 0.000      ; 0.805      ;
; 0.499 ; result_confidence[1]~reg0 ; result_confidence[1]~reg0 ; clk          ; clk         ; 0.000        ; 0.000      ; 0.805      ;
; 0.499 ; result_confidence[2]~reg0 ; result_confidence[2]~reg0 ; clk          ; clk         ; 0.000        ; 0.000      ; 0.805      ;
; 0.499 ; result_confidence[3]~reg0 ; result_confidence[3]~reg0 ; clk          ; clk         ; 0.000        ; 0.000      ; 0.805      ;
; 0.499 ; result_confidence[4]~reg0 ; result_confidence[4]~reg0 ; clk          ; clk         ; 0.000        ; 0.000      ; 0.805      ;
; 0.499 ; result_confidence[5]~reg0 ; result_confidence[5]~reg0 ; clk          ; clk         ; 0.000        ; 0.000      ; 0.805      ;
; 0.499 ; result_confidence[6]~reg0 ; result_confidence[6]~reg0 ; clk          ; clk         ; 0.000        ; 0.000      ; 0.805      ;
; 0.499 ; result_confidence[7]~reg0 ; result_confidence[7]~reg0 ; clk          ; clk         ; 0.000        ; 0.000      ; 0.805      ;
; 0.753 ; output_n[31]              ; output_n[31]              ; clk          ; clk         ; 0.000        ; 0.000      ; 1.059      ;
; 0.753 ; cycle_ctr[31]             ; cycle_ctr[31]             ; clk          ; clk         ; 0.000        ; 0.000      ; 1.059      ;
; 0.755 ; state.H_MAC               ; pixel_idx[12]             ; clk          ; clk         ; 0.000        ; 0.000      ; 1.061      ;
; 0.927 ; neuron[4]                 ; hidden_rtl_0_bypass[9]    ; clk          ; clk         ; 0.000        ; 0.000      ; 1.233      ;
; 0.935 ; neuron[3]                 ; hidden_rtl_0_bypass[7]    ; clk          ; clk         ; 0.000        ; 0.000      ; 1.241      ;
; 0.968 ; cycle_ctr[23]             ; result_cycles[23]~reg0    ; clk          ; clk         ; 0.000        ; 0.000      ; 1.274      ;
; 1.039 ; cycle_ctr[24]             ; result_cycles[24]~reg0    ; clk          ; clk         ; 0.000        ; 0.000      ; 1.345      ;
; 1.041 ; state.H_SETUP             ; state.H_MAC               ; clk          ; clk         ; 0.000        ; 0.000      ; 1.347      ;
; 1.053 ; cycle_ctr[22]             ; result_cycles[22]~reg0    ; clk          ; clk         ; 0.000        ; 0.000      ; 1.359      ;
; 1.054 ; cycle_ctr[27]             ; result_cycles[27]~reg0    ; clk          ; clk         ; 0.000        ; 0.000      ; 1.360      ;
; 1.056 ; cycle_ctr[30]             ; result_cycles[30]~reg0    ; clk          ; clk         ; 0.000        ; 0.000      ; 1.362      ;
; 1.064 ; cycle_ctr[20]             ; result_cycles[20]~reg0    ; clk          ; clk         ; 0.000        ; 0.000      ; 1.370      ;
; 1.066 ; cycle_ctr[21]             ; result_cycles[21]~reg0    ; clk          ; clk         ; 0.000        ; 0.000      ; 1.372      ;
; 1.096 ; state.H_NEXT              ; pixel_idx[5]              ; clk          ; clk         ; 0.000        ; 0.004      ; 1.406      ;
; 1.099 ; state.H_NEXT              ; pixel_idx[1]              ; clk          ; clk         ; 0.000        ; 0.004      ; 1.409      ;
; 1.124 ; state.O_SETUP             ; state.O_MAC               ; clk          ; clk         ; 0.000        ; 0.000      ; 1.430      ;
; 1.140 ; cycle_ctr[15]             ; result_cycles[15]~reg0    ; clk          ; clk         ; 0.000        ; 0.000      ; 1.446      ;
; 1.149 ; cycle_ctr[28]             ; result_cycles[28]~reg0    ; clk          ; clk         ; 0.000        ; 0.000      ; 1.455      ;
; 1.153 ; cycle_ctr[29]             ; result_cycles[29]~reg0    ; clk          ; clk         ; 0.000        ; 0.000      ; 1.459      ;
; 1.166 ; output_n[16]              ; output_n[16]              ; clk          ; clk         ; 0.000        ; 0.000      ; 1.472      ;
; 1.166 ; cycle_ctr[16]             ; cycle_ctr[16]             ; clk          ; clk         ; 0.000        ; 0.000      ; 1.472      ;
; 1.167 ; output_n[0]               ; output_n[0]               ; clk          ; clk         ; 0.000        ; 0.000      ; 1.473      ;
; 1.167 ; cycle_ctr[0]              ; cycle_ctr[0]              ; clk          ; clk         ; 0.000        ; 0.000      ; 1.473      ;
; 1.175 ; output_n[1]               ; output_n[1]               ; clk          ; clk         ; 0.000        ; 0.000      ; 1.481      ;
; 1.175 ; output_n[17]              ; output_n[17]              ; clk          ; clk         ; 0.000        ; 0.000      ; 1.481      ;
; 1.175 ; cycle_ctr[1]              ; cycle_ctr[1]              ; clk          ; clk         ; 0.000        ; 0.000      ; 1.481      ;
; 1.175 ; cycle_ctr[17]             ; cycle_ctr[17]             ; clk          ; clk         ; 0.000        ; 0.000      ; 1.481      ;
; 1.176 ; output_n[2]               ; output_n[2]               ; clk          ; clk         ; 0.000        ; 0.000      ; 1.482      ;
; 1.176 ; output_n[9]               ; output_n[9]               ; clk          ; clk         ; 0.000        ; 0.000      ; 1.482      ;
; 1.176 ; output_n[18]              ; output_n[18]              ; clk          ; clk         ; 0.000        ; 0.000      ; 1.482      ;
; 1.176 ; output_n[25]              ; output_n[25]              ; clk          ; clk         ; 0.000        ; 0.000      ; 1.482      ;
; 1.176 ; cycle_ctr[2]              ; cycle_ctr[2]              ; clk          ; clk         ; 0.000        ; 0.000      ; 1.482      ;
; 1.176 ; cycle_ctr[9]              ; cycle_ctr[9]              ; clk          ; clk         ; 0.000        ; 0.000      ; 1.482      ;
; 1.176 ; cycle_ctr[18]             ; cycle_ctr[18]             ; clk          ; clk         ; 0.000        ; 0.000      ; 1.482      ;
; 1.176 ; cycle_ctr[25]             ; cycle_ctr[25]             ; clk          ; clk         ; 0.000        ; 0.000      ; 1.482      ;
; 1.177 ; output_n[4]               ; output_n[4]               ; clk          ; clk         ; 0.000        ; 0.000      ; 1.483      ;
; 1.177 ; output_n[7]               ; output_n[7]               ; clk          ; clk         ; 0.000        ; 0.000      ; 1.483      ;
; 1.177 ; output_n[11]              ; output_n[11]              ; clk          ; clk         ; 0.000        ; 0.000      ; 1.483      ;
; 1.177 ; output_n[13]              ; output_n[13]              ; clk          ; clk         ; 0.000        ; 0.000      ; 1.483      ;
; 1.177 ; output_n[14]              ; output_n[14]              ; clk          ; clk         ; 0.000        ; 0.000      ; 1.483      ;
; 1.177 ; output_n[15]              ; output_n[15]              ; clk          ; clk         ; 0.000        ; 0.000      ; 1.483      ;
; 1.177 ; output_n[20]              ; output_n[20]              ; clk          ; clk         ; 0.000        ; 0.000      ; 1.483      ;
; 1.177 ; output_n[23]              ; output_n[23]              ; clk          ; clk         ; 0.000        ; 0.000      ; 1.483      ;
; 1.177 ; output_n[27]              ; output_n[27]              ; clk          ; clk         ; 0.000        ; 0.000      ; 1.483      ;
; 1.177 ; output_n[29]              ; output_n[29]              ; clk          ; clk         ; 0.000        ; 0.000      ; 1.483      ;
; 1.177 ; output_n[30]              ; output_n[30]              ; clk          ; clk         ; 0.000        ; 0.000      ; 1.483      ;
; 1.177 ; cycle_ctr[4]              ; cycle_ctr[4]              ; clk          ; clk         ; 0.000        ; 0.000      ; 1.483      ;
; 1.177 ; cycle_ctr[7]              ; cycle_ctr[7]              ; clk          ; clk         ; 0.000        ; 0.000      ; 1.483      ;
; 1.177 ; cycle_ctr[11]             ; cycle_ctr[11]             ; clk          ; clk         ; 0.000        ; 0.000      ; 1.483      ;
; 1.177 ; cycle_ctr[13]             ; cycle_ctr[13]             ; clk          ; clk         ; 0.000        ; 0.000      ; 1.483      ;
; 1.177 ; cycle_ctr[14]             ; cycle_ctr[14]             ; clk          ; clk         ; 0.000        ; 0.000      ; 1.483      ;
; 1.177 ; cycle_ctr[15]             ; cycle_ctr[15]             ; clk          ; clk         ; 0.000        ; 0.000      ; 1.483      ;
; 1.177 ; cycle_ctr[20]             ; cycle_ctr[20]             ; clk          ; clk         ; 0.000        ; 0.000      ; 1.483      ;
; 1.177 ; cycle_ctr[23]             ; cycle_ctr[23]             ; clk          ; clk         ; 0.000        ; 0.000      ; 1.483      ;
; 1.177 ; cycle_ctr[27]             ; cycle_ctr[27]             ; clk          ; clk         ; 0.000        ; 0.000      ; 1.483      ;
; 1.177 ; cycle_ctr[29]             ; cycle_ctr[29]             ; clk          ; clk         ; 0.000        ; 0.000      ; 1.483      ;
; 1.177 ; cycle_ctr[30]             ; cycle_ctr[30]             ; clk          ; clk         ; 0.000        ; 0.000      ; 1.483      ;
; 1.181 ; state.REJECT_FRAME        ; result_digit[0]~reg0      ; clk          ; clk         ; 0.000        ; 0.000      ; 1.487      ;
; 1.185 ; state.REJECT_FRAME        ; result_confidence[5]~reg0 ; clk          ; clk         ; 0.000        ; 0.000      ; 1.491      ;
; 1.187 ; state.REJECT_FRAME        ; result_digit[1]~reg0      ; clk          ; clk         ; 0.000        ; 0.000      ; 1.493      ;
; 1.216 ; cycle_ctr[3]              ; result_cycles[3]~reg0     ; clk          ; clk         ; 0.000        ; 0.000      ; 1.522      ;
; 1.217 ; neuron[1]                 ; hidden_rtl_0_bypass[3]    ; clk          ; clk         ; 0.000        ; 0.000      ; 1.523      ;
; 1.225 ; output_n[3]               ; output_n[3]               ; clk          ; clk         ; 0.000        ; 0.000      ; 1.531      ;
; 1.225 ; output_n[8]               ; output_n[8]               ; clk          ; clk         ; 0.000        ; 0.000      ; 1.531      ;
; 1.225 ; output_n[10]              ; output_n[10]              ; clk          ; clk         ; 0.000        ; 0.000      ; 1.531      ;
; 1.225 ; output_n[19]              ; output_n[19]              ; clk          ; clk         ; 0.000        ; 0.000      ; 1.531      ;
; 1.225 ; output_n[24]              ; output_n[24]              ; clk          ; clk         ; 0.000        ; 0.000      ; 1.531      ;
; 1.225 ; output_n[26]              ; output_n[26]              ; clk          ; clk         ; 0.000        ; 0.000      ; 1.531      ;
; 1.225 ; cycle_ctr[3]              ; cycle_ctr[3]              ; clk          ; clk         ; 0.000        ; 0.000      ; 1.531      ;
; 1.225 ; cycle_ctr[8]              ; cycle_ctr[8]              ; clk          ; clk         ; 0.000        ; 0.000      ; 1.531      ;
; 1.225 ; cycle_ctr[10]             ; cycle_ctr[10]             ; clk          ; clk         ; 0.000        ; 0.000      ; 1.531      ;
; 1.225 ; cycle_ctr[19]             ; cycle_ctr[19]             ; clk          ; clk         ; 0.000        ; 0.000      ; 1.531      ;
; 1.225 ; cycle_ctr[24]             ; cycle_ctr[24]             ; clk          ; clk         ; 0.000        ; 0.000      ; 1.531      ;
; 1.225 ; cycle_ctr[26]             ; cycle_ctr[26]             ; clk          ; clk         ; 0.000        ; 0.000      ; 1.531      ;
; 1.226 ; output_n[5]               ; output_n[5]               ; clk          ; clk         ; 0.000        ; 0.000      ; 1.532      ;
; 1.226 ; output_n[6]               ; output_n[6]               ; clk          ; clk         ; 0.000        ; 0.000      ; 1.532      ;
; 1.226 ; output_n[12]              ; output_n[12]              ; clk          ; clk         ; 0.000        ; 0.000      ; 1.532      ;
; 1.226 ; output_n[21]              ; output_n[21]              ; clk          ; clk         ; 0.000        ; 0.000      ; 1.532      ;
; 1.226 ; output_n[22]              ; output_n[22]              ; clk          ; clk         ; 0.000        ; 0.000      ; 1.532      ;
; 1.226 ; output_n[28]              ; output_n[28]              ; clk          ; clk         ; 0.000        ; 0.000      ; 1.532      ;
; 1.226 ; cycle_ctr[5]              ; cycle_ctr[5]              ; clk          ; clk         ; 0.000        ; 0.000      ; 1.532      ;
; 1.226 ; cycle_ctr[6]              ; cycle_ctr[6]              ; clk          ; clk         ; 0.000        ; 0.000      ; 1.532      ;
; 1.226 ; cycle_ctr[12]             ; cycle_ctr[12]             ; clk          ; clk         ; 0.000        ; 0.000      ; 1.532      ;
; 1.226 ; cycle_ctr[21]             ; cycle_ctr[21]             ; clk          ; clk         ; 0.000        ; 0.000      ; 1.532      ;
; 1.226 ; cycle_ctr[22]             ; cycle_ctr[22]             ; clk          ; clk         ; 0.000        ; 0.000      ; 1.532      ;
; 1.226 ; cycle_ctr[28]             ; cycle_ctr[28]             ; clk          ; clk         ; 0.000        ; 0.000      ; 1.532      ;
; 1.237 ; neuron[2]                 ; hidden_rtl_0_bypass[5]    ; clk          ; clk         ; 0.000        ; 0.000      ; 1.543      ;
+-------+---------------------------+---------------------------+--------------+-------------+--------------+------------+------------+


+--------------------------------------------------------------------------------------------------------------------------------------------------------------------------+
; Slow Model Minimum Pulse Width: 'clk'                                                                                                                                    ;
+--------+--------------+----------------+------------------+-------+------------+-----------------------------------------------------------------------------------------+
; Slack  ; Actual Width ; Required Width ; Type             ; Clock ; Clock Edge ; Target                                                                                  ;
+--------+--------------+----------------+------------------+-------+------------+-----------------------------------------------------------------------------------------+
; 21.933 ; 25.000       ; 3.067          ; High Pulse Width ; clk   ; Rise       ; altsyncram:hidden_rtl_0|altsyncram_4og1:auto_generated|ram_block1a0~porta_address_reg0  ;
; 21.933 ; 25.000       ; 3.067          ; Low Pulse Width  ; clk   ; Rise       ; altsyncram:hidden_rtl_0|altsyncram_4og1:auto_generated|ram_block1a0~porta_address_reg0  ;
; 21.933 ; 25.000       ; 3.067          ; High Pulse Width ; clk   ; Rise       ; altsyncram:hidden_rtl_0|altsyncram_4og1:auto_generated|ram_block1a0~porta_address_reg1  ;
; 21.933 ; 25.000       ; 3.067          ; Low Pulse Width  ; clk   ; Rise       ; altsyncram:hidden_rtl_0|altsyncram_4og1:auto_generated|ram_block1a0~porta_address_reg1  ;
; 21.933 ; 25.000       ; 3.067          ; High Pulse Width ; clk   ; Rise       ; altsyncram:hidden_rtl_0|altsyncram_4og1:auto_generated|ram_block1a0~porta_address_reg2  ;
; 21.933 ; 25.000       ; 3.067          ; Low Pulse Width  ; clk   ; Rise       ; altsyncram:hidden_rtl_0|altsyncram_4og1:auto_generated|ram_block1a0~porta_address_reg2  ;
; 21.933 ; 25.000       ; 3.067          ; High Pulse Width ; clk   ; Rise       ; altsyncram:hidden_rtl_0|altsyncram_4og1:auto_generated|ram_block1a0~porta_address_reg3  ;
; 21.933 ; 25.000       ; 3.067          ; Low Pulse Width  ; clk   ; Rise       ; altsyncram:hidden_rtl_0|altsyncram_4og1:auto_generated|ram_block1a0~porta_address_reg3  ;
; 21.933 ; 25.000       ; 3.067          ; High Pulse Width ; clk   ; Rise       ; altsyncram:hidden_rtl_0|altsyncram_4og1:auto_generated|ram_block1a0~porta_address_reg4  ;
; 21.933 ; 25.000       ; 3.067          ; Low Pulse Width  ; clk   ; Rise       ; altsyncram:hidden_rtl_0|altsyncram_4og1:auto_generated|ram_block1a0~porta_address_reg4  ;
; 21.933 ; 25.000       ; 3.067          ; High Pulse Width ; clk   ; Rise       ; altsyncram:hidden_rtl_0|altsyncram_4og1:auto_generated|ram_block1a0~porta_datain_reg0   ;
; 21.933 ; 25.000       ; 3.067          ; Low Pulse Width  ; clk   ; Rise       ; altsyncram:hidden_rtl_0|altsyncram_4og1:auto_generated|ram_block1a0~porta_datain_reg0   ;
; 21.933 ; 25.000       ; 3.067          ; High Pulse Width ; clk   ; Rise       ; altsyncram:hidden_rtl_0|altsyncram_4og1:auto_generated|ram_block1a0~porta_datain_reg1   ;
; 21.933 ; 25.000       ; 3.067          ; Low Pulse Width  ; clk   ; Rise       ; altsyncram:hidden_rtl_0|altsyncram_4og1:auto_generated|ram_block1a0~porta_datain_reg1   ;
; 21.933 ; 25.000       ; 3.067          ; High Pulse Width ; clk   ; Rise       ; altsyncram:hidden_rtl_0|altsyncram_4og1:auto_generated|ram_block1a0~porta_datain_reg10  ;
; 21.933 ; 25.000       ; 3.067          ; Low Pulse Width  ; clk   ; Rise       ; altsyncram:hidden_rtl_0|altsyncram_4og1:auto_generated|ram_block1a0~porta_datain_reg10  ;
; 21.933 ; 25.000       ; 3.067          ; High Pulse Width ; clk   ; Rise       ; altsyncram:hidden_rtl_0|altsyncram_4og1:auto_generated|ram_block1a0~porta_datain_reg11  ;
; 21.933 ; 25.000       ; 3.067          ; Low Pulse Width  ; clk   ; Rise       ; altsyncram:hidden_rtl_0|altsyncram_4og1:auto_generated|ram_block1a0~porta_datain_reg11  ;
; 21.933 ; 25.000       ; 3.067          ; High Pulse Width ; clk   ; Rise       ; altsyncram:hidden_rtl_0|altsyncram_4og1:auto_generated|ram_block1a0~porta_datain_reg12  ;
; 21.933 ; 25.000       ; 3.067          ; Low Pulse Width  ; clk   ; Rise       ; altsyncram:hidden_rtl_0|altsyncram_4og1:auto_generated|ram_block1a0~porta_datain_reg12  ;
; 21.933 ; 25.000       ; 3.067          ; High Pulse Width ; clk   ; Rise       ; altsyncram:hidden_rtl_0|altsyncram_4og1:auto_generated|ram_block1a0~porta_datain_reg13  ;
; 21.933 ; 25.000       ; 3.067          ; Low Pulse Width  ; clk   ; Rise       ; altsyncram:hidden_rtl_0|altsyncram_4og1:auto_generated|ram_block1a0~porta_datain_reg13  ;
; 21.933 ; 25.000       ; 3.067          ; High Pulse Width ; clk   ; Rise       ; altsyncram:hidden_rtl_0|altsyncram_4og1:auto_generated|ram_block1a0~porta_datain_reg14  ;
; 21.933 ; 25.000       ; 3.067          ; Low Pulse Width  ; clk   ; Rise       ; altsyncram:hidden_rtl_0|altsyncram_4og1:auto_generated|ram_block1a0~porta_datain_reg14  ;
; 21.933 ; 25.000       ; 3.067          ; High Pulse Width ; clk   ; Rise       ; altsyncram:hidden_rtl_0|altsyncram_4og1:auto_generated|ram_block1a0~porta_datain_reg15  ;
; 21.933 ; 25.000       ; 3.067          ; Low Pulse Width  ; clk   ; Rise       ; altsyncram:hidden_rtl_0|altsyncram_4og1:auto_generated|ram_block1a0~porta_datain_reg15  ;
; 21.933 ; 25.000       ; 3.067          ; High Pulse Width ; clk   ; Rise       ; altsyncram:hidden_rtl_0|altsyncram_4og1:auto_generated|ram_block1a0~porta_datain_reg16  ;
; 21.933 ; 25.000       ; 3.067          ; Low Pulse Width  ; clk   ; Rise       ; altsyncram:hidden_rtl_0|altsyncram_4og1:auto_generated|ram_block1a0~porta_datain_reg16  ;
; 21.933 ; 25.000       ; 3.067          ; High Pulse Width ; clk   ; Rise       ; altsyncram:hidden_rtl_0|altsyncram_4og1:auto_generated|ram_block1a0~porta_datain_reg17  ;
; 21.933 ; 25.000       ; 3.067          ; Low Pulse Width  ; clk   ; Rise       ; altsyncram:hidden_rtl_0|altsyncram_4og1:auto_generated|ram_block1a0~porta_datain_reg17  ;
; 21.933 ; 25.000       ; 3.067          ; High Pulse Width ; clk   ; Rise       ; altsyncram:hidden_rtl_0|altsyncram_4og1:auto_generated|ram_block1a0~porta_datain_reg18  ;
; 21.933 ; 25.000       ; 3.067          ; Low Pulse Width  ; clk   ; Rise       ; altsyncram:hidden_rtl_0|altsyncram_4og1:auto_generated|ram_block1a0~porta_datain_reg18  ;
; 21.933 ; 25.000       ; 3.067          ; High Pulse Width ; clk   ; Rise       ; altsyncram:hidden_rtl_0|altsyncram_4og1:auto_generated|ram_block1a0~porta_datain_reg19  ;
; 21.933 ; 25.000       ; 3.067          ; Low Pulse Width  ; clk   ; Rise       ; altsyncram:hidden_rtl_0|altsyncram_4og1:auto_generated|ram_block1a0~porta_datain_reg19  ;
; 21.933 ; 25.000       ; 3.067          ; High Pulse Width ; clk   ; Rise       ; altsyncram:hidden_rtl_0|altsyncram_4og1:auto_generated|ram_block1a0~porta_datain_reg2   ;
; 21.933 ; 25.000       ; 3.067          ; Low Pulse Width  ; clk   ; Rise       ; altsyncram:hidden_rtl_0|altsyncram_4og1:auto_generated|ram_block1a0~porta_datain_reg2   ;
; 21.933 ; 25.000       ; 3.067          ; High Pulse Width ; clk   ; Rise       ; altsyncram:hidden_rtl_0|altsyncram_4og1:auto_generated|ram_block1a0~porta_datain_reg20  ;
; 21.933 ; 25.000       ; 3.067          ; Low Pulse Width  ; clk   ; Rise       ; altsyncram:hidden_rtl_0|altsyncram_4og1:auto_generated|ram_block1a0~porta_datain_reg20  ;
; 21.933 ; 25.000       ; 3.067          ; High Pulse Width ; clk   ; Rise       ; altsyncram:hidden_rtl_0|altsyncram_4og1:auto_generated|ram_block1a0~porta_datain_reg21  ;
; 21.933 ; 25.000       ; 3.067          ; Low Pulse Width  ; clk   ; Rise       ; altsyncram:hidden_rtl_0|altsyncram_4og1:auto_generated|ram_block1a0~porta_datain_reg21  ;
; 21.933 ; 25.000       ; 3.067          ; High Pulse Width ; clk   ; Rise       ; altsyncram:hidden_rtl_0|altsyncram_4og1:auto_generated|ram_block1a0~porta_datain_reg22  ;
; 21.933 ; 25.000       ; 3.067          ; Low Pulse Width  ; clk   ; Rise       ; altsyncram:hidden_rtl_0|altsyncram_4og1:auto_generated|ram_block1a0~porta_datain_reg22  ;
; 21.933 ; 25.000       ; 3.067          ; High Pulse Width ; clk   ; Rise       ; altsyncram:hidden_rtl_0|altsyncram_4og1:auto_generated|ram_block1a0~porta_datain_reg23  ;
; 21.933 ; 25.000       ; 3.067          ; Low Pulse Width  ; clk   ; Rise       ; altsyncram:hidden_rtl_0|altsyncram_4og1:auto_generated|ram_block1a0~porta_datain_reg23  ;
; 21.933 ; 25.000       ; 3.067          ; High Pulse Width ; clk   ; Rise       ; altsyncram:hidden_rtl_0|altsyncram_4og1:auto_generated|ram_block1a0~porta_datain_reg24  ;
; 21.933 ; 25.000       ; 3.067          ; Low Pulse Width  ; clk   ; Rise       ; altsyncram:hidden_rtl_0|altsyncram_4og1:auto_generated|ram_block1a0~porta_datain_reg24  ;
; 21.933 ; 25.000       ; 3.067          ; High Pulse Width ; clk   ; Rise       ; altsyncram:hidden_rtl_0|altsyncram_4og1:auto_generated|ram_block1a0~porta_datain_reg25  ;
; 21.933 ; 25.000       ; 3.067          ; Low Pulse Width  ; clk   ; Rise       ; altsyncram:hidden_rtl_0|altsyncram_4og1:auto_generated|ram_block1a0~porta_datain_reg25  ;
; 21.933 ; 25.000       ; 3.067          ; High Pulse Width ; clk   ; Rise       ; altsyncram:hidden_rtl_0|altsyncram_4og1:auto_generated|ram_block1a0~porta_datain_reg26  ;
; 21.933 ; 25.000       ; 3.067          ; Low Pulse Width  ; clk   ; Rise       ; altsyncram:hidden_rtl_0|altsyncram_4og1:auto_generated|ram_block1a0~porta_datain_reg26  ;
; 21.933 ; 25.000       ; 3.067          ; High Pulse Width ; clk   ; Rise       ; altsyncram:hidden_rtl_0|altsyncram_4og1:auto_generated|ram_block1a0~porta_datain_reg3   ;
; 21.933 ; 25.000       ; 3.067          ; Low Pulse Width  ; clk   ; Rise       ; altsyncram:hidden_rtl_0|altsyncram_4og1:auto_generated|ram_block1a0~porta_datain_reg3   ;
; 21.933 ; 25.000       ; 3.067          ; High Pulse Width ; clk   ; Rise       ; altsyncram:hidden_rtl_0|altsyncram_4og1:auto_generated|ram_block1a0~porta_datain_reg4   ;
; 21.933 ; 25.000       ; 3.067          ; Low Pulse Width  ; clk   ; Rise       ; altsyncram:hidden_rtl_0|altsyncram_4og1:auto_generated|ram_block1a0~porta_datain_reg4   ;
; 21.933 ; 25.000       ; 3.067          ; High Pulse Width ; clk   ; Rise       ; altsyncram:hidden_rtl_0|altsyncram_4og1:auto_generated|ram_block1a0~porta_datain_reg5   ;
; 21.933 ; 25.000       ; 3.067          ; Low Pulse Width  ; clk   ; Rise       ; altsyncram:hidden_rtl_0|altsyncram_4og1:auto_generated|ram_block1a0~porta_datain_reg5   ;
; 21.933 ; 25.000       ; 3.067          ; High Pulse Width ; clk   ; Rise       ; altsyncram:hidden_rtl_0|altsyncram_4og1:auto_generated|ram_block1a0~porta_datain_reg6   ;
; 21.933 ; 25.000       ; 3.067          ; Low Pulse Width  ; clk   ; Rise       ; altsyncram:hidden_rtl_0|altsyncram_4og1:auto_generated|ram_block1a0~porta_datain_reg6   ;
; 21.933 ; 25.000       ; 3.067          ; High Pulse Width ; clk   ; Rise       ; altsyncram:hidden_rtl_0|altsyncram_4og1:auto_generated|ram_block1a0~porta_datain_reg7   ;
; 21.933 ; 25.000       ; 3.067          ; Low Pulse Width  ; clk   ; Rise       ; altsyncram:hidden_rtl_0|altsyncram_4og1:auto_generated|ram_block1a0~porta_datain_reg7   ;
; 21.933 ; 25.000       ; 3.067          ; High Pulse Width ; clk   ; Rise       ; altsyncram:hidden_rtl_0|altsyncram_4og1:auto_generated|ram_block1a0~porta_datain_reg8   ;
; 21.933 ; 25.000       ; 3.067          ; Low Pulse Width  ; clk   ; Rise       ; altsyncram:hidden_rtl_0|altsyncram_4og1:auto_generated|ram_block1a0~porta_datain_reg8   ;
; 21.933 ; 25.000       ; 3.067          ; High Pulse Width ; clk   ; Rise       ; altsyncram:hidden_rtl_0|altsyncram_4og1:auto_generated|ram_block1a0~porta_datain_reg9   ;
; 21.933 ; 25.000       ; 3.067          ; Low Pulse Width  ; clk   ; Rise       ; altsyncram:hidden_rtl_0|altsyncram_4og1:auto_generated|ram_block1a0~porta_datain_reg9   ;
; 21.933 ; 25.000       ; 3.067          ; High Pulse Width ; clk   ; Rise       ; altsyncram:hidden_rtl_0|altsyncram_4og1:auto_generated|ram_block1a0~porta_memory_reg0   ;
; 21.933 ; 25.000       ; 3.067          ; Low Pulse Width  ; clk   ; Rise       ; altsyncram:hidden_rtl_0|altsyncram_4og1:auto_generated|ram_block1a0~porta_memory_reg0   ;
; 21.933 ; 25.000       ; 3.067          ; High Pulse Width ; clk   ; Rise       ; altsyncram:hidden_rtl_0|altsyncram_4og1:auto_generated|ram_block1a0~porta_we_reg        ;
; 21.933 ; 25.000       ; 3.067          ; Low Pulse Width  ; clk   ; Rise       ; altsyncram:hidden_rtl_0|altsyncram_4og1:auto_generated|ram_block1a0~porta_we_reg        ;
; 21.933 ; 25.000       ; 3.067          ; High Pulse Width ; clk   ; Rise       ; altsyncram:hidden_rtl_0|altsyncram_4og1:auto_generated|ram_block1a0~portb_address_reg0  ;
; 21.933 ; 25.000       ; 3.067          ; Low Pulse Width  ; clk   ; Rise       ; altsyncram:hidden_rtl_0|altsyncram_4og1:auto_generated|ram_block1a0~portb_address_reg0  ;
; 21.933 ; 25.000       ; 3.067          ; High Pulse Width ; clk   ; Rise       ; altsyncram:hidden_rtl_0|altsyncram_4og1:auto_generated|ram_block1a0~portb_address_reg1  ;
; 21.933 ; 25.000       ; 3.067          ; Low Pulse Width  ; clk   ; Rise       ; altsyncram:hidden_rtl_0|altsyncram_4og1:auto_generated|ram_block1a0~portb_address_reg1  ;
; 21.933 ; 25.000       ; 3.067          ; High Pulse Width ; clk   ; Rise       ; altsyncram:hidden_rtl_0|altsyncram_4og1:auto_generated|ram_block1a0~portb_address_reg2  ;
; 21.933 ; 25.000       ; 3.067          ; Low Pulse Width  ; clk   ; Rise       ; altsyncram:hidden_rtl_0|altsyncram_4og1:auto_generated|ram_block1a0~portb_address_reg2  ;
; 21.933 ; 25.000       ; 3.067          ; High Pulse Width ; clk   ; Rise       ; altsyncram:hidden_rtl_0|altsyncram_4og1:auto_generated|ram_block1a0~portb_address_reg3  ;
; 21.933 ; 25.000       ; 3.067          ; Low Pulse Width  ; clk   ; Rise       ; altsyncram:hidden_rtl_0|altsyncram_4og1:auto_generated|ram_block1a0~portb_address_reg3  ;
; 21.933 ; 25.000       ; 3.067          ; High Pulse Width ; clk   ; Rise       ; altsyncram:hidden_rtl_0|altsyncram_4og1:auto_generated|ram_block1a0~portb_address_reg4  ;
; 21.933 ; 25.000       ; 3.067          ; Low Pulse Width  ; clk   ; Rise       ; altsyncram:hidden_rtl_0|altsyncram_4og1:auto_generated|ram_block1a0~portb_address_reg4  ;
; 21.933 ; 25.000       ; 3.067          ; High Pulse Width ; clk   ; Rise       ; altsyncram:hidden_rtl_0|altsyncram_4og1:auto_generated|ram_block1a10~porta_memory_reg0  ;
; 21.933 ; 25.000       ; 3.067          ; Low Pulse Width  ; clk   ; Rise       ; altsyncram:hidden_rtl_0|altsyncram_4og1:auto_generated|ram_block1a10~porta_memory_reg0  ;
; 21.933 ; 25.000       ; 3.067          ; High Pulse Width ; clk   ; Rise       ; altsyncram:hidden_rtl_0|altsyncram_4og1:auto_generated|ram_block1a11~porta_memory_reg0  ;
; 21.933 ; 25.000       ; 3.067          ; Low Pulse Width  ; clk   ; Rise       ; altsyncram:hidden_rtl_0|altsyncram_4og1:auto_generated|ram_block1a11~porta_memory_reg0  ;
; 21.933 ; 25.000       ; 3.067          ; High Pulse Width ; clk   ; Rise       ; altsyncram:hidden_rtl_0|altsyncram_4og1:auto_generated|ram_block1a12~porta_memory_reg0  ;
; 21.933 ; 25.000       ; 3.067          ; Low Pulse Width  ; clk   ; Rise       ; altsyncram:hidden_rtl_0|altsyncram_4og1:auto_generated|ram_block1a12~porta_memory_reg0  ;
; 21.933 ; 25.000       ; 3.067          ; High Pulse Width ; clk   ; Rise       ; altsyncram:hidden_rtl_0|altsyncram_4og1:auto_generated|ram_block1a13~porta_memory_reg0  ;
; 21.933 ; 25.000       ; 3.067          ; Low Pulse Width  ; clk   ; Rise       ; altsyncram:hidden_rtl_0|altsyncram_4og1:auto_generated|ram_block1a13~porta_memory_reg0  ;
; 21.933 ; 25.000       ; 3.067          ; High Pulse Width ; clk   ; Rise       ; altsyncram:hidden_rtl_0|altsyncram_4og1:auto_generated|ram_block1a14~porta_memory_reg0  ;
; 21.933 ; 25.000       ; 3.067          ; Low Pulse Width  ; clk   ; Rise       ; altsyncram:hidden_rtl_0|altsyncram_4og1:auto_generated|ram_block1a14~porta_memory_reg0  ;
; 21.933 ; 25.000       ; 3.067          ; High Pulse Width ; clk   ; Rise       ; altsyncram:hidden_rtl_0|altsyncram_4og1:auto_generated|ram_block1a15~porta_memory_reg0  ;
; 21.933 ; 25.000       ; 3.067          ; Low Pulse Width  ; clk   ; Rise       ; altsyncram:hidden_rtl_0|altsyncram_4og1:auto_generated|ram_block1a15~porta_memory_reg0  ;
; 21.933 ; 25.000       ; 3.067          ; High Pulse Width ; clk   ; Rise       ; altsyncram:hidden_rtl_0|altsyncram_4og1:auto_generated|ram_block1a16~porta_memory_reg0  ;
; 21.933 ; 25.000       ; 3.067          ; Low Pulse Width  ; clk   ; Rise       ; altsyncram:hidden_rtl_0|altsyncram_4og1:auto_generated|ram_block1a16~porta_memory_reg0  ;
; 21.933 ; 25.000       ; 3.067          ; High Pulse Width ; clk   ; Rise       ; altsyncram:hidden_rtl_0|altsyncram_4og1:auto_generated|ram_block1a17~porta_memory_reg0  ;
; 21.933 ; 25.000       ; 3.067          ; Low Pulse Width  ; clk   ; Rise       ; altsyncram:hidden_rtl_0|altsyncram_4og1:auto_generated|ram_block1a17~porta_memory_reg0  ;
; 21.933 ; 25.000       ; 3.067          ; High Pulse Width ; clk   ; Rise       ; altsyncram:hidden_rtl_0|altsyncram_4og1:auto_generated|ram_block1a18~porta_address_reg0 ;
; 21.933 ; 25.000       ; 3.067          ; Low Pulse Width  ; clk   ; Rise       ; altsyncram:hidden_rtl_0|altsyncram_4og1:auto_generated|ram_block1a18~porta_address_reg0 ;
; 21.933 ; 25.000       ; 3.067          ; High Pulse Width ; clk   ; Rise       ; altsyncram:hidden_rtl_0|altsyncram_4og1:auto_generated|ram_block1a18~porta_address_reg1 ;
; 21.933 ; 25.000       ; 3.067          ; Low Pulse Width  ; clk   ; Rise       ; altsyncram:hidden_rtl_0|altsyncram_4og1:auto_generated|ram_block1a18~porta_address_reg1 ;
; 21.933 ; 25.000       ; 3.067          ; High Pulse Width ; clk   ; Rise       ; altsyncram:hidden_rtl_0|altsyncram_4og1:auto_generated|ram_block1a18~porta_address_reg2 ;
; 21.933 ; 25.000       ; 3.067          ; Low Pulse Width  ; clk   ; Rise       ; altsyncram:hidden_rtl_0|altsyncram_4og1:auto_generated|ram_block1a18~porta_address_reg2 ;
+--------+--------------+----------------+------------------+-------+------------+-----------------------------------------------------------------------------------------+


+-------------------------------------------------------------------------------------+
; Setup Times                                                                         ;
+-----------------------+------------+--------+--------+------------+-----------------+
; Data Port             ; Clock Port ; Rise   ; Fall   ; Clock Edge ; Clock Reference ;
+-----------------------+------------+--------+--------+------------+-----------------+
; input_frame_error     ; clk        ; 12.982 ; 12.982 ; Rise       ; clk             ;
; input_frame_last      ; clk        ; 10.592 ; 10.592 ; Rise       ; clk             ;
; input_frame_valid     ; clk        ; 12.744 ; 12.744 ; Rise       ; clk             ;
; input_pixel[*]        ; clk        ; 7.327  ; 7.327  ; Rise       ; clk             ;
;  input_pixel[0]       ; clk        ; 1.383  ; 1.383  ; Rise       ; clk             ;
;  input_pixel[1]       ; clk        ; 4.718  ; 4.718  ; Rise       ; clk             ;
;  input_pixel[2]       ; clk        ; 4.697  ; 4.697  ; Rise       ; clk             ;
;  input_pixel[3]       ; clk        ; 7.327  ; 7.327  ; Rise       ; clk             ;
; input_pixel_index[*]  ; clk        ; 16.954 ; 16.954 ; Rise       ; clk             ;
;  input_pixel_index[0] ; clk        ; 16.254 ; 16.254 ; Rise       ; clk             ;
;  input_pixel_index[1] ; clk        ; 16.954 ; 16.954 ; Rise       ; clk             ;
;  input_pixel_index[2] ; clk        ; 15.964 ; 15.964 ; Rise       ; clk             ;
;  input_pixel_index[3] ; clk        ; 16.532 ; 16.532 ; Rise       ; clk             ;
;  input_pixel_index[4] ; clk        ; 14.433 ; 14.433 ; Rise       ; clk             ;
;  input_pixel_index[5] ; clk        ; 12.231 ; 12.231 ; Rise       ; clk             ;
;  input_pixel_index[6] ; clk        ; 16.520 ; 16.520 ; Rise       ; clk             ;
;  input_pixel_index[7] ; clk        ; 15.925 ; 15.925 ; Rise       ; clk             ;
; reset_n               ; clk        ; 20.032 ; 20.032 ; Rise       ; clk             ;
+-----------------------+------------+--------+--------+------------+-----------------+


+-------------------------------------------------------------------------------------+
; Hold Times                                                                          ;
+-----------------------+------------+--------+--------+------------+-----------------+
; Data Port             ; Clock Port ; Rise   ; Fall   ; Clock Edge ; Clock Reference ;
+-----------------------+------------+--------+--------+------------+-----------------+
; input_frame_error     ; clk        ; -0.277 ; -0.277 ; Rise       ; clk             ;
; input_frame_last      ; clk        ; -3.048 ; -3.048 ; Rise       ; clk             ;
; input_frame_valid     ; clk        ; -0.448 ; -0.448 ; Rise       ; clk             ;
; input_pixel[*]        ; clk        ; -0.890 ; -0.890 ; Rise       ; clk             ;
;  input_pixel[0]       ; clk        ; -0.890 ; -0.890 ; Rise       ; clk             ;
;  input_pixel[1]       ; clk        ; -4.223 ; -4.223 ; Rise       ; clk             ;
;  input_pixel[2]       ; clk        ; -4.210 ; -4.210 ; Rise       ; clk             ;
;  input_pixel[3]       ; clk        ; -6.825 ; -6.825 ; Rise       ; clk             ;
; input_pixel_index[*]  ; clk        ; -0.420 ; -0.420 ; Rise       ; clk             ;
;  input_pixel_index[0] ; clk        ; -4.269 ; -4.269 ; Rise       ; clk             ;
;  input_pixel_index[1] ; clk        ; -4.983 ; -4.983 ; Rise       ; clk             ;
;  input_pixel_index[2] ; clk        ; -4.435 ; -4.435 ; Rise       ; clk             ;
;  input_pixel_index[3] ; clk        ; -4.983 ; -4.983 ; Rise       ; clk             ;
;  input_pixel_index[4] ; clk        ; -2.837 ; -2.837 ; Rise       ; clk             ;
;  input_pixel_index[5] ; clk        ; -0.420 ; -0.420 ; Rise       ; clk             ;
;  input_pixel_index[6] ; clk        ; -4.336 ; -4.336 ; Rise       ; clk             ;
;  input_pixel_index[7] ; clk        ; -4.270 ; -4.270 ; Rise       ; clk             ;
; reset_n               ; clk        ; -0.500 ; -0.500 ; Rise       ; clk             ;
+-----------------------+------------+--------+--------+------------+-----------------+


+-------------------------------------------------------------------------------------+
; Clock to Output Times                                                               ;
+-----------------------+------------+--------+--------+------------+-----------------+
; Data Port             ; Clock Port ; Rise   ; Fall   ; Clock Edge ; Clock Reference ;
+-----------------------+------------+--------+--------+------------+-----------------+
; busy                  ; clk        ; 10.812 ; 10.812 ; Rise       ; clk             ;
; result_accepted       ; clk        ; 9.065  ; 9.065  ; Rise       ; clk             ;
; result_confidence[*]  ; clk        ; 12.824 ; 12.824 ; Rise       ; clk             ;
;  result_confidence[0] ; clk        ; 9.741  ; 9.741  ; Rise       ; clk             ;
;  result_confidence[1] ; clk        ; 8.721  ; 8.721  ; Rise       ; clk             ;
;  result_confidence[2] ; clk        ; 12.824 ; 12.824 ; Rise       ; clk             ;
;  result_confidence[3] ; clk        ; 9.214  ; 9.214  ; Rise       ; clk             ;
;  result_confidence[4] ; clk        ; 7.946  ; 7.946  ; Rise       ; clk             ;
;  result_confidence[5] ; clk        ; 10.563 ; 10.563 ; Rise       ; clk             ;
;  result_confidence[6] ; clk        ; 7.216  ; 7.216  ; Rise       ; clk             ;
;  result_confidence[7] ; clk        ; 8.497  ; 8.497  ; Rise       ; clk             ;
; result_cycles[*]      ; clk        ; 12.946 ; 12.946 ; Rise       ; clk             ;
;  result_cycles[0]     ; clk        ; 11.433 ; 11.433 ; Rise       ; clk             ;
;  result_cycles[1]     ; clk        ; 10.144 ; 10.144 ; Rise       ; clk             ;
;  result_cycles[2]     ; clk        ; 11.456 ; 11.456 ; Rise       ; clk             ;
;  result_cycles[3]     ; clk        ; 10.641 ; 10.641 ; Rise       ; clk             ;
;  result_cycles[4]     ; clk        ; 7.698  ; 7.698  ; Rise       ; clk             ;
;  result_cycles[5]     ; clk        ; 7.233  ; 7.233  ; Rise       ; clk             ;
;  result_cycles[6]     ; clk        ; 7.179  ; 7.179  ; Rise       ; clk             ;
;  result_cycles[7]     ; clk        ; 8.483  ; 8.483  ; Rise       ; clk             ;
;  result_cycles[8]     ; clk        ; 7.244  ; 7.244  ; Rise       ; clk             ;
;  result_cycles[9]     ; clk        ; 7.568  ; 7.568  ; Rise       ; clk             ;
;  result_cycles[10]    ; clk        ; 12.946 ; 12.946 ; Rise       ; clk             ;
;  result_cycles[11]    ; clk        ; 7.212  ; 7.212  ; Rise       ; clk             ;
;  result_cycles[12]    ; clk        ; 8.801  ; 8.801  ; Rise       ; clk             ;
;  result_cycles[13]    ; clk        ; 10.590 ; 10.590 ; Rise       ; clk             ;
;  result_cycles[14]    ; clk        ; 7.757  ; 7.757  ; Rise       ; clk             ;
;  result_cycles[15]    ; clk        ; 9.998  ; 9.998  ; Rise       ; clk             ;
;  result_cycles[16]    ; clk        ; 7.420  ; 7.420  ; Rise       ; clk             ;
;  result_cycles[17]    ; clk        ; 7.822  ; 7.822  ; Rise       ; clk             ;
;  result_cycles[18]    ; clk        ; 7.390  ; 7.390  ; Rise       ; clk             ;
;  result_cycles[19]    ; clk        ; 7.955  ; 7.955  ; Rise       ; clk             ;
;  result_cycles[20]    ; clk        ; 8.235  ; 8.235  ; Rise       ; clk             ;
;  result_cycles[21]    ; clk        ; 7.200  ; 7.200  ; Rise       ; clk             ;
;  result_cycles[22]    ; clk        ; 7.246  ; 7.246  ; Rise       ; clk             ;
;  result_cycles[23]    ; clk        ; 10.697 ; 10.697 ; Rise       ; clk             ;
;  result_cycles[24]    ; clk        ; 7.710  ; 7.710  ; Rise       ; clk             ;
;  result_cycles[25]    ; clk        ; 8.717  ; 8.717  ; Rise       ; clk             ;
;  result_cycles[26]    ; clk        ; 6.817  ; 6.817  ; Rise       ; clk             ;
;  result_cycles[27]    ; clk        ; 7.236  ; 7.236  ; Rise       ; clk             ;
;  result_cycles[28]    ; clk        ; 6.827  ; 6.827  ; Rise       ; clk             ;
;  result_cycles[29]    ; clk        ; 6.776  ; 6.776  ; Rise       ; clk             ;
;  result_cycles[30]    ; clk        ; 7.199  ; 7.199  ; Rise       ; clk             ;
;  result_cycles[31]    ; clk        ; 7.275  ; 7.275  ; Rise       ; clk             ;
; result_digit[*]       ; clk        ; 11.901 ; 11.901 ; Rise       ; clk             ;
;  result_digit[0]      ; clk        ; 11.901 ; 11.901 ; Rise       ; clk             ;
;  result_digit[1]      ; clk        ; 9.759  ; 9.759  ; Rise       ; clk             ;
;  result_digit[2]      ; clk        ; 7.314  ; 7.314  ; Rise       ; clk             ;
;  result_digit[3]      ; clk        ; 7.324  ; 7.324  ; Rise       ; clk             ;
; result_margin[*]      ; clk        ; 11.840 ; 11.840 ; Rise       ; clk             ;
;  result_margin[0]     ; clk        ; 8.392  ; 8.392  ; Rise       ; clk             ;
;  result_margin[1]     ; clk        ; 8.390  ; 8.390  ; Rise       ; clk             ;
;  result_margin[2]     ; clk        ; 8.806  ; 8.806  ; Rise       ; clk             ;
;  result_margin[3]     ; clk        ; 7.598  ; 7.598  ; Rise       ; clk             ;
;  result_margin[4]     ; clk        ; 11.618 ; 11.618 ; Rise       ; clk             ;
;  result_margin[5]     ; clk        ; 7.793  ; 7.793  ; Rise       ; clk             ;
;  result_margin[6]     ; clk        ; 8.677  ; 8.677  ; Rise       ; clk             ;
;  result_margin[7]     ; clk        ; 8.592  ; 8.592  ; Rise       ; clk             ;
;  result_margin[8]     ; clk        ; 10.059 ; 10.059 ; Rise       ; clk             ;
;  result_margin[9]     ; clk        ; 8.700  ; 8.700  ; Rise       ; clk             ;
;  result_margin[10]    ; clk        ; 11.840 ; 11.840 ; Rise       ; clk             ;
;  result_margin[11]    ; clk        ; 8.627  ; 8.627  ; Rise       ; clk             ;
;  result_margin[12]    ; clk        ; 11.282 ; 11.282 ; Rise       ; clk             ;
;  result_margin[13]    ; clk        ; 9.042  ; 9.042  ; Rise       ; clk             ;
;  result_margin[14]    ; clk        ; 9.308  ; 9.308  ; Rise       ; clk             ;
;  result_margin[15]    ; clk        ; 10.120 ; 10.120 ; Rise       ; clk             ;
; result_valid          ; clk        ; 8.878  ; 8.878  ; Rise       ; clk             ;
+-----------------------+------------+--------+--------+------------+-----------------+


+-------------------------------------------------------------------------------------+
; Minimum Clock to Output Times                                                       ;
+-----------------------+------------+--------+--------+------------+-----------------+
; Data Port             ; Clock Port ; Rise   ; Fall   ; Clock Edge ; Clock Reference ;
+-----------------------+------------+--------+--------+------------+-----------------+
; busy                  ; clk        ; 8.853  ; 8.853  ; Rise       ; clk             ;
; result_accepted       ; clk        ; 9.065  ; 9.065  ; Rise       ; clk             ;
; result_confidence[*]  ; clk        ; 7.216  ; 7.216  ; Rise       ; clk             ;
;  result_confidence[0] ; clk        ; 9.741  ; 9.741  ; Rise       ; clk             ;
;  result_confidence[1] ; clk        ; 8.721  ; 8.721  ; Rise       ; clk             ;
;  result_confidence[2] ; clk        ; 12.824 ; 12.824 ; Rise       ; clk             ;
;  result_confidence[3] ; clk        ; 9.214  ; 9.214  ; Rise       ; clk             ;
;  result_confidence[4] ; clk        ; 7.946  ; 7.946  ; Rise       ; clk             ;
;  result_confidence[5] ; clk        ; 10.563 ; 10.563 ; Rise       ; clk             ;
;  result_confidence[6] ; clk        ; 7.216  ; 7.216  ; Rise       ; clk             ;
;  result_confidence[7] ; clk        ; 8.497  ; 8.497  ; Rise       ; clk             ;
; result_cycles[*]      ; clk        ; 6.776  ; 6.776  ; Rise       ; clk             ;
;  result_cycles[0]     ; clk        ; 11.433 ; 11.433 ; Rise       ; clk             ;
;  result_cycles[1]     ; clk        ; 10.144 ; 10.144 ; Rise       ; clk             ;
;  result_cycles[2]     ; clk        ; 11.456 ; 11.456 ; Rise       ; clk             ;
;  result_cycles[3]     ; clk        ; 10.641 ; 10.641 ; Rise       ; clk             ;
;  result_cycles[4]     ; clk        ; 7.698  ; 7.698  ; Rise       ; clk             ;
;  result_cycles[5]     ; clk        ; 7.233  ; 7.233  ; Rise       ; clk             ;
;  result_cycles[6]     ; clk        ; 7.179  ; 7.179  ; Rise       ; clk             ;
;  result_cycles[7]     ; clk        ; 8.483  ; 8.483  ; Rise       ; clk             ;
;  result_cycles[8]     ; clk        ; 7.244  ; 7.244  ; Rise       ; clk             ;
;  result_cycles[9]     ; clk        ; 7.568  ; 7.568  ; Rise       ; clk             ;
;  result_cycles[10]    ; clk        ; 12.946 ; 12.946 ; Rise       ; clk             ;
;  result_cycles[11]    ; clk        ; 7.212  ; 7.212  ; Rise       ; clk             ;
;  result_cycles[12]    ; clk        ; 8.801  ; 8.801  ; Rise       ; clk             ;
;  result_cycles[13]    ; clk        ; 10.590 ; 10.590 ; Rise       ; clk             ;
;  result_cycles[14]    ; clk        ; 7.757  ; 7.757  ; Rise       ; clk             ;
;  result_cycles[15]    ; clk        ; 9.998  ; 9.998  ; Rise       ; clk             ;
;  result_cycles[16]    ; clk        ; 7.420  ; 7.420  ; Rise       ; clk             ;
;  result_cycles[17]    ; clk        ; 7.822  ; 7.822  ; Rise       ; clk             ;
;  result_cycles[18]    ; clk        ; 7.390  ; 7.390  ; Rise       ; clk             ;
;  result_cycles[19]    ; clk        ; 7.955  ; 7.955  ; Rise       ; clk             ;
;  result_cycles[20]    ; clk        ; 8.235  ; 8.235  ; Rise       ; clk             ;
;  result_cycles[21]    ; clk        ; 7.200  ; 7.200  ; Rise       ; clk             ;
;  result_cycles[22]    ; clk        ; 7.246  ; 7.246  ; Rise       ; clk             ;
;  result_cycles[23]    ; clk        ; 10.697 ; 10.697 ; Rise       ; clk             ;
;  result_cycles[24]    ; clk        ; 7.710  ; 7.710  ; Rise       ; clk             ;
;  result_cycles[25]    ; clk        ; 8.717  ; 8.717  ; Rise       ; clk             ;
;  result_cycles[26]    ; clk        ; 6.817  ; 6.817  ; Rise       ; clk             ;
;  result_cycles[27]    ; clk        ; 7.236  ; 7.236  ; Rise       ; clk             ;
;  result_cycles[28]    ; clk        ; 6.827  ; 6.827  ; Rise       ; clk             ;
;  result_cycles[29]    ; clk        ; 6.776  ; 6.776  ; Rise       ; clk             ;
;  result_cycles[30]    ; clk        ; 7.199  ; 7.199  ; Rise       ; clk             ;
;  result_cycles[31]    ; clk        ; 7.275  ; 7.275  ; Rise       ; clk             ;
; result_digit[*]       ; clk        ; 7.314  ; 7.314  ; Rise       ; clk             ;
;  result_digit[0]      ; clk        ; 11.901 ; 11.901 ; Rise       ; clk             ;
;  result_digit[1]      ; clk        ; 9.759  ; 9.759  ; Rise       ; clk             ;
;  result_digit[2]      ; clk        ; 7.314  ; 7.314  ; Rise       ; clk             ;
;  result_digit[3]      ; clk        ; 7.324  ; 7.324  ; Rise       ; clk             ;
; result_margin[*]      ; clk        ; 7.598  ; 7.598  ; Rise       ; clk             ;
;  result_margin[0]     ; clk        ; 8.392  ; 8.392  ; Rise       ; clk             ;
;  result_margin[1]     ; clk        ; 8.390  ; 8.390  ; Rise       ; clk             ;
;  result_margin[2]     ; clk        ; 8.806  ; 8.806  ; Rise       ; clk             ;
;  result_margin[3]     ; clk        ; 7.598  ; 7.598  ; Rise       ; clk             ;
;  result_margin[4]     ; clk        ; 11.618 ; 11.618 ; Rise       ; clk             ;
;  result_margin[5]     ; clk        ; 7.793  ; 7.793  ; Rise       ; clk             ;
;  result_margin[6]     ; clk        ; 8.677  ; 8.677  ; Rise       ; clk             ;
;  result_margin[7]     ; clk        ; 8.592  ; 8.592  ; Rise       ; clk             ;
;  result_margin[8]     ; clk        ; 10.059 ; 10.059 ; Rise       ; clk             ;
;  result_margin[9]     ; clk        ; 8.700  ; 8.700  ; Rise       ; clk             ;
;  result_margin[10]    ; clk        ; 11.840 ; 11.840 ; Rise       ; clk             ;
;  result_margin[11]    ; clk        ; 8.627  ; 8.627  ; Rise       ; clk             ;
;  result_margin[12]    ; clk        ; 11.282 ; 11.282 ; Rise       ; clk             ;
;  result_margin[13]    ; clk        ; 9.042  ; 9.042  ; Rise       ; clk             ;
;  result_margin[14]    ; clk        ; 9.308  ; 9.308  ; Rise       ; clk             ;
;  result_margin[15]    ; clk        ; 10.120 ; 10.120 ; Rise       ; clk             ;
; result_valid          ; clk        ; 8.878  ; 8.878  ; Rise       ; clk             ;
+-----------------------+------------+--------+--------+------------+-----------------+


+-------------------------------+
; Fast Model Setup Summary      ;
+-------+-------+---------------+
; Clock ; Slack ; End Point TNS ;
+-------+-------+---------------+
; clk   ; 5.791 ; 0.000         ;
+-------+-------+---------------+


+-------------------------------+
; Fast Model Hold Summary       ;
+-------+-------+---------------+
; Clock ; Slack ; End Point TNS ;
+-------+-------+---------------+
; clk   ; 0.215 ; 0.000         ;
+-------+-------+---------------+


-------------------------------
; Fast Model Recovery Summary ;
-------------------------------
No paths to report.


------------------------------
; Fast Model Removal Summary ;
------------------------------
No paths to report.


+----------------------------------------+
; Fast Model Minimum Pulse Width Summary ;
+-------+--------+-----------------------+
; Clock ; Slack  ; End Point TNS         ;
+-------+--------+-----------------------+
; clk   ; 22.873 ; 0.000                 ;
+-------+--------+-----------------------+


+---------------------------------------------------------------------------------------------------------------------+
; Fast Model Setup: 'clk'                                                                                             ;
+-------+--------------+------------------------+--------------+-------------+--------------+------------+------------+
; Slack ; From Node    ; To Node                ; Launch Clock ; Latch Clock ; Relationship ; Clock Skew ; Data Delay ;
+-------+--------------+------------------------+--------------+-------------+--------------+------------+------------+
; 5.791 ; scores[1][3] ; result_margin[15]~reg0 ; clk          ; clk         ; 50.000       ; 0.023      ; 44.264     ;
; 5.793 ; scores[1][3] ; result_margin[8]~reg0  ; clk          ; clk         ; 50.000       ; 0.023      ; 44.262     ;
; 5.795 ; scores[1][3] ; result_margin[5]~reg0  ; clk          ; clk         ; 50.000       ; 0.023      ; 44.260     ;
; 5.809 ; scores[0][3] ; result_margin[15]~reg0 ; clk          ; clk         ; 50.000       ; 0.023      ; 44.246     ;
; 5.811 ; scores[0][3] ; result_margin[8]~reg0  ; clk          ; clk         ; 50.000       ; 0.023      ; 44.244     ;
; 5.813 ; scores[0][3] ; result_margin[5]~reg0  ; clk          ; clk         ; 50.000       ; 0.023      ; 44.242     ;
; 5.819 ; scores[1][3] ; result_margin[1]~reg0  ; clk          ; clk         ; 50.000       ; 0.024      ; 44.237     ;
; 5.819 ; scores[1][3] ; result_margin[2]~reg0  ; clk          ; clk         ; 50.000       ; 0.024      ; 44.237     ;
; 5.821 ; scores[1][3] ; result_margin[4]~reg0  ; clk          ; clk         ; 50.000       ; 0.024      ; 44.235     ;
; 5.821 ; scores[1][3] ; result_margin[9]~reg0  ; clk          ; clk         ; 50.000       ; 0.024      ; 44.235     ;
; 5.826 ; scores[1][3] ; result_margin[0]~reg0  ; clk          ; clk         ; 50.000       ; 0.024      ; 44.230     ;
; 5.837 ; scores[0][3] ; result_margin[1]~reg0  ; clk          ; clk         ; 50.000       ; 0.024      ; 44.219     ;
; 5.837 ; scores[0][3] ; result_margin[2]~reg0  ; clk          ; clk         ; 50.000       ; 0.024      ; 44.219     ;
; 5.839 ; scores[0][3] ; result_margin[4]~reg0  ; clk          ; clk         ; 50.000       ; 0.024      ; 44.217     ;
; 5.839 ; scores[0][3] ; result_margin[9]~reg0  ; clk          ; clk         ; 50.000       ; 0.024      ; 44.217     ;
; 5.844 ; scores[0][3] ; result_margin[0]~reg0  ; clk          ; clk         ; 50.000       ; 0.024      ; 44.212     ;
; 5.852 ; scores[1][3] ; result_margin[6]~reg0  ; clk          ; clk         ; 50.000       ; 0.024      ; 44.204     ;
; 5.853 ; scores[1][0] ; result_margin[15]~reg0 ; clk          ; clk         ; 50.000       ; 0.015      ; 44.194     ;
; 5.855 ; scores[1][3] ; result_margin[7]~reg0  ; clk          ; clk         ; 50.000       ; 0.024      ; 44.201     ;
; 5.855 ; scores[1][0] ; result_margin[8]~reg0  ; clk          ; clk         ; 50.000       ; 0.015      ; 44.192     ;
; 5.856 ; scores[1][3] ; result_margin[3]~reg0  ; clk          ; clk         ; 50.000       ; 0.024      ; 44.200     ;
; 5.857 ; scores[1][0] ; result_margin[5]~reg0  ; clk          ; clk         ; 50.000       ; 0.015      ; 44.190     ;
; 5.870 ; scores[0][3] ; result_margin[6]~reg0  ; clk          ; clk         ; 50.000       ; 0.024      ; 44.186     ;
; 5.873 ; scores[0][3] ; result_margin[7]~reg0  ; clk          ; clk         ; 50.000       ; 0.024      ; 44.183     ;
; 5.874 ; scores[0][3] ; result_margin[3]~reg0  ; clk          ; clk         ; 50.000       ; 0.024      ; 44.182     ;
; 5.881 ; scores[1][0] ; result_margin[1]~reg0  ; clk          ; clk         ; 50.000       ; 0.016      ; 44.167     ;
; 5.881 ; scores[1][0] ; result_margin[2]~reg0  ; clk          ; clk         ; 50.000       ; 0.016      ; 44.167     ;
; 5.883 ; scores[1][0] ; result_margin[4]~reg0  ; clk          ; clk         ; 50.000       ; 0.016      ; 44.165     ;
; 5.883 ; scores[1][0] ; result_margin[9]~reg0  ; clk          ; clk         ; 50.000       ; 0.016      ; 44.165     ;
; 5.888 ; scores[1][0] ; result_margin[0]~reg0  ; clk          ; clk         ; 50.000       ; 0.016      ; 44.160     ;
; 5.914 ; scores[1][0] ; result_margin[6]~reg0  ; clk          ; clk         ; 50.000       ; 0.016      ; 44.134     ;
; 5.917 ; scores[1][0] ; result_margin[7]~reg0  ; clk          ; clk         ; 50.000       ; 0.016      ; 44.131     ;
; 5.918 ; scores[1][0] ; result_margin[3]~reg0  ; clk          ; clk         ; 50.000       ; 0.016      ; 44.130     ;
; 5.935 ; scores[1][6] ; result_margin[15]~reg0 ; clk          ; clk         ; 50.000       ; 0.003      ; 44.100     ;
; 5.937 ; scores[1][6] ; result_margin[8]~reg0  ; clk          ; clk         ; 50.000       ; 0.003      ; 44.098     ;
; 5.939 ; scores[1][6] ; result_margin[5]~reg0  ; clk          ; clk         ; 50.000       ; 0.003      ; 44.096     ;
; 5.941 ; scores[1][3] ; result_margin[11]~reg0 ; clk          ; clk         ; 50.000       ; 0.016      ; 44.107     ;
; 5.943 ; scores[1][3] ; result_margin[12]~reg0 ; clk          ; clk         ; 50.000       ; 0.016      ; 44.105     ;
; 5.953 ; scores[1][1] ; result_margin[15]~reg0 ; clk          ; clk         ; 50.000       ; 0.016      ; 44.095     ;
; 5.955 ; scores[1][1] ; result_margin[8]~reg0  ; clk          ; clk         ; 50.000       ; 0.016      ; 44.093     ;
; 5.957 ; scores[1][1] ; result_margin[5]~reg0  ; clk          ; clk         ; 50.000       ; 0.016      ; 44.091     ;
; 5.959 ; scores[0][0] ; result_margin[15]~reg0 ; clk          ; clk         ; 50.000       ; 0.015      ; 44.088     ;
; 5.959 ; scores[0][3] ; result_margin[11]~reg0 ; clk          ; clk         ; 50.000       ; 0.016      ; 44.089     ;
; 5.961 ; scores[0][0] ; result_margin[8]~reg0  ; clk          ; clk         ; 50.000       ; 0.015      ; 44.086     ;
; 5.961 ; scores[0][3] ; result_margin[12]~reg0 ; clk          ; clk         ; 50.000       ; 0.016      ; 44.087     ;
; 5.963 ; scores[1][6] ; result_margin[1]~reg0  ; clk          ; clk         ; 50.000       ; 0.004      ; 44.073     ;
; 5.963 ; scores[1][6] ; result_margin[2]~reg0  ; clk          ; clk         ; 50.000       ; 0.004      ; 44.073     ;
; 5.963 ; scores[0][0] ; result_margin[5]~reg0  ; clk          ; clk         ; 50.000       ; 0.015      ; 44.084     ;
; 5.965 ; scores[1][6] ; result_margin[4]~reg0  ; clk          ; clk         ; 50.000       ; 0.004      ; 44.071     ;
; 5.965 ; scores[1][6] ; result_margin[9]~reg0  ; clk          ; clk         ; 50.000       ; 0.004      ; 44.071     ;
; 5.969 ; scores[1][3] ; result_margin[10]~reg0 ; clk          ; clk         ; 50.000       ; 0.016      ; 44.079     ;
; 5.970 ; scores[1][6] ; result_margin[0]~reg0  ; clk          ; clk         ; 50.000       ; 0.004      ; 44.066     ;
; 5.970 ; scores[0][1] ; result_margin[15]~reg0 ; clk          ; clk         ; 50.000       ; 0.016      ; 44.078     ;
; 5.972 ; scores[0][1] ; result_margin[8]~reg0  ; clk          ; clk         ; 50.000       ; 0.016      ; 44.076     ;
; 5.974 ; scores[0][1] ; result_margin[5]~reg0  ; clk          ; clk         ; 50.000       ; 0.016      ; 44.074     ;
; 5.976 ; scores[1][2] ; result_margin[15]~reg0 ; clk          ; clk         ; 50.000       ; 0.014      ; 44.070     ;
; 5.978 ; scores[1][2] ; result_margin[8]~reg0  ; clk          ; clk         ; 50.000       ; 0.014      ; 44.068     ;
; 5.980 ; scores[1][2] ; result_margin[5]~reg0  ; clk          ; clk         ; 50.000       ; 0.014      ; 44.066     ;
; 5.981 ; scores[1][1] ; result_margin[1]~reg0  ; clk          ; clk         ; 50.000       ; 0.017      ; 44.068     ;
; 5.981 ; scores[1][1] ; result_margin[2]~reg0  ; clk          ; clk         ; 50.000       ; 0.017      ; 44.068     ;
; 5.983 ; scores[1][1] ; result_margin[4]~reg0  ; clk          ; clk         ; 50.000       ; 0.017      ; 44.066     ;
; 5.983 ; scores[1][1] ; result_margin[9]~reg0  ; clk          ; clk         ; 50.000       ; 0.017      ; 44.066     ;
; 5.987 ; scores[0][0] ; result_margin[1]~reg0  ; clk          ; clk         ; 50.000       ; 0.016      ; 44.061     ;
; 5.987 ; scores[0][0] ; result_margin[2]~reg0  ; clk          ; clk         ; 50.000       ; 0.016      ; 44.061     ;
; 5.987 ; scores[0][3] ; result_margin[10]~reg0 ; clk          ; clk         ; 50.000       ; 0.016      ; 44.061     ;
; 5.988 ; scores[1][1] ; result_margin[0]~reg0  ; clk          ; clk         ; 50.000       ; 0.017      ; 44.061     ;
; 5.989 ; scores[0][0] ; result_margin[4]~reg0  ; clk          ; clk         ; 50.000       ; 0.016      ; 44.059     ;
; 5.989 ; scores[0][0] ; result_margin[9]~reg0  ; clk          ; clk         ; 50.000       ; 0.016      ; 44.059     ;
; 5.994 ; scores[0][0] ; result_margin[0]~reg0  ; clk          ; clk         ; 50.000       ; 0.016      ; 44.054     ;
; 5.996 ; scores[1][6] ; result_margin[6]~reg0  ; clk          ; clk         ; 50.000       ; 0.004      ; 44.040     ;
; 5.998 ; scores[0][1] ; result_margin[1]~reg0  ; clk          ; clk         ; 50.000       ; 0.017      ; 44.051     ;
; 5.998 ; scores[0][1] ; result_margin[2]~reg0  ; clk          ; clk         ; 50.000       ; 0.017      ; 44.051     ;
; 5.999 ; scores[1][6] ; result_margin[7]~reg0  ; clk          ; clk         ; 50.000       ; 0.004      ; 44.037     ;
; 6.000 ; scores[1][6] ; result_margin[3]~reg0  ; clk          ; clk         ; 50.000       ; 0.004      ; 44.036     ;
; 6.000 ; scores[0][1] ; result_margin[4]~reg0  ; clk          ; clk         ; 50.000       ; 0.017      ; 44.049     ;
; 6.000 ; scores[0][1] ; result_margin[9]~reg0  ; clk          ; clk         ; 50.000       ; 0.017      ; 44.049     ;
; 6.003 ; scores[1][0] ; result_margin[11]~reg0 ; clk          ; clk         ; 50.000       ; 0.008      ; 44.037     ;
; 6.004 ; scores[0][6] ; result_margin[15]~reg0 ; clk          ; clk         ; 50.000       ; 0.003      ; 44.031     ;
; 6.004 ; scores[1][2] ; result_margin[1]~reg0  ; clk          ; clk         ; 50.000       ; 0.015      ; 44.043     ;
; 6.004 ; scores[1][2] ; result_margin[2]~reg0  ; clk          ; clk         ; 50.000       ; 0.015      ; 44.043     ;
; 6.005 ; scores[0][1] ; result_margin[0]~reg0  ; clk          ; clk         ; 50.000       ; 0.017      ; 44.044     ;
; 6.005 ; scores[1][0] ; result_margin[12]~reg0 ; clk          ; clk         ; 50.000       ; 0.008      ; 44.035     ;
; 6.006 ; scores[0][6] ; result_margin[8]~reg0  ; clk          ; clk         ; 50.000       ; 0.003      ; 44.029     ;
; 6.006 ; scores[1][2] ; result_margin[4]~reg0  ; clk          ; clk         ; 50.000       ; 0.015      ; 44.041     ;
; 6.006 ; scores[1][2] ; result_margin[9]~reg0  ; clk          ; clk         ; 50.000       ; 0.015      ; 44.041     ;
; 6.008 ; scores[0][6] ; result_margin[5]~reg0  ; clk          ; clk         ; 50.000       ; 0.003      ; 44.027     ;
; 6.011 ; scores[1][2] ; result_margin[0]~reg0  ; clk          ; clk         ; 50.000       ; 0.015      ; 44.036     ;
; 6.014 ; scores[1][1] ; result_margin[6]~reg0  ; clk          ; clk         ; 50.000       ; 0.017      ; 44.035     ;
; 6.017 ; scores[1][1] ; result_margin[7]~reg0  ; clk          ; clk         ; 50.000       ; 0.017      ; 44.032     ;
; 6.018 ; scores[1][1] ; result_margin[3]~reg0  ; clk          ; clk         ; 50.000       ; 0.017      ; 44.031     ;
; 6.020 ; scores[0][0] ; result_margin[6]~reg0  ; clk          ; clk         ; 50.000       ; 0.016      ; 44.028     ;
; 6.023 ; scores[0][0] ; result_margin[7]~reg0  ; clk          ; clk         ; 50.000       ; 0.016      ; 44.025     ;
; 6.024 ; scores[0][2] ; result_margin[15]~reg0 ; clk          ; clk         ; 50.000       ; 0.014      ; 44.022     ;
; 6.024 ; scores[0][0] ; result_margin[3]~reg0  ; clk          ; clk         ; 50.000       ; 0.016      ; 44.024     ;
; 6.026 ; scores[0][2] ; result_margin[8]~reg0  ; clk          ; clk         ; 50.000       ; 0.014      ; 44.020     ;
; 6.028 ; scores[0][2] ; result_margin[5]~reg0  ; clk          ; clk         ; 50.000       ; 0.014      ; 44.018     ;
; 6.031 ; scores[0][1] ; result_margin[6]~reg0  ; clk          ; clk         ; 50.000       ; 0.017      ; 44.018     ;
; 6.031 ; scores[1][0] ; result_margin[10]~reg0 ; clk          ; clk         ; 50.000       ; 0.008      ; 44.009     ;
; 6.032 ; scores[0][6] ; result_margin[1]~reg0  ; clk          ; clk         ; 50.000       ; 0.004      ; 44.004     ;
; 6.032 ; scores[0][6] ; result_margin[2]~reg0  ; clk          ; clk         ; 50.000       ; 0.004      ; 44.004     ;
+-------+--------------+------------------------+--------------+-------------+--------------+------------+------------+


+-------------------------------------------------------------------------------------------------------------------------------------+
; Fast Model Hold: 'clk'                                                                                                              ;
+-------+---------------------------+---------------------------+--------------+-------------+--------------+------------+------------+
; Slack ; From Node                 ; To Node                   ; Launch Clock ; Latch Clock ; Relationship ; Clock Skew ; Data Delay ;
+-------+---------------------------+---------------------------+--------------+-------------+--------------+------------+------------+
; 0.215 ; state.IDLE                ; state.IDLE                ; clk          ; clk         ; 0.000        ; 0.000      ; 0.367      ;
; 0.215 ; state.LOAD                ; state.LOAD                ; clk          ; clk         ; 0.000        ; 0.000      ; 0.367      ;
; 0.215 ; result_digit[0]~reg0      ; result_digit[0]~reg0      ; clk          ; clk         ; 0.000        ; 0.000      ; 0.367      ;
; 0.215 ; result_digit[1]~reg0      ; result_digit[1]~reg0      ; clk          ; clk         ; 0.000        ; 0.000      ; 0.367      ;
; 0.215 ; result_digit[2]~reg0      ; result_digit[2]~reg0      ; clk          ; clk         ; 0.000        ; 0.000      ; 0.367      ;
; 0.215 ; result_confidence[0]~reg0 ; result_confidence[0]~reg0 ; clk          ; clk         ; 0.000        ; 0.000      ; 0.367      ;
; 0.215 ; result_confidence[1]~reg0 ; result_confidence[1]~reg0 ; clk          ; clk         ; 0.000        ; 0.000      ; 0.367      ;
; 0.215 ; result_confidence[2]~reg0 ; result_confidence[2]~reg0 ; clk          ; clk         ; 0.000        ; 0.000      ; 0.367      ;
; 0.215 ; result_confidence[3]~reg0 ; result_confidence[3]~reg0 ; clk          ; clk         ; 0.000        ; 0.000      ; 0.367      ;
; 0.215 ; result_confidence[4]~reg0 ; result_confidence[4]~reg0 ; clk          ; clk         ; 0.000        ; 0.000      ; 0.367      ;
; 0.215 ; result_confidence[5]~reg0 ; result_confidence[5]~reg0 ; clk          ; clk         ; 0.000        ; 0.000      ; 0.367      ;
; 0.215 ; result_confidence[6]~reg0 ; result_confidence[6]~reg0 ; clk          ; clk         ; 0.000        ; 0.000      ; 0.367      ;
; 0.215 ; result_confidence[7]~reg0 ; result_confidence[7]~reg0 ; clk          ; clk         ; 0.000        ; 0.000      ; 0.367      ;
; 0.243 ; output_n[31]              ; output_n[31]              ; clk          ; clk         ; 0.000        ; 0.000      ; 0.395      ;
; 0.243 ; cycle_ctr[31]             ; cycle_ctr[31]             ; clk          ; clk         ; 0.000        ; 0.000      ; 0.395      ;
; 0.244 ; state.H_MAC               ; pixel_idx[12]             ; clk          ; clk         ; 0.000        ; 0.000      ; 0.396      ;
; 0.312 ; cycle_ctr[23]             ; result_cycles[23]~reg0    ; clk          ; clk         ; 0.000        ; 0.001      ; 0.465      ;
; 0.316 ; cycle_ctr[24]             ; result_cycles[24]~reg0    ; clk          ; clk         ; 0.000        ; 0.001      ; 0.469      ;
; 0.321 ; state.H_SETUP             ; state.H_MAC               ; clk          ; clk         ; 0.000        ; 0.000      ; 0.473      ;
; 0.323 ; cycle_ctr[22]             ; result_cycles[22]~reg0    ; clk          ; clk         ; 0.000        ; 0.001      ; 0.476      ;
; 0.323 ; cycle_ctr[27]             ; result_cycles[27]~reg0    ; clk          ; clk         ; 0.000        ; 0.001      ; 0.476      ;
; 0.324 ; cycle_ctr[30]             ; result_cycles[30]~reg0    ; clk          ; clk         ; 0.000        ; 0.001      ; 0.477      ;
; 0.327 ; cycle_ctr[20]             ; result_cycles[20]~reg0    ; clk          ; clk         ; 0.000        ; 0.001      ; 0.480      ;
; 0.329 ; cycle_ctr[21]             ; result_cycles[21]~reg0    ; clk          ; clk         ; 0.000        ; 0.001      ; 0.482      ;
; 0.338 ; neuron[4]                 ; hidden_rtl_0_bypass[9]    ; clk          ; clk         ; 0.000        ; 0.000      ; 0.490      ;
; 0.343 ; neuron[3]                 ; hidden_rtl_0_bypass[7]    ; clk          ; clk         ; 0.000        ; 0.000      ; 0.495      ;
; 0.345 ; state.H_NEXT              ; pixel_idx[5]              ; clk          ; clk         ; 0.000        ; 0.002      ; 0.499      ;
; 0.349 ; state.H_NEXT              ; pixel_idx[1]              ; clk          ; clk         ; 0.000        ; 0.002      ; 0.503      ;
; 0.355 ; output_n[0]               ; output_n[0]               ; clk          ; clk         ; 0.000        ; 0.000      ; 0.507      ;
; 0.355 ; output_n[16]              ; output_n[16]              ; clk          ; clk         ; 0.000        ; 0.000      ; 0.507      ;
; 0.355 ; cycle_ctr[0]              ; cycle_ctr[0]              ; clk          ; clk         ; 0.000        ; 0.000      ; 0.507      ;
; 0.355 ; cycle_ctr[16]             ; cycle_ctr[16]             ; clk          ; clk         ; 0.000        ; 0.000      ; 0.507      ;
; 0.359 ; output_n[1]               ; output_n[1]               ; clk          ; clk         ; 0.000        ; 0.000      ; 0.511      ;
; 0.359 ; output_n[17]              ; output_n[17]              ; clk          ; clk         ; 0.000        ; 0.000      ; 0.511      ;
; 0.359 ; cycle_ctr[1]              ; cycle_ctr[1]              ; clk          ; clk         ; 0.000        ; 0.000      ; 0.511      ;
; 0.359 ; cycle_ctr[17]             ; cycle_ctr[17]             ; clk          ; clk         ; 0.000        ; 0.000      ; 0.511      ;
; 0.360 ; output_n[2]               ; output_n[2]               ; clk          ; clk         ; 0.000        ; 0.000      ; 0.512      ;
; 0.360 ; output_n[9]               ; output_n[9]               ; clk          ; clk         ; 0.000        ; 0.000      ; 0.512      ;
; 0.360 ; output_n[11]              ; output_n[11]              ; clk          ; clk         ; 0.000        ; 0.000      ; 0.512      ;
; 0.360 ; output_n[18]              ; output_n[18]              ; clk          ; clk         ; 0.000        ; 0.000      ; 0.512      ;
; 0.360 ; output_n[25]              ; output_n[25]              ; clk          ; clk         ; 0.000        ; 0.000      ; 0.512      ;
; 0.360 ; output_n[27]              ; output_n[27]              ; clk          ; clk         ; 0.000        ; 0.000      ; 0.512      ;
; 0.360 ; state.O_SETUP             ; state.O_MAC               ; clk          ; clk         ; 0.000        ; 0.000      ; 0.512      ;
; 0.360 ; cycle_ctr[2]              ; cycle_ctr[2]              ; clk          ; clk         ; 0.000        ; 0.000      ; 0.512      ;
; 0.360 ; cycle_ctr[9]              ; cycle_ctr[9]              ; clk          ; clk         ; 0.000        ; 0.000      ; 0.512      ;
; 0.360 ; cycle_ctr[11]             ; cycle_ctr[11]             ; clk          ; clk         ; 0.000        ; 0.000      ; 0.512      ;
; 0.360 ; cycle_ctr[18]             ; cycle_ctr[18]             ; clk          ; clk         ; 0.000        ; 0.000      ; 0.512      ;
; 0.360 ; cycle_ctr[25]             ; cycle_ctr[25]             ; clk          ; clk         ; 0.000        ; 0.000      ; 0.512      ;
; 0.360 ; cycle_ctr[27]             ; cycle_ctr[27]             ; clk          ; clk         ; 0.000        ; 0.000      ; 0.512      ;
; 0.361 ; output_n[4]               ; output_n[4]               ; clk          ; clk         ; 0.000        ; 0.000      ; 0.513      ;
; 0.361 ; output_n[7]               ; output_n[7]               ; clk          ; clk         ; 0.000        ; 0.000      ; 0.513      ;
; 0.361 ; output_n[13]              ; output_n[13]              ; clk          ; clk         ; 0.000        ; 0.000      ; 0.513      ;
; 0.361 ; output_n[14]              ; output_n[14]              ; clk          ; clk         ; 0.000        ; 0.000      ; 0.513      ;
; 0.361 ; output_n[15]              ; output_n[15]              ; clk          ; clk         ; 0.000        ; 0.000      ; 0.513      ;
; 0.361 ; output_n[20]              ; output_n[20]              ; clk          ; clk         ; 0.000        ; 0.000      ; 0.513      ;
; 0.361 ; output_n[23]              ; output_n[23]              ; clk          ; clk         ; 0.000        ; 0.000      ; 0.513      ;
; 0.361 ; output_n[29]              ; output_n[29]              ; clk          ; clk         ; 0.000        ; 0.000      ; 0.513      ;
; 0.361 ; output_n[30]              ; output_n[30]              ; clk          ; clk         ; 0.000        ; 0.000      ; 0.513      ;
; 0.361 ; cycle_ctr[4]              ; cycle_ctr[4]              ; clk          ; clk         ; 0.000        ; 0.000      ; 0.513      ;
; 0.361 ; cycle_ctr[7]              ; cycle_ctr[7]              ; clk          ; clk         ; 0.000        ; 0.000      ; 0.513      ;
; 0.361 ; cycle_ctr[13]             ; cycle_ctr[13]             ; clk          ; clk         ; 0.000        ; 0.000      ; 0.513      ;
; 0.361 ; cycle_ctr[14]             ; cycle_ctr[14]             ; clk          ; clk         ; 0.000        ; 0.000      ; 0.513      ;
; 0.361 ; cycle_ctr[15]             ; cycle_ctr[15]             ; clk          ; clk         ; 0.000        ; 0.000      ; 0.513      ;
; 0.361 ; cycle_ctr[20]             ; cycle_ctr[20]             ; clk          ; clk         ; 0.000        ; 0.000      ; 0.513      ;
; 0.361 ; cycle_ctr[23]             ; cycle_ctr[23]             ; clk          ; clk         ; 0.000        ; 0.000      ; 0.513      ;
; 0.361 ; cycle_ctr[29]             ; cycle_ctr[29]             ; clk          ; clk         ; 0.000        ; 0.000      ; 0.513      ;
; 0.361 ; cycle_ctr[30]             ; cycle_ctr[30]             ; clk          ; clk         ; 0.000        ; 0.000      ; 0.513      ;
; 0.371 ; output_n[3]               ; output_n[3]               ; clk          ; clk         ; 0.000        ; 0.000      ; 0.523      ;
; 0.371 ; output_n[8]               ; output_n[8]               ; clk          ; clk         ; 0.000        ; 0.000      ; 0.523      ;
; 0.371 ; output_n[10]              ; output_n[10]              ; clk          ; clk         ; 0.000        ; 0.000      ; 0.523      ;
; 0.371 ; output_n[19]              ; output_n[19]              ; clk          ; clk         ; 0.000        ; 0.000      ; 0.523      ;
; 0.371 ; output_n[24]              ; output_n[24]              ; clk          ; clk         ; 0.000        ; 0.000      ; 0.523      ;
; 0.371 ; output_n[26]              ; output_n[26]              ; clk          ; clk         ; 0.000        ; 0.000      ; 0.523      ;
; 0.371 ; cycle_ctr[3]              ; cycle_ctr[3]              ; clk          ; clk         ; 0.000        ; 0.000      ; 0.523      ;
; 0.371 ; cycle_ctr[8]              ; cycle_ctr[8]              ; clk          ; clk         ; 0.000        ; 0.000      ; 0.523      ;
; 0.371 ; cycle_ctr[10]             ; cycle_ctr[10]             ; clk          ; clk         ; 0.000        ; 0.000      ; 0.523      ;
; 0.371 ; cycle_ctr[19]             ; cycle_ctr[19]             ; clk          ; clk         ; 0.000        ; 0.000      ; 0.523      ;
; 0.371 ; cycle_ctr[24]             ; cycle_ctr[24]             ; clk          ; clk         ; 0.000        ; 0.000      ; 0.523      ;
; 0.371 ; cycle_ctr[26]             ; cycle_ctr[26]             ; clk          ; clk         ; 0.000        ; 0.000      ; 0.523      ;
; 0.372 ; output_n[5]               ; output_n[5]               ; clk          ; clk         ; 0.000        ; 0.000      ; 0.524      ;
; 0.372 ; output_n[6]               ; output_n[6]               ; clk          ; clk         ; 0.000        ; 0.000      ; 0.524      ;
; 0.372 ; output_n[12]              ; output_n[12]              ; clk          ; clk         ; 0.000        ; 0.000      ; 0.524      ;
; 0.372 ; output_n[21]              ; output_n[21]              ; clk          ; clk         ; 0.000        ; 0.000      ; 0.524      ;
; 0.372 ; output_n[22]              ; output_n[22]              ; clk          ; clk         ; 0.000        ; 0.000      ; 0.524      ;
; 0.372 ; output_n[28]              ; output_n[28]              ; clk          ; clk         ; 0.000        ; 0.000      ; 0.524      ;
; 0.372 ; cycle_ctr[5]              ; cycle_ctr[5]              ; clk          ; clk         ; 0.000        ; 0.000      ; 0.524      ;
; 0.372 ; cycle_ctr[6]              ; cycle_ctr[6]              ; clk          ; clk         ; 0.000        ; 0.000      ; 0.524      ;
; 0.372 ; cycle_ctr[12]             ; cycle_ctr[12]             ; clk          ; clk         ; 0.000        ; 0.000      ; 0.524      ;
; 0.372 ; cycle_ctr[21]             ; cycle_ctr[21]             ; clk          ; clk         ; 0.000        ; 0.000      ; 0.524      ;
; 0.372 ; cycle_ctr[22]             ; cycle_ctr[22]             ; clk          ; clk         ; 0.000        ; 0.000      ; 0.524      ;
; 0.372 ; cycle_ctr[28]             ; cycle_ctr[28]             ; clk          ; clk         ; 0.000        ; 0.000      ; 0.524      ;
; 0.372 ; cycle_ctr[28]             ; result_cycles[28]~reg0    ; clk          ; clk         ; 0.000        ; 0.001      ; 0.525      ;
; 0.373 ; cycle_ctr[29]             ; result_cycles[29]~reg0    ; clk          ; clk         ; 0.000        ; 0.001      ; 0.526      ;
; 0.381 ; state.REJECT_FRAME        ; result_digit[0]~reg0      ; clk          ; clk         ; 0.000        ; 0.000      ; 0.533      ;
; 0.384 ; state.REJECT_FRAME        ; result_confidence[5]~reg0 ; clk          ; clk         ; 0.000        ; 0.000      ; 0.536      ;
; 0.387 ; state.REJECT_FRAME        ; result_digit[1]~reg0      ; clk          ; clk         ; 0.000        ; 0.000      ; 0.539      ;
; 0.389 ; state.O_MAC               ; state.O_SETUP             ; clk          ; clk         ; 0.000        ; 0.000      ; 0.541      ;
; 0.389 ; cycle_ctr[15]             ; result_cycles[15]~reg0    ; clk          ; clk         ; 0.000        ; 0.000      ; 0.541      ;
; 0.395 ; cycle_ctr[3]              ; result_cycles[3]~reg0     ; clk          ; clk         ; 0.000        ; 0.000      ; 0.547      ;
; 0.415 ; neuron[1]                 ; hidden_rtl_0_bypass[3]    ; clk          ; clk         ; 0.000        ; 0.000      ; 0.567      ;
+-------+---------------------------+---------------------------+--------------+-------------+--------------+------------+------------+


+--------------------------------------------------------------------------------------------------------------------------------------------------------------------------+
; Fast Model Minimum Pulse Width: 'clk'                                                                                                                                    ;
+--------+--------------+----------------+------------------+-------+------------+-----------------------------------------------------------------------------------------+
; Slack  ; Actual Width ; Required Width ; Type             ; Clock ; Clock Edge ; Target                                                                                  ;
+--------+--------------+----------------+------------------+-------+------------+-----------------------------------------------------------------------------------------+
; 22.873 ; 25.000       ; 2.127          ; High Pulse Width ; clk   ; Rise       ; altsyncram:hidden_rtl_0|altsyncram_4og1:auto_generated|ram_block1a0~porta_address_reg0  ;
; 22.873 ; 25.000       ; 2.127          ; Low Pulse Width  ; clk   ; Rise       ; altsyncram:hidden_rtl_0|altsyncram_4og1:auto_generated|ram_block1a0~porta_address_reg0  ;
; 22.873 ; 25.000       ; 2.127          ; High Pulse Width ; clk   ; Rise       ; altsyncram:hidden_rtl_0|altsyncram_4og1:auto_generated|ram_block1a0~porta_address_reg1  ;
; 22.873 ; 25.000       ; 2.127          ; Low Pulse Width  ; clk   ; Rise       ; altsyncram:hidden_rtl_0|altsyncram_4og1:auto_generated|ram_block1a0~porta_address_reg1  ;
; 22.873 ; 25.000       ; 2.127          ; High Pulse Width ; clk   ; Rise       ; altsyncram:hidden_rtl_0|altsyncram_4og1:auto_generated|ram_block1a0~porta_address_reg2  ;
; 22.873 ; 25.000       ; 2.127          ; Low Pulse Width  ; clk   ; Rise       ; altsyncram:hidden_rtl_0|altsyncram_4og1:auto_generated|ram_block1a0~porta_address_reg2  ;
; 22.873 ; 25.000       ; 2.127          ; High Pulse Width ; clk   ; Rise       ; altsyncram:hidden_rtl_0|altsyncram_4og1:auto_generated|ram_block1a0~porta_address_reg3  ;
; 22.873 ; 25.000       ; 2.127          ; Low Pulse Width  ; clk   ; Rise       ; altsyncram:hidden_rtl_0|altsyncram_4og1:auto_generated|ram_block1a0~porta_address_reg3  ;
; 22.873 ; 25.000       ; 2.127          ; High Pulse Width ; clk   ; Rise       ; altsyncram:hidden_rtl_0|altsyncram_4og1:auto_generated|ram_block1a0~porta_address_reg4  ;
; 22.873 ; 25.000       ; 2.127          ; Low Pulse Width  ; clk   ; Rise       ; altsyncram:hidden_rtl_0|altsyncram_4og1:auto_generated|ram_block1a0~porta_address_reg4  ;
; 22.873 ; 25.000       ; 2.127          ; High Pulse Width ; clk   ; Rise       ; altsyncram:hidden_rtl_0|altsyncram_4og1:auto_generated|ram_block1a0~porta_datain_reg0   ;
; 22.873 ; 25.000       ; 2.127          ; Low Pulse Width  ; clk   ; Rise       ; altsyncram:hidden_rtl_0|altsyncram_4og1:auto_generated|ram_block1a0~porta_datain_reg0   ;
; 22.873 ; 25.000       ; 2.127          ; High Pulse Width ; clk   ; Rise       ; altsyncram:hidden_rtl_0|altsyncram_4og1:auto_generated|ram_block1a0~porta_datain_reg1   ;
; 22.873 ; 25.000       ; 2.127          ; Low Pulse Width  ; clk   ; Rise       ; altsyncram:hidden_rtl_0|altsyncram_4og1:auto_generated|ram_block1a0~porta_datain_reg1   ;
; 22.873 ; 25.000       ; 2.127          ; High Pulse Width ; clk   ; Rise       ; altsyncram:hidden_rtl_0|altsyncram_4og1:auto_generated|ram_block1a0~porta_datain_reg10  ;
; 22.873 ; 25.000       ; 2.127          ; Low Pulse Width  ; clk   ; Rise       ; altsyncram:hidden_rtl_0|altsyncram_4og1:auto_generated|ram_block1a0~porta_datain_reg10  ;
; 22.873 ; 25.000       ; 2.127          ; High Pulse Width ; clk   ; Rise       ; altsyncram:hidden_rtl_0|altsyncram_4og1:auto_generated|ram_block1a0~porta_datain_reg11  ;
; 22.873 ; 25.000       ; 2.127          ; Low Pulse Width  ; clk   ; Rise       ; altsyncram:hidden_rtl_0|altsyncram_4og1:auto_generated|ram_block1a0~porta_datain_reg11  ;
; 22.873 ; 25.000       ; 2.127          ; High Pulse Width ; clk   ; Rise       ; altsyncram:hidden_rtl_0|altsyncram_4og1:auto_generated|ram_block1a0~porta_datain_reg12  ;
; 22.873 ; 25.000       ; 2.127          ; Low Pulse Width  ; clk   ; Rise       ; altsyncram:hidden_rtl_0|altsyncram_4og1:auto_generated|ram_block1a0~porta_datain_reg12  ;
; 22.873 ; 25.000       ; 2.127          ; High Pulse Width ; clk   ; Rise       ; altsyncram:hidden_rtl_0|altsyncram_4og1:auto_generated|ram_block1a0~porta_datain_reg13  ;
; 22.873 ; 25.000       ; 2.127          ; Low Pulse Width  ; clk   ; Rise       ; altsyncram:hidden_rtl_0|altsyncram_4og1:auto_generated|ram_block1a0~porta_datain_reg13  ;
; 22.873 ; 25.000       ; 2.127          ; High Pulse Width ; clk   ; Rise       ; altsyncram:hidden_rtl_0|altsyncram_4og1:auto_generated|ram_block1a0~porta_datain_reg14  ;
; 22.873 ; 25.000       ; 2.127          ; Low Pulse Width  ; clk   ; Rise       ; altsyncram:hidden_rtl_0|altsyncram_4og1:auto_generated|ram_block1a0~porta_datain_reg14  ;
; 22.873 ; 25.000       ; 2.127          ; High Pulse Width ; clk   ; Rise       ; altsyncram:hidden_rtl_0|altsyncram_4og1:auto_generated|ram_block1a0~porta_datain_reg15  ;
; 22.873 ; 25.000       ; 2.127          ; Low Pulse Width  ; clk   ; Rise       ; altsyncram:hidden_rtl_0|altsyncram_4og1:auto_generated|ram_block1a0~porta_datain_reg15  ;
; 22.873 ; 25.000       ; 2.127          ; High Pulse Width ; clk   ; Rise       ; altsyncram:hidden_rtl_0|altsyncram_4og1:auto_generated|ram_block1a0~porta_datain_reg16  ;
; 22.873 ; 25.000       ; 2.127          ; Low Pulse Width  ; clk   ; Rise       ; altsyncram:hidden_rtl_0|altsyncram_4og1:auto_generated|ram_block1a0~porta_datain_reg16  ;
; 22.873 ; 25.000       ; 2.127          ; High Pulse Width ; clk   ; Rise       ; altsyncram:hidden_rtl_0|altsyncram_4og1:auto_generated|ram_block1a0~porta_datain_reg17  ;
; 22.873 ; 25.000       ; 2.127          ; Low Pulse Width  ; clk   ; Rise       ; altsyncram:hidden_rtl_0|altsyncram_4og1:auto_generated|ram_block1a0~porta_datain_reg17  ;
; 22.873 ; 25.000       ; 2.127          ; High Pulse Width ; clk   ; Rise       ; altsyncram:hidden_rtl_0|altsyncram_4og1:auto_generated|ram_block1a0~porta_datain_reg18  ;
; 22.873 ; 25.000       ; 2.127          ; Low Pulse Width  ; clk   ; Rise       ; altsyncram:hidden_rtl_0|altsyncram_4og1:auto_generated|ram_block1a0~porta_datain_reg18  ;
; 22.873 ; 25.000       ; 2.127          ; High Pulse Width ; clk   ; Rise       ; altsyncram:hidden_rtl_0|altsyncram_4og1:auto_generated|ram_block1a0~porta_datain_reg19  ;
; 22.873 ; 25.000       ; 2.127          ; Low Pulse Width  ; clk   ; Rise       ; altsyncram:hidden_rtl_0|altsyncram_4og1:auto_generated|ram_block1a0~porta_datain_reg19  ;
; 22.873 ; 25.000       ; 2.127          ; High Pulse Width ; clk   ; Rise       ; altsyncram:hidden_rtl_0|altsyncram_4og1:auto_generated|ram_block1a0~porta_datain_reg2   ;
; 22.873 ; 25.000       ; 2.127          ; Low Pulse Width  ; clk   ; Rise       ; altsyncram:hidden_rtl_0|altsyncram_4og1:auto_generated|ram_block1a0~porta_datain_reg2   ;
; 22.873 ; 25.000       ; 2.127          ; High Pulse Width ; clk   ; Rise       ; altsyncram:hidden_rtl_0|altsyncram_4og1:auto_generated|ram_block1a0~porta_datain_reg20  ;
; 22.873 ; 25.000       ; 2.127          ; Low Pulse Width  ; clk   ; Rise       ; altsyncram:hidden_rtl_0|altsyncram_4og1:auto_generated|ram_block1a0~porta_datain_reg20  ;
; 22.873 ; 25.000       ; 2.127          ; High Pulse Width ; clk   ; Rise       ; altsyncram:hidden_rtl_0|altsyncram_4og1:auto_generated|ram_block1a0~porta_datain_reg21  ;
; 22.873 ; 25.000       ; 2.127          ; Low Pulse Width  ; clk   ; Rise       ; altsyncram:hidden_rtl_0|altsyncram_4og1:auto_generated|ram_block1a0~porta_datain_reg21  ;
; 22.873 ; 25.000       ; 2.127          ; High Pulse Width ; clk   ; Rise       ; altsyncram:hidden_rtl_0|altsyncram_4og1:auto_generated|ram_block1a0~porta_datain_reg22  ;
; 22.873 ; 25.000       ; 2.127          ; Low Pulse Width  ; clk   ; Rise       ; altsyncram:hidden_rtl_0|altsyncram_4og1:auto_generated|ram_block1a0~porta_datain_reg22  ;
; 22.873 ; 25.000       ; 2.127          ; High Pulse Width ; clk   ; Rise       ; altsyncram:hidden_rtl_0|altsyncram_4og1:auto_generated|ram_block1a0~porta_datain_reg23  ;
; 22.873 ; 25.000       ; 2.127          ; Low Pulse Width  ; clk   ; Rise       ; altsyncram:hidden_rtl_0|altsyncram_4og1:auto_generated|ram_block1a0~porta_datain_reg23  ;
; 22.873 ; 25.000       ; 2.127          ; High Pulse Width ; clk   ; Rise       ; altsyncram:hidden_rtl_0|altsyncram_4og1:auto_generated|ram_block1a0~porta_datain_reg24  ;
; 22.873 ; 25.000       ; 2.127          ; Low Pulse Width  ; clk   ; Rise       ; altsyncram:hidden_rtl_0|altsyncram_4og1:auto_generated|ram_block1a0~porta_datain_reg24  ;
; 22.873 ; 25.000       ; 2.127          ; High Pulse Width ; clk   ; Rise       ; altsyncram:hidden_rtl_0|altsyncram_4og1:auto_generated|ram_block1a0~porta_datain_reg25  ;
; 22.873 ; 25.000       ; 2.127          ; Low Pulse Width  ; clk   ; Rise       ; altsyncram:hidden_rtl_0|altsyncram_4og1:auto_generated|ram_block1a0~porta_datain_reg25  ;
; 22.873 ; 25.000       ; 2.127          ; High Pulse Width ; clk   ; Rise       ; altsyncram:hidden_rtl_0|altsyncram_4og1:auto_generated|ram_block1a0~porta_datain_reg26  ;
; 22.873 ; 25.000       ; 2.127          ; Low Pulse Width  ; clk   ; Rise       ; altsyncram:hidden_rtl_0|altsyncram_4og1:auto_generated|ram_block1a0~porta_datain_reg26  ;
; 22.873 ; 25.000       ; 2.127          ; High Pulse Width ; clk   ; Rise       ; altsyncram:hidden_rtl_0|altsyncram_4og1:auto_generated|ram_block1a0~porta_datain_reg3   ;
; 22.873 ; 25.000       ; 2.127          ; Low Pulse Width  ; clk   ; Rise       ; altsyncram:hidden_rtl_0|altsyncram_4og1:auto_generated|ram_block1a0~porta_datain_reg3   ;
; 22.873 ; 25.000       ; 2.127          ; High Pulse Width ; clk   ; Rise       ; altsyncram:hidden_rtl_0|altsyncram_4og1:auto_generated|ram_block1a0~porta_datain_reg4   ;
; 22.873 ; 25.000       ; 2.127          ; Low Pulse Width  ; clk   ; Rise       ; altsyncram:hidden_rtl_0|altsyncram_4og1:auto_generated|ram_block1a0~porta_datain_reg4   ;
; 22.873 ; 25.000       ; 2.127          ; High Pulse Width ; clk   ; Rise       ; altsyncram:hidden_rtl_0|altsyncram_4og1:auto_generated|ram_block1a0~porta_datain_reg5   ;
; 22.873 ; 25.000       ; 2.127          ; Low Pulse Width  ; clk   ; Rise       ; altsyncram:hidden_rtl_0|altsyncram_4og1:auto_generated|ram_block1a0~porta_datain_reg5   ;
; 22.873 ; 25.000       ; 2.127          ; High Pulse Width ; clk   ; Rise       ; altsyncram:hidden_rtl_0|altsyncram_4og1:auto_generated|ram_block1a0~porta_datain_reg6   ;
; 22.873 ; 25.000       ; 2.127          ; Low Pulse Width  ; clk   ; Rise       ; altsyncram:hidden_rtl_0|altsyncram_4og1:auto_generated|ram_block1a0~porta_datain_reg6   ;
; 22.873 ; 25.000       ; 2.127          ; High Pulse Width ; clk   ; Rise       ; altsyncram:hidden_rtl_0|altsyncram_4og1:auto_generated|ram_block1a0~porta_datain_reg7   ;
; 22.873 ; 25.000       ; 2.127          ; Low Pulse Width  ; clk   ; Rise       ; altsyncram:hidden_rtl_0|altsyncram_4og1:auto_generated|ram_block1a0~porta_datain_reg7   ;
; 22.873 ; 25.000       ; 2.127          ; High Pulse Width ; clk   ; Rise       ; altsyncram:hidden_rtl_0|altsyncram_4og1:auto_generated|ram_block1a0~porta_datain_reg8   ;
; 22.873 ; 25.000       ; 2.127          ; Low Pulse Width  ; clk   ; Rise       ; altsyncram:hidden_rtl_0|altsyncram_4og1:auto_generated|ram_block1a0~porta_datain_reg8   ;
; 22.873 ; 25.000       ; 2.127          ; High Pulse Width ; clk   ; Rise       ; altsyncram:hidden_rtl_0|altsyncram_4og1:auto_generated|ram_block1a0~porta_datain_reg9   ;
; 22.873 ; 25.000       ; 2.127          ; Low Pulse Width  ; clk   ; Rise       ; altsyncram:hidden_rtl_0|altsyncram_4og1:auto_generated|ram_block1a0~porta_datain_reg9   ;
; 22.873 ; 25.000       ; 2.127          ; High Pulse Width ; clk   ; Rise       ; altsyncram:hidden_rtl_0|altsyncram_4og1:auto_generated|ram_block1a0~porta_memory_reg0   ;
; 22.873 ; 25.000       ; 2.127          ; Low Pulse Width  ; clk   ; Rise       ; altsyncram:hidden_rtl_0|altsyncram_4og1:auto_generated|ram_block1a0~porta_memory_reg0   ;
; 22.873 ; 25.000       ; 2.127          ; High Pulse Width ; clk   ; Rise       ; altsyncram:hidden_rtl_0|altsyncram_4og1:auto_generated|ram_block1a0~porta_we_reg        ;
; 22.873 ; 25.000       ; 2.127          ; Low Pulse Width  ; clk   ; Rise       ; altsyncram:hidden_rtl_0|altsyncram_4og1:auto_generated|ram_block1a0~porta_we_reg        ;
; 22.873 ; 25.000       ; 2.127          ; High Pulse Width ; clk   ; Rise       ; altsyncram:hidden_rtl_0|altsyncram_4og1:auto_generated|ram_block1a0~portb_address_reg0  ;
; 22.873 ; 25.000       ; 2.127          ; Low Pulse Width  ; clk   ; Rise       ; altsyncram:hidden_rtl_0|altsyncram_4og1:auto_generated|ram_block1a0~portb_address_reg0  ;
; 22.873 ; 25.000       ; 2.127          ; High Pulse Width ; clk   ; Rise       ; altsyncram:hidden_rtl_0|altsyncram_4og1:auto_generated|ram_block1a0~portb_address_reg1  ;
; 22.873 ; 25.000       ; 2.127          ; Low Pulse Width  ; clk   ; Rise       ; altsyncram:hidden_rtl_0|altsyncram_4og1:auto_generated|ram_block1a0~portb_address_reg1  ;
; 22.873 ; 25.000       ; 2.127          ; High Pulse Width ; clk   ; Rise       ; altsyncram:hidden_rtl_0|altsyncram_4og1:auto_generated|ram_block1a0~portb_address_reg2  ;
; 22.873 ; 25.000       ; 2.127          ; Low Pulse Width  ; clk   ; Rise       ; altsyncram:hidden_rtl_0|altsyncram_4og1:auto_generated|ram_block1a0~portb_address_reg2  ;
; 22.873 ; 25.000       ; 2.127          ; High Pulse Width ; clk   ; Rise       ; altsyncram:hidden_rtl_0|altsyncram_4og1:auto_generated|ram_block1a0~portb_address_reg3  ;
; 22.873 ; 25.000       ; 2.127          ; Low Pulse Width  ; clk   ; Rise       ; altsyncram:hidden_rtl_0|altsyncram_4og1:auto_generated|ram_block1a0~portb_address_reg3  ;
; 22.873 ; 25.000       ; 2.127          ; High Pulse Width ; clk   ; Rise       ; altsyncram:hidden_rtl_0|altsyncram_4og1:auto_generated|ram_block1a0~portb_address_reg4  ;
; 22.873 ; 25.000       ; 2.127          ; Low Pulse Width  ; clk   ; Rise       ; altsyncram:hidden_rtl_0|altsyncram_4og1:auto_generated|ram_block1a0~portb_address_reg4  ;
; 22.873 ; 25.000       ; 2.127          ; High Pulse Width ; clk   ; Rise       ; altsyncram:hidden_rtl_0|altsyncram_4og1:auto_generated|ram_block1a10~porta_memory_reg0  ;
; 22.873 ; 25.000       ; 2.127          ; Low Pulse Width  ; clk   ; Rise       ; altsyncram:hidden_rtl_0|altsyncram_4og1:auto_generated|ram_block1a10~porta_memory_reg0  ;
; 22.873 ; 25.000       ; 2.127          ; High Pulse Width ; clk   ; Rise       ; altsyncram:hidden_rtl_0|altsyncram_4og1:auto_generated|ram_block1a11~porta_memory_reg0  ;
; 22.873 ; 25.000       ; 2.127          ; Low Pulse Width  ; clk   ; Rise       ; altsyncram:hidden_rtl_0|altsyncram_4og1:auto_generated|ram_block1a11~porta_memory_reg0  ;
; 22.873 ; 25.000       ; 2.127          ; High Pulse Width ; clk   ; Rise       ; altsyncram:hidden_rtl_0|altsyncram_4og1:auto_generated|ram_block1a12~porta_memory_reg0  ;
; 22.873 ; 25.000       ; 2.127          ; Low Pulse Width  ; clk   ; Rise       ; altsyncram:hidden_rtl_0|altsyncram_4og1:auto_generated|ram_block1a12~porta_memory_reg0  ;
; 22.873 ; 25.000       ; 2.127          ; High Pulse Width ; clk   ; Rise       ; altsyncram:hidden_rtl_0|altsyncram_4og1:auto_generated|ram_block1a13~porta_memory_reg0  ;
; 22.873 ; 25.000       ; 2.127          ; Low Pulse Width  ; clk   ; Rise       ; altsyncram:hidden_rtl_0|altsyncram_4og1:auto_generated|ram_block1a13~porta_memory_reg0  ;
; 22.873 ; 25.000       ; 2.127          ; High Pulse Width ; clk   ; Rise       ; altsyncram:hidden_rtl_0|altsyncram_4og1:auto_generated|ram_block1a14~porta_memory_reg0  ;
; 22.873 ; 25.000       ; 2.127          ; Low Pulse Width  ; clk   ; Rise       ; altsyncram:hidden_rtl_0|altsyncram_4og1:auto_generated|ram_block1a14~porta_memory_reg0  ;
; 22.873 ; 25.000       ; 2.127          ; High Pulse Width ; clk   ; Rise       ; altsyncram:hidden_rtl_0|altsyncram_4og1:auto_generated|ram_block1a15~porta_memory_reg0  ;
; 22.873 ; 25.000       ; 2.127          ; Low Pulse Width  ; clk   ; Rise       ; altsyncram:hidden_rtl_0|altsyncram_4og1:auto_generated|ram_block1a15~porta_memory_reg0  ;
; 22.873 ; 25.000       ; 2.127          ; High Pulse Width ; clk   ; Rise       ; altsyncram:hidden_rtl_0|altsyncram_4og1:auto_generated|ram_block1a16~porta_memory_reg0  ;
; 22.873 ; 25.000       ; 2.127          ; Low Pulse Width  ; clk   ; Rise       ; altsyncram:hidden_rtl_0|altsyncram_4og1:auto_generated|ram_block1a16~porta_memory_reg0  ;
; 22.873 ; 25.000       ; 2.127          ; High Pulse Width ; clk   ; Rise       ; altsyncram:hidden_rtl_0|altsyncram_4og1:auto_generated|ram_block1a17~porta_memory_reg0  ;
; 22.873 ; 25.000       ; 2.127          ; Low Pulse Width  ; clk   ; Rise       ; altsyncram:hidden_rtl_0|altsyncram_4og1:auto_generated|ram_block1a17~porta_memory_reg0  ;
; 22.873 ; 25.000       ; 2.127          ; High Pulse Width ; clk   ; Rise       ; altsyncram:hidden_rtl_0|altsyncram_4og1:auto_generated|ram_block1a18~porta_address_reg0 ;
; 22.873 ; 25.000       ; 2.127          ; Low Pulse Width  ; clk   ; Rise       ; altsyncram:hidden_rtl_0|altsyncram_4og1:auto_generated|ram_block1a18~porta_address_reg0 ;
; 22.873 ; 25.000       ; 2.127          ; High Pulse Width ; clk   ; Rise       ; altsyncram:hidden_rtl_0|altsyncram_4og1:auto_generated|ram_block1a18~porta_address_reg1 ;
; 22.873 ; 25.000       ; 2.127          ; Low Pulse Width  ; clk   ; Rise       ; altsyncram:hidden_rtl_0|altsyncram_4og1:auto_generated|ram_block1a18~porta_address_reg1 ;
; 22.873 ; 25.000       ; 2.127          ; High Pulse Width ; clk   ; Rise       ; altsyncram:hidden_rtl_0|altsyncram_4og1:auto_generated|ram_block1a18~porta_address_reg2 ;
; 22.873 ; 25.000       ; 2.127          ; Low Pulse Width  ; clk   ; Rise       ; altsyncram:hidden_rtl_0|altsyncram_4og1:auto_generated|ram_block1a18~porta_address_reg2 ;
+--------+--------------+----------------+------------------+-------+------------+-----------------------------------------------------------------------------------------+


+-----------------------------------------------------------------------------------+
; Setup Times                                                                       ;
+-----------------------+------------+-------+-------+------------+-----------------+
; Data Port             ; Clock Port ; Rise  ; Fall  ; Clock Edge ; Clock Reference ;
+-----------------------+------------+-------+-------+------------+-----------------+
; input_frame_error     ; clk        ; 3.841 ; 3.841 ; Rise       ; clk             ;
; input_frame_last      ; clk        ; 3.034 ; 3.034 ; Rise       ; clk             ;
; input_frame_valid     ; clk        ; 3.775 ; 3.775 ; Rise       ; clk             ;
; input_pixel[*]        ; clk        ; 3.059 ; 3.059 ; Rise       ; clk             ;
;  input_pixel[0]       ; clk        ; 0.140 ; 0.140 ; Rise       ; clk             ;
;  input_pixel[1]       ; clk        ; 2.133 ; 2.133 ; Rise       ; clk             ;
;  input_pixel[2]       ; clk        ; 2.123 ; 2.123 ; Rise       ; clk             ;
;  input_pixel[3]       ; clk        ; 3.059 ; 3.059 ; Rise       ; clk             ;
; input_pixel_index[*]  ; clk        ; 6.067 ; 6.067 ; Rise       ; clk             ;
;  input_pixel_index[0] ; clk        ; 5.767 ; 5.767 ; Rise       ; clk             ;
;  input_pixel_index[1] ; clk        ; 6.067 ; 6.067 ; Rise       ; clk             ;
;  input_pixel_index[2] ; clk        ; 5.673 ; 5.673 ; Rise       ; clk             ;
;  input_pixel_index[3] ; clk        ; 5.925 ; 5.925 ; Rise       ; clk             ;
;  input_pixel_index[4] ; clk        ; 4.251 ; 4.251 ; Rise       ; clk             ;
;  input_pixel_index[5] ; clk        ; 3.624 ; 3.624 ; Rise       ; clk             ;
;  input_pixel_index[6] ; clk        ; 5.861 ; 5.861 ; Rise       ; clk             ;
;  input_pixel_index[7] ; clk        ; 5.689 ; 5.689 ; Rise       ; clk             ;
; reset_n               ; clk        ; 6.172 ; 6.172 ; Rise       ; clk             ;
+-----------------------+------------+-------+-------+------------+-----------------+


+-------------------------------------------------------------------------------------+
; Hold Times                                                                          ;
+-----------------------+------------+--------+--------+------------+-----------------+
; Data Port             ; Clock Port ; Rise   ; Fall   ; Clock Edge ; Clock Reference ;
+-----------------------+------------+--------+--------+------------+-----------------+
; input_frame_error     ; clk        ; 0.315  ; 0.315  ; Rise       ; clk             ;
; input_frame_last      ; clk        ; -0.514 ; -0.514 ; Rise       ; clk             ;
; input_frame_valid     ; clk        ; 0.194  ; 0.194  ; Rise       ; clk             ;
; input_pixel[*]        ; clk        ; 0.127  ; 0.127  ; Rise       ; clk             ;
;  input_pixel[0]       ; clk        ; 0.127  ; 0.127  ; Rise       ; clk             ;
;  input_pixel[1]       ; clk        ; -1.876 ; -1.876 ; Rise       ; clk             ;
;  input_pixel[2]       ; clk        ; -1.864 ; -1.864 ; Rise       ; clk             ;
;  input_pixel[3]       ; clk        ; -2.787 ; -2.787 ; Rise       ; clk             ;
; input_pixel_index[*]  ; clk        ; 0.226  ; 0.226  ; Rise       ; clk             ;
;  input_pixel_index[0] ; clk        ; -1.899 ; -1.899 ; Rise       ; clk             ;
;  input_pixel_index[1] ; clk        ; -2.217 ; -2.217 ; Rise       ; clk             ;
;  input_pixel_index[2] ; clk        ; -2.003 ; -2.003 ; Rise       ; clk             ;
;  input_pixel_index[3] ; clk        ; -2.184 ; -2.184 ; Rise       ; clk             ;
;  input_pixel_index[4] ; clk        ; -0.529 ; -0.529 ; Rise       ; clk             ;
;  input_pixel_index[5] ; clk        ; 0.226  ; 0.226  ; Rise       ; clk             ;
;  input_pixel_index[6] ; clk        ; -1.923 ; -1.923 ; Rise       ; clk             ;
;  input_pixel_index[7] ; clk        ; -1.900 ; -1.900 ; Rise       ; clk             ;
; reset_n               ; clk        ; 0.197  ; 0.197  ; Rise       ; clk             ;
+-----------------------+------------+--------+--------+------------+-----------------+


+-----------------------------------------------------------------------------------+
; Clock to Output Times                                                             ;
+-----------------------+------------+-------+-------+------------+-----------------+
; Data Port             ; Clock Port ; Rise  ; Fall  ; Clock Edge ; Clock Reference ;
+-----------------------+------------+-------+-------+------------+-----------------+
; busy                  ; clk        ; 4.640 ; 4.640 ; Rise       ; clk             ;
; result_accepted       ; clk        ; 4.057 ; 4.057 ; Rise       ; clk             ;
; result_confidence[*]  ; clk        ; 5.255 ; 5.255 ; Rise       ; clk             ;
;  result_confidence[0] ; clk        ; 4.256 ; 4.256 ; Rise       ; clk             ;
;  result_confidence[1] ; clk        ; 3.900 ; 3.900 ; Rise       ; clk             ;
;  result_confidence[2] ; clk        ; 5.255 ; 5.255 ; Rise       ; clk             ;
;  result_confidence[3] ; clk        ; 4.040 ; 4.040 ; Rise       ; clk             ;
;  result_confidence[4] ; clk        ; 3.655 ; 3.655 ; Rise       ; clk             ;
;  result_confidence[5] ; clk        ; 4.564 ; 4.564 ; Rise       ; clk             ;
;  result_confidence[6] ; clk        ; 3.433 ; 3.433 ; Rise       ; clk             ;
;  result_confidence[7] ; clk        ; 3.865 ; 3.865 ; Rise       ; clk             ;
; result_cycles[*]      ; clk        ; 5.252 ; 5.252 ; Rise       ; clk             ;
;  result_cycles[0]     ; clk        ; 4.841 ; 4.841 ; Rise       ; clk             ;
;  result_cycles[1]     ; clk        ; 4.423 ; 4.423 ; Rise       ; clk             ;
;  result_cycles[2]     ; clk        ; 4.846 ; 4.846 ; Rise       ; clk             ;
;  result_cycles[3]     ; clk        ; 4.517 ; 4.517 ; Rise       ; clk             ;
;  result_cycles[4]     ; clk        ; 3.578 ; 3.578 ; Rise       ; clk             ;
;  result_cycles[5]     ; clk        ; 3.400 ; 3.400 ; Rise       ; clk             ;
;  result_cycles[6]     ; clk        ; 3.354 ; 3.354 ; Rise       ; clk             ;
;  result_cycles[7]     ; clk        ; 3.860 ; 3.860 ; Rise       ; clk             ;
;  result_cycles[8]     ; clk        ; 3.405 ; 3.405 ; Rise       ; clk             ;
;  result_cycles[9]     ; clk        ; 3.499 ; 3.499 ; Rise       ; clk             ;
;  result_cycles[10]    ; clk        ; 5.252 ; 5.252 ; Rise       ; clk             ;
;  result_cycles[11]    ; clk        ; 3.381 ; 3.381 ; Rise       ; clk             ;
;  result_cycles[12]    ; clk        ; 3.938 ; 3.938 ; Rise       ; clk             ;
;  result_cycles[13]    ; clk        ; 4.529 ; 4.529 ; Rise       ; clk             ;
;  result_cycles[14]    ; clk        ; 3.647 ; 3.647 ; Rise       ; clk             ;
;  result_cycles[15]    ; clk        ; 4.275 ; 4.275 ; Rise       ; clk             ;
;  result_cycles[16]    ; clk        ; 3.524 ; 3.524 ; Rise       ; clk             ;
;  result_cycles[17]    ; clk        ; 3.689 ; 3.689 ; Rise       ; clk             ;
;  result_cycles[18]    ; clk        ; 3.505 ; 3.505 ; Rise       ; clk             ;
;  result_cycles[19]    ; clk        ; 3.627 ; 3.627 ; Rise       ; clk             ;
;  result_cycles[20]    ; clk        ; 3.785 ; 3.785 ; Rise       ; clk             ;
;  result_cycles[21]    ; clk        ; 3.373 ; 3.373 ; Rise       ; clk             ;
;  result_cycles[22]    ; clk        ; 3.399 ; 3.399 ; Rise       ; clk             ;
;  result_cycles[23]    ; clk        ; 4.558 ; 4.558 ; Rise       ; clk             ;
;  result_cycles[24]    ; clk        ; 3.584 ; 3.584 ; Rise       ; clk             ;
;  result_cycles[25]    ; clk        ; 3.912 ; 3.912 ; Rise       ; clk             ;
;  result_cycles[26]    ; clk        ; 3.249 ; 3.249 ; Rise       ; clk             ;
;  result_cycles[27]    ; clk        ; 3.399 ; 3.399 ; Rise       ; clk             ;
;  result_cycles[28]    ; clk        ; 3.259 ; 3.259 ; Rise       ; clk             ;
;  result_cycles[29]    ; clk        ; 3.226 ; 3.226 ; Rise       ; clk             ;
;  result_cycles[30]    ; clk        ; 3.366 ; 3.366 ; Rise       ; clk             ;
;  result_cycles[31]    ; clk        ; 3.420 ; 3.420 ; Rise       ; clk             ;
; result_digit[*]       ; clk        ; 5.030 ; 5.030 ; Rise       ; clk             ;
;  result_digit[0]      ; clk        ; 5.030 ; 5.030 ; Rise       ; clk             ;
;  result_digit[1]      ; clk        ; 4.223 ; 4.223 ; Rise       ; clk             ;
;  result_digit[2]      ; clk        ; 3.489 ; 3.489 ; Rise       ; clk             ;
;  result_digit[3]      ; clk        ; 3.493 ; 3.493 ; Rise       ; clk             ;
; result_margin[*]      ; clk        ; 4.885 ; 4.885 ; Rise       ; clk             ;
;  result_margin[0]     ; clk        ; 3.807 ; 3.807 ; Rise       ; clk             ;
;  result_margin[1]     ; clk        ; 3.805 ; 3.805 ; Rise       ; clk             ;
;  result_margin[2]     ; clk        ; 3.954 ; 3.954 ; Rise       ; clk             ;
;  result_margin[3]     ; clk        ; 3.543 ; 3.543 ; Rise       ; clk             ;
;  result_margin[4]     ; clk        ; 4.744 ; 4.744 ; Rise       ; clk             ;
;  result_margin[5]     ; clk        ; 3.661 ; 3.661 ; Rise       ; clk             ;
;  result_margin[6]     ; clk        ; 3.951 ; 3.951 ; Rise       ; clk             ;
;  result_margin[7]     ; clk        ; 3.898 ; 3.898 ; Rise       ; clk             ;
;  result_margin[8]     ; clk        ; 4.440 ; 4.440 ; Rise       ; clk             ;
;  result_margin[9]     ; clk        ; 3.844 ; 3.844 ; Rise       ; clk             ;
;  result_margin[10]    ; clk        ; 4.885 ; 4.885 ; Rise       ; clk             ;
;  result_margin[11]    ; clk        ; 3.911 ; 3.911 ; Rise       ; clk             ;
;  result_margin[12]    ; clk        ; 4.756 ; 4.756 ; Rise       ; clk             ;
;  result_margin[13]    ; clk        ; 3.933 ; 3.933 ; Rise       ; clk             ;
;  result_margin[14]    ; clk        ; 4.138 ; 4.138 ; Rise       ; clk             ;
;  result_margin[15]    ; clk        ; 4.393 ; 4.393 ; Rise       ; clk             ;
; result_valid          ; clk        ; 3.965 ; 3.965 ; Rise       ; clk             ;
+-----------------------+------------+-------+-------+------------+-----------------+


+-----------------------------------------------------------------------------------+
; Minimum Clock to Output Times                                                     ;
+-----------------------+------------+-------+-------+------------+-----------------+
; Data Port             ; Clock Port ; Rise  ; Fall  ; Clock Edge ; Clock Reference ;
+-----------------------+------------+-------+-------+------------+-----------------+
; busy                  ; clk        ; 3.985 ; 3.985 ; Rise       ; clk             ;
; result_accepted       ; clk        ; 4.057 ; 4.057 ; Rise       ; clk             ;
; result_confidence[*]  ; clk        ; 3.433 ; 3.433 ; Rise       ; clk             ;
;  result_confidence[0] ; clk        ; 4.256 ; 4.256 ; Rise       ; clk             ;
;  result_confidence[1] ; clk        ; 3.900 ; 3.900 ; Rise       ; clk             ;
;  result_confidence[2] ; clk        ; 5.255 ; 5.255 ; Rise       ; clk             ;
;  result_confidence[3] ; clk        ; 4.040 ; 4.040 ; Rise       ; clk             ;
;  result_confidence[4] ; clk        ; 3.655 ; 3.655 ; Rise       ; clk             ;
;  result_confidence[5] ; clk        ; 4.564 ; 4.564 ; Rise       ; clk             ;
;  result_confidence[6] ; clk        ; 3.433 ; 3.433 ; Rise       ; clk             ;
;  result_confidence[7] ; clk        ; 3.865 ; 3.865 ; Rise       ; clk             ;
; result_cycles[*]      ; clk        ; 3.226 ; 3.226 ; Rise       ; clk             ;
;  result_cycles[0]     ; clk        ; 4.841 ; 4.841 ; Rise       ; clk             ;
;  result_cycles[1]     ; clk        ; 4.423 ; 4.423 ; Rise       ; clk             ;
;  result_cycles[2]     ; clk        ; 4.846 ; 4.846 ; Rise       ; clk             ;
;  result_cycles[3]     ; clk        ; 4.517 ; 4.517 ; Rise       ; clk             ;
;  result_cycles[4]     ; clk        ; 3.578 ; 3.578 ; Rise       ; clk             ;
;  result_cycles[5]     ; clk        ; 3.400 ; 3.400 ; Rise       ; clk             ;
;  result_cycles[6]     ; clk        ; 3.354 ; 3.354 ; Rise       ; clk             ;
;  result_cycles[7]     ; clk        ; 3.860 ; 3.860 ; Rise       ; clk             ;
;  result_cycles[8]     ; clk        ; 3.405 ; 3.405 ; Rise       ; clk             ;
;  result_cycles[9]     ; clk        ; 3.499 ; 3.499 ; Rise       ; clk             ;
;  result_cycles[10]    ; clk        ; 5.252 ; 5.252 ; Rise       ; clk             ;
;  result_cycles[11]    ; clk        ; 3.381 ; 3.381 ; Rise       ; clk             ;
;  result_cycles[12]    ; clk        ; 3.938 ; 3.938 ; Rise       ; clk             ;
;  result_cycles[13]    ; clk        ; 4.529 ; 4.529 ; Rise       ; clk             ;
;  result_cycles[14]    ; clk        ; 3.647 ; 3.647 ; Rise       ; clk             ;
;  result_cycles[15]    ; clk        ; 4.275 ; 4.275 ; Rise       ; clk             ;
;  result_cycles[16]    ; clk        ; 3.524 ; 3.524 ; Rise       ; clk             ;
;  result_cycles[17]    ; clk        ; 3.689 ; 3.689 ; Rise       ; clk             ;
;  result_cycles[18]    ; clk        ; 3.505 ; 3.505 ; Rise       ; clk             ;
;  result_cycles[19]    ; clk        ; 3.627 ; 3.627 ; Rise       ; clk             ;
;  result_cycles[20]    ; clk        ; 3.785 ; 3.785 ; Rise       ; clk             ;
;  result_cycles[21]    ; clk        ; 3.373 ; 3.373 ; Rise       ; clk             ;
;  result_cycles[22]    ; clk        ; 3.399 ; 3.399 ; Rise       ; clk             ;
;  result_cycles[23]    ; clk        ; 4.558 ; 4.558 ; Rise       ; clk             ;
;  result_cycles[24]    ; clk        ; 3.584 ; 3.584 ; Rise       ; clk             ;
;  result_cycles[25]    ; clk        ; 3.912 ; 3.912 ; Rise       ; clk             ;
;  result_cycles[26]    ; clk        ; 3.249 ; 3.249 ; Rise       ; clk             ;
;  result_cycles[27]    ; clk        ; 3.399 ; 3.399 ; Rise       ; clk             ;
;  result_cycles[28]    ; clk        ; 3.259 ; 3.259 ; Rise       ; clk             ;
;  result_cycles[29]    ; clk        ; 3.226 ; 3.226 ; Rise       ; clk             ;
;  result_cycles[30]    ; clk        ; 3.366 ; 3.366 ; Rise       ; clk             ;
;  result_cycles[31]    ; clk        ; 3.420 ; 3.420 ; Rise       ; clk             ;
; result_digit[*]       ; clk        ; 3.489 ; 3.489 ; Rise       ; clk             ;
;  result_digit[0]      ; clk        ; 5.030 ; 5.030 ; Rise       ; clk             ;
;  result_digit[1]      ; clk        ; 4.223 ; 4.223 ; Rise       ; clk             ;
;  result_digit[2]      ; clk        ; 3.489 ; 3.489 ; Rise       ; clk             ;
;  result_digit[3]      ; clk        ; 3.493 ; 3.493 ; Rise       ; clk             ;
; result_margin[*]      ; clk        ; 3.543 ; 3.543 ; Rise       ; clk             ;
;  result_margin[0]     ; clk        ; 3.807 ; 3.807 ; Rise       ; clk             ;
;  result_margin[1]     ; clk        ; 3.805 ; 3.805 ; Rise       ; clk             ;
;  result_margin[2]     ; clk        ; 3.954 ; 3.954 ; Rise       ; clk             ;
;  result_margin[3]     ; clk        ; 3.543 ; 3.543 ; Rise       ; clk             ;
;  result_margin[4]     ; clk        ; 4.744 ; 4.744 ; Rise       ; clk             ;
;  result_margin[5]     ; clk        ; 3.661 ; 3.661 ; Rise       ; clk             ;
;  result_margin[6]     ; clk        ; 3.951 ; 3.951 ; Rise       ; clk             ;
;  result_margin[7]     ; clk        ; 3.898 ; 3.898 ; Rise       ; clk             ;
;  result_margin[8]     ; clk        ; 4.440 ; 4.440 ; Rise       ; clk             ;
;  result_margin[9]     ; clk        ; 3.844 ; 3.844 ; Rise       ; clk             ;
;  result_margin[10]    ; clk        ; 4.885 ; 4.885 ; Rise       ; clk             ;
;  result_margin[11]    ; clk        ; 3.911 ; 3.911 ; Rise       ; clk             ;
;  result_margin[12]    ; clk        ; 4.756 ; 4.756 ; Rise       ; clk             ;
;  result_margin[13]    ; clk        ; 3.933 ; 3.933 ; Rise       ; clk             ;
;  result_margin[14]    ; clk        ; 4.138 ; 4.138 ; Rise       ; clk             ;
;  result_margin[15]    ; clk        ; 4.393 ; 4.393 ; Rise       ; clk             ;
; result_valid          ; clk        ; 3.965 ; 3.965 ; Rise       ; clk             ;
+-----------------------+------------+-------+-------+------------+-----------------+


+---------------------------------------------------------------------------------+
; Multicorner Timing Analysis Summary                                             ;
+------------------+-----------+-------+----------+---------+---------------------+
; Clock            ; Setup     ; Hold  ; Recovery ; Removal ; Minimum Pulse Width ;
+------------------+-----------+-------+----------+---------+---------------------+
; Worst-case Slack ; -69.922   ; 0.215 ; N/A      ; N/A     ; 21.933              ;
;  clk             ; -69.922   ; 0.215 ; N/A      ; N/A     ; 21.933              ;
; Design-wide TNS  ; -1925.619 ; 0.0   ; 0.0      ; 0.0     ; 0.0                 ;
;  clk             ; -1925.619 ; 0.000 ; N/A      ; N/A     ; 0.000               ;
+------------------+-----------+-------+----------+---------+---------------------+


+-------------------------------------------------------------------------------------+
; Setup Times                                                                         ;
+-----------------------+------------+--------+--------+------------+-----------------+
; Data Port             ; Clock Port ; Rise   ; Fall   ; Clock Edge ; Clock Reference ;
+-----------------------+------------+--------+--------+------------+-----------------+
; input_frame_error     ; clk        ; 12.982 ; 12.982 ; Rise       ; clk             ;
; input_frame_last      ; clk        ; 10.592 ; 10.592 ; Rise       ; clk             ;
; input_frame_valid     ; clk        ; 12.744 ; 12.744 ; Rise       ; clk             ;
; input_pixel[*]        ; clk        ; 7.327  ; 7.327  ; Rise       ; clk             ;
;  input_pixel[0]       ; clk        ; 1.383  ; 1.383  ; Rise       ; clk             ;
;  input_pixel[1]       ; clk        ; 4.718  ; 4.718  ; Rise       ; clk             ;
;  input_pixel[2]       ; clk        ; 4.697  ; 4.697  ; Rise       ; clk             ;
;  input_pixel[3]       ; clk        ; 7.327  ; 7.327  ; Rise       ; clk             ;
; input_pixel_index[*]  ; clk        ; 16.954 ; 16.954 ; Rise       ; clk             ;
;  input_pixel_index[0] ; clk        ; 16.254 ; 16.254 ; Rise       ; clk             ;
;  input_pixel_index[1] ; clk        ; 16.954 ; 16.954 ; Rise       ; clk             ;
;  input_pixel_index[2] ; clk        ; 15.964 ; 15.964 ; Rise       ; clk             ;
;  input_pixel_index[3] ; clk        ; 16.532 ; 16.532 ; Rise       ; clk             ;
;  input_pixel_index[4] ; clk        ; 14.433 ; 14.433 ; Rise       ; clk             ;
;  input_pixel_index[5] ; clk        ; 12.231 ; 12.231 ; Rise       ; clk             ;
;  input_pixel_index[6] ; clk        ; 16.520 ; 16.520 ; Rise       ; clk             ;
;  input_pixel_index[7] ; clk        ; 15.925 ; 15.925 ; Rise       ; clk             ;
; reset_n               ; clk        ; 20.032 ; 20.032 ; Rise       ; clk             ;
+-----------------------+------------+--------+--------+------------+-----------------+


+-------------------------------------------------------------------------------------+
; Hold Times                                                                          ;
+-----------------------+------------+--------+--------+------------+-----------------+
; Data Port             ; Clock Port ; Rise   ; Fall   ; Clock Edge ; Clock Reference ;
+-----------------------+------------+--------+--------+------------+-----------------+
; input_frame_error     ; clk        ; 0.315  ; 0.315  ; Rise       ; clk             ;
; input_frame_last      ; clk        ; -0.514 ; -0.514 ; Rise       ; clk             ;
; input_frame_valid     ; clk        ; 0.194  ; 0.194  ; Rise       ; clk             ;
; input_pixel[*]        ; clk        ; 0.127  ; 0.127  ; Rise       ; clk             ;
;  input_pixel[0]       ; clk        ; 0.127  ; 0.127  ; Rise       ; clk             ;
;  input_pixel[1]       ; clk        ; -1.876 ; -1.876 ; Rise       ; clk             ;
;  input_pixel[2]       ; clk        ; -1.864 ; -1.864 ; Rise       ; clk             ;
;  input_pixel[3]       ; clk        ; -2.787 ; -2.787 ; Rise       ; clk             ;
; input_pixel_index[*]  ; clk        ; 0.226  ; 0.226  ; Rise       ; clk             ;
;  input_pixel_index[0] ; clk        ; -1.899 ; -1.899 ; Rise       ; clk             ;
;  input_pixel_index[1] ; clk        ; -2.217 ; -2.217 ; Rise       ; clk             ;
;  input_pixel_index[2] ; clk        ; -2.003 ; -2.003 ; Rise       ; clk             ;
;  input_pixel_index[3] ; clk        ; -2.184 ; -2.184 ; Rise       ; clk             ;
;  input_pixel_index[4] ; clk        ; -0.529 ; -0.529 ; Rise       ; clk             ;
;  input_pixel_index[5] ; clk        ; 0.226  ; 0.226  ; Rise       ; clk             ;
;  input_pixel_index[6] ; clk        ; -1.923 ; -1.923 ; Rise       ; clk             ;
;  input_pixel_index[7] ; clk        ; -1.900 ; -1.900 ; Rise       ; clk             ;
; reset_n               ; clk        ; 0.197  ; 0.197  ; Rise       ; clk             ;
+-----------------------+------------+--------+--------+------------+-----------------+


+-------------------------------------------------------------------------------------+
; Clock to Output Times                                                               ;
+-----------------------+------------+--------+--------+------------+-----------------+
; Data Port             ; Clock Port ; Rise   ; Fall   ; Clock Edge ; Clock Reference ;
+-----------------------+------------+--------+--------+------------+-----------------+
; busy                  ; clk        ; 10.812 ; 10.812 ; Rise       ; clk             ;
; result_accepted       ; clk        ; 9.065  ; 9.065  ; Rise       ; clk             ;
; result_confidence[*]  ; clk        ; 12.824 ; 12.824 ; Rise       ; clk             ;
;  result_confidence[0] ; clk        ; 9.741  ; 9.741  ; Rise       ; clk             ;
;  result_confidence[1] ; clk        ; 8.721  ; 8.721  ; Rise       ; clk             ;
;  result_confidence[2] ; clk        ; 12.824 ; 12.824 ; Rise       ; clk             ;
;  result_confidence[3] ; clk        ; 9.214  ; 9.214  ; Rise       ; clk             ;
;  result_confidence[4] ; clk        ; 7.946  ; 7.946  ; Rise       ; clk             ;
;  result_confidence[5] ; clk        ; 10.563 ; 10.563 ; Rise       ; clk             ;
;  result_confidence[6] ; clk        ; 7.216  ; 7.216  ; Rise       ; clk             ;
;  result_confidence[7] ; clk        ; 8.497  ; 8.497  ; Rise       ; clk             ;
; result_cycles[*]      ; clk        ; 12.946 ; 12.946 ; Rise       ; clk             ;
;  result_cycles[0]     ; clk        ; 11.433 ; 11.433 ; Rise       ; clk             ;
;  result_cycles[1]     ; clk        ; 10.144 ; 10.144 ; Rise       ; clk             ;
;  result_cycles[2]     ; clk        ; 11.456 ; 11.456 ; Rise       ; clk             ;
;  result_cycles[3]     ; clk        ; 10.641 ; 10.641 ; Rise       ; clk             ;
;  result_cycles[4]     ; clk        ; 7.698  ; 7.698  ; Rise       ; clk             ;
;  result_cycles[5]     ; clk        ; 7.233  ; 7.233  ; Rise       ; clk             ;
;  result_cycles[6]     ; clk        ; 7.179  ; 7.179  ; Rise       ; clk             ;
;  result_cycles[7]     ; clk        ; 8.483  ; 8.483  ; Rise       ; clk             ;
;  result_cycles[8]     ; clk        ; 7.244  ; 7.244  ; Rise       ; clk             ;
;  result_cycles[9]     ; clk        ; 7.568  ; 7.568  ; Rise       ; clk             ;
;  result_cycles[10]    ; clk        ; 12.946 ; 12.946 ; Rise       ; clk             ;
;  result_cycles[11]    ; clk        ; 7.212  ; 7.212  ; Rise       ; clk             ;
;  result_cycles[12]    ; clk        ; 8.801  ; 8.801  ; Rise       ; clk             ;
;  result_cycles[13]    ; clk        ; 10.590 ; 10.590 ; Rise       ; clk             ;
;  result_cycles[14]    ; clk        ; 7.757  ; 7.757  ; Rise       ; clk             ;
;  result_cycles[15]    ; clk        ; 9.998  ; 9.998  ; Rise       ; clk             ;
;  result_cycles[16]    ; clk        ; 7.420  ; 7.420  ; Rise       ; clk             ;
;  result_cycles[17]    ; clk        ; 7.822  ; 7.822  ; Rise       ; clk             ;
;  result_cycles[18]    ; clk        ; 7.390  ; 7.390  ; Rise       ; clk             ;
;  result_cycles[19]    ; clk        ; 7.955  ; 7.955  ; Rise       ; clk             ;
;  result_cycles[20]    ; clk        ; 8.235  ; 8.235  ; Rise       ; clk             ;
;  result_cycles[21]    ; clk        ; 7.200  ; 7.200  ; Rise       ; clk             ;
;  result_cycles[22]    ; clk        ; 7.246  ; 7.246  ; Rise       ; clk             ;
;  result_cycles[23]    ; clk        ; 10.697 ; 10.697 ; Rise       ; clk             ;
;  result_cycles[24]    ; clk        ; 7.710  ; 7.710  ; Rise       ; clk             ;
;  result_cycles[25]    ; clk        ; 8.717  ; 8.717  ; Rise       ; clk             ;
;  result_cycles[26]    ; clk        ; 6.817  ; 6.817  ; Rise       ; clk             ;
;  result_cycles[27]    ; clk        ; 7.236  ; 7.236  ; Rise       ; clk             ;
;  result_cycles[28]    ; clk        ; 6.827  ; 6.827  ; Rise       ; clk             ;
;  result_cycles[29]    ; clk        ; 6.776  ; 6.776  ; Rise       ; clk             ;
;  result_cycles[30]    ; clk        ; 7.199  ; 7.199  ; Rise       ; clk             ;
;  result_cycles[31]    ; clk        ; 7.275  ; 7.275  ; Rise       ; clk             ;
; result_digit[*]       ; clk        ; 11.901 ; 11.901 ; Rise       ; clk             ;
;  result_digit[0]      ; clk        ; 11.901 ; 11.901 ; Rise       ; clk             ;
;  result_digit[1]      ; clk        ; 9.759  ; 9.759  ; Rise       ; clk             ;
;  result_digit[2]      ; clk        ; 7.314  ; 7.314  ; Rise       ; clk             ;
;  result_digit[3]      ; clk        ; 7.324  ; 7.324  ; Rise       ; clk             ;
; result_margin[*]      ; clk        ; 11.840 ; 11.840 ; Rise       ; clk             ;
;  result_margin[0]     ; clk        ; 8.392  ; 8.392  ; Rise       ; clk             ;
;  result_margin[1]     ; clk        ; 8.390  ; 8.390  ; Rise       ; clk             ;
;  result_margin[2]     ; clk        ; 8.806  ; 8.806  ; Rise       ; clk             ;
;  result_margin[3]     ; clk        ; 7.598  ; 7.598  ; Rise       ; clk             ;
;  result_margin[4]     ; clk        ; 11.618 ; 11.618 ; Rise       ; clk             ;
;  result_margin[5]     ; clk        ; 7.793  ; 7.793  ; Rise       ; clk             ;
;  result_margin[6]     ; clk        ; 8.677  ; 8.677  ; Rise       ; clk             ;
;  result_margin[7]     ; clk        ; 8.592  ; 8.592  ; Rise       ; clk             ;
;  result_margin[8]     ; clk        ; 10.059 ; 10.059 ; Rise       ; clk             ;
;  result_margin[9]     ; clk        ; 8.700  ; 8.700  ; Rise       ; clk             ;
;  result_margin[10]    ; clk        ; 11.840 ; 11.840 ; Rise       ; clk             ;
;  result_margin[11]    ; clk        ; 8.627  ; 8.627  ; Rise       ; clk             ;
;  result_margin[12]    ; clk        ; 11.282 ; 11.282 ; Rise       ; clk             ;
;  result_margin[13]    ; clk        ; 9.042  ; 9.042  ; Rise       ; clk             ;
;  result_margin[14]    ; clk        ; 9.308  ; 9.308  ; Rise       ; clk             ;
;  result_margin[15]    ; clk        ; 10.120 ; 10.120 ; Rise       ; clk             ;
; result_valid          ; clk        ; 8.878  ; 8.878  ; Rise       ; clk             ;
+-----------------------+------------+--------+--------+------------+-----------------+


+-----------------------------------------------------------------------------------+
; Minimum Clock to Output Times                                                     ;
+-----------------------+------------+-------+-------+------------+-----------------+
; Data Port             ; Clock Port ; Rise  ; Fall  ; Clock Edge ; Clock Reference ;
+-----------------------+------------+-------+-------+------------+-----------------+
; busy                  ; clk        ; 3.985 ; 3.985 ; Rise       ; clk             ;
; result_accepted       ; clk        ; 4.057 ; 4.057 ; Rise       ; clk             ;
; result_confidence[*]  ; clk        ; 3.433 ; 3.433 ; Rise       ; clk             ;
;  result_confidence[0] ; clk        ; 4.256 ; 4.256 ; Rise       ; clk             ;
;  result_confidence[1] ; clk        ; 3.900 ; 3.900 ; Rise       ; clk             ;
;  result_confidence[2] ; clk        ; 5.255 ; 5.255 ; Rise       ; clk             ;
;  result_confidence[3] ; clk        ; 4.040 ; 4.040 ; Rise       ; clk             ;
;  result_confidence[4] ; clk        ; 3.655 ; 3.655 ; Rise       ; clk             ;
;  result_confidence[5] ; clk        ; 4.564 ; 4.564 ; Rise       ; clk             ;
;  result_confidence[6] ; clk        ; 3.433 ; 3.433 ; Rise       ; clk             ;
;  result_confidence[7] ; clk        ; 3.865 ; 3.865 ; Rise       ; clk             ;
; result_cycles[*]      ; clk        ; 3.226 ; 3.226 ; Rise       ; clk             ;
;  result_cycles[0]     ; clk        ; 4.841 ; 4.841 ; Rise       ; clk             ;
;  result_cycles[1]     ; clk        ; 4.423 ; 4.423 ; Rise       ; clk             ;
;  result_cycles[2]     ; clk        ; 4.846 ; 4.846 ; Rise       ; clk             ;
;  result_cycles[3]     ; clk        ; 4.517 ; 4.517 ; Rise       ; clk             ;
;  result_cycles[4]     ; clk        ; 3.578 ; 3.578 ; Rise       ; clk             ;
;  result_cycles[5]     ; clk        ; 3.400 ; 3.400 ; Rise       ; clk             ;
;  result_cycles[6]     ; clk        ; 3.354 ; 3.354 ; Rise       ; clk             ;
;  result_cycles[7]     ; clk        ; 3.860 ; 3.860 ; Rise       ; clk             ;
;  result_cycles[8]     ; clk        ; 3.405 ; 3.405 ; Rise       ; clk             ;
;  result_cycles[9]     ; clk        ; 3.499 ; 3.499 ; Rise       ; clk             ;
;  result_cycles[10]    ; clk        ; 5.252 ; 5.252 ; Rise       ; clk             ;
;  result_cycles[11]    ; clk        ; 3.381 ; 3.381 ; Rise       ; clk             ;
;  result_cycles[12]    ; clk        ; 3.938 ; 3.938 ; Rise       ; clk             ;
;  result_cycles[13]    ; clk        ; 4.529 ; 4.529 ; Rise       ; clk             ;
;  result_cycles[14]    ; clk        ; 3.647 ; 3.647 ; Rise       ; clk             ;
;  result_cycles[15]    ; clk        ; 4.275 ; 4.275 ; Rise       ; clk             ;
;  result_cycles[16]    ; clk        ; 3.524 ; 3.524 ; Rise       ; clk             ;
;  result_cycles[17]    ; clk        ; 3.689 ; 3.689 ; Rise       ; clk             ;
;  result_cycles[18]    ; clk        ; 3.505 ; 3.505 ; Rise       ; clk             ;
;  result_cycles[19]    ; clk        ; 3.627 ; 3.627 ; Rise       ; clk             ;
;  result_cycles[20]    ; clk        ; 3.785 ; 3.785 ; Rise       ; clk             ;
;  result_cycles[21]    ; clk        ; 3.373 ; 3.373 ; Rise       ; clk             ;
;  result_cycles[22]    ; clk        ; 3.399 ; 3.399 ; Rise       ; clk             ;
;  result_cycles[23]    ; clk        ; 4.558 ; 4.558 ; Rise       ; clk             ;
;  result_cycles[24]    ; clk        ; 3.584 ; 3.584 ; Rise       ; clk             ;
;  result_cycles[25]    ; clk        ; 3.912 ; 3.912 ; Rise       ; clk             ;
;  result_cycles[26]    ; clk        ; 3.249 ; 3.249 ; Rise       ; clk             ;
;  result_cycles[27]    ; clk        ; 3.399 ; 3.399 ; Rise       ; clk             ;
;  result_cycles[28]    ; clk        ; 3.259 ; 3.259 ; Rise       ; clk             ;
;  result_cycles[29]    ; clk        ; 3.226 ; 3.226 ; Rise       ; clk             ;
;  result_cycles[30]    ; clk        ; 3.366 ; 3.366 ; Rise       ; clk             ;
;  result_cycles[31]    ; clk        ; 3.420 ; 3.420 ; Rise       ; clk             ;
; result_digit[*]       ; clk        ; 3.489 ; 3.489 ; Rise       ; clk             ;
;  result_digit[0]      ; clk        ; 5.030 ; 5.030 ; Rise       ; clk             ;
;  result_digit[1]      ; clk        ; 4.223 ; 4.223 ; Rise       ; clk             ;
;  result_digit[2]      ; clk        ; 3.489 ; 3.489 ; Rise       ; clk             ;
;  result_digit[3]      ; clk        ; 3.493 ; 3.493 ; Rise       ; clk             ;
; result_margin[*]      ; clk        ; 3.543 ; 3.543 ; Rise       ; clk             ;
;  result_margin[0]     ; clk        ; 3.807 ; 3.807 ; Rise       ; clk             ;
;  result_margin[1]     ; clk        ; 3.805 ; 3.805 ; Rise       ; clk             ;
;  result_margin[2]     ; clk        ; 3.954 ; 3.954 ; Rise       ; clk             ;
;  result_margin[3]     ; clk        ; 3.543 ; 3.543 ; Rise       ; clk             ;
;  result_margin[4]     ; clk        ; 4.744 ; 4.744 ; Rise       ; clk             ;
;  result_margin[5]     ; clk        ; 3.661 ; 3.661 ; Rise       ; clk             ;
;  result_margin[6]     ; clk        ; 3.951 ; 3.951 ; Rise       ; clk             ;
;  result_margin[7]     ; clk        ; 3.898 ; 3.898 ; Rise       ; clk             ;
;  result_margin[8]     ; clk        ; 4.440 ; 4.440 ; Rise       ; clk             ;
;  result_margin[9]     ; clk        ; 3.844 ; 3.844 ; Rise       ; clk             ;
;  result_margin[10]    ; clk        ; 4.885 ; 4.885 ; Rise       ; clk             ;
;  result_margin[11]    ; clk        ; 3.911 ; 3.911 ; Rise       ; clk             ;
;  result_margin[12]    ; clk        ; 4.756 ; 4.756 ; Rise       ; clk             ;
;  result_margin[13]    ; clk        ; 3.933 ; 3.933 ; Rise       ; clk             ;
;  result_margin[14]    ; clk        ; 4.138 ; 4.138 ; Rise       ; clk             ;
;  result_margin[15]    ; clk        ; 4.393 ; 4.393 ; Rise       ; clk             ;
; result_valid          ; clk        ; 3.965 ; 3.965 ; Rise       ; clk             ;
+-----------------------+------------+-------+-------+------------+-----------------+


+-----------------------------------------------------------------------+
; Setup Transfers                                                       ;
+------------+----------+--------------+----------+----------+----------+
; From Clock ; To Clock ; RR Paths     ; FR Paths ; RF Paths ; FF Paths ;
+------------+----------+--------------+----------+----------+----------+
; clk        ; clk      ; > 2147483647 ; 0        ; 0        ; 0        ;
+------------+----------+--------------+----------+----------+----------+
Entries labeled "false path" only account for clock-to-clock false paths and not path-based false paths. As a result, actual path counts may be lower than reported.


+-----------------------------------------------------------------------+
; Hold Transfers                                                        ;
+------------+----------+--------------+----------+----------+----------+
; From Clock ; To Clock ; RR Paths     ; FR Paths ; RF Paths ; FF Paths ;
+------------+----------+--------------+----------+----------+----------+
; clk        ; clk      ; > 2147483647 ; 0        ; 0        ; 0        ;
+------------+----------+--------------+----------+----------+----------+
Entries labeled "false path" only account for clock-to-clock false paths and not path-based false paths. As a result, actual path counts may be lower than reported.


---------------
; Report TCCS ;
---------------
No dedicated SERDES Transmitter circuitry present in device or used in design


---------------
; Report RSKM ;
---------------
No dedicated SERDES Receiver circuitry present in device or used in design


+------------------------------------------------+
; Unconstrained Paths                            ;
+---------------------------------+-------+------+
; Property                        ; Setup ; Hold ;
+---------------------------------+-------+------+
; Illegal Clocks                  ; 0     ; 0    ;
; Unconstrained Clocks            ; 0     ; 0    ;
; Unconstrained Input Ports       ; 16    ; 16   ;
; Unconstrained Input Port Paths  ; 1880  ; 1880 ;
; Unconstrained Output Ports      ; 63    ; 63   ;
; Unconstrained Output Port Paths ; 65    ; 65   ;
+---------------------------------+-------+------+


+------------------------------------+
; TimeQuest Timing Analyzer Messages ;
+------------------------------------+
Info: *******************************************************************
Info: Running Quartus II 64-Bit TimeQuest Timing Analyzer
    Info: Version 13.0.1 Build 232 06/12/2013 Service Pack 1 SJ Web Edition
    Info: Processing started: Wed Sep 30 17:46:45 2026
Info: Command: quartus_sta freq_20mhz -c freq_20mhz
Info: qsta_default_script.tcl version: #1
Info (20030): Parallel compilation is enabled and will use 6 of the 6 processors detected
Info (332104): Reading SDC File: 'freq_20mhz.sdc'
Info: Found TIMEQUEST_REPORT_SCRIPT_INCLUDE_DEFAULT_ANALYSIS = ON
Info: Analyzing Slow Model
Critical Warning (332148): Timing requirements not met
Info (332146): Worst-case setup slack is -69.922
    Info (332119):     Slack End Point TNS Clock 
    Info (332119): ========= ============= =====================
    Info (332119):   -69.922     -1925.619 clk 
Info (332146): Worst-case hold slack is 0.499
    Info (332119):     Slack End Point TNS Clock 
    Info (332119): ========= ============= =====================
    Info (332119):     0.499         0.000 clk 
Info (332140): No Recovery paths to report
Info (332140): No Removal paths to report
Info (332146): Worst-case minimum pulse width slack is 21.933
    Info (332119):     Slack End Point TNS Clock 
    Info (332119): ========= ============= =====================
    Info (332119):    21.933         0.000 clk 
Info (332001): The selected device family is not supported by the report_metastability command.
Info: Analyzing Fast Model
Info (332146): Worst-case setup slack is 5.791
    Info (332119):     Slack End Point TNS Clock 
    Info (332119): ========= ============= =====================
    Info (332119):     5.791         0.000 clk 
Info (332146): Worst-case hold slack is 0.215
    Info (332119):     Slack End Point TNS Clock 
    Info (332119): ========= ============= =====================
    Info (332119):     0.215         0.000 clk 
Info (332140): No Recovery paths to report
Info (332140): No Removal paths to report
Info (332146): Worst-case minimum pulse width slack is 22.873
    Info (332119):     Slack End Point TNS Clock 
    Info (332119): ========= ============= =====================
    Info (332119):    22.873         0.000 clk 
Info (332001): The selected device family is not supported by the report_metastability command.
Info (332102): Design is not fully constrained for setup requirements
Info (332102): Design is not fully constrained for hold requirements
Info: Quartus II 64-Bit TimeQuest Timing Analyzer was successful. 0 errors, 1 warning
    Info: Peak virtual memory: 4646 megabytes
    Info: Processing ended: Wed Sep 30 17:46:48 2026
    Info: Elapsed time: 00:00:03
    Info: Total CPU time (on all processors): 00:00:02


