TimeQuest Timing Analyzer report for fx2_ml_bridge
Sat Oct 03 10:05:46 2026
Quartus II 64-Bit Version 13.0.1 Build 232 06/12/2013 Service Pack 1 SJ Web Edition


---------------------
; Table of Contents ;
---------------------
  1. Legal Notice
  2. TimeQuest Timing Analyzer Summary
  3. Parallel Compilation
  4. SDC File List
  5. Clocks
  6. Slow Model Fmax Summary
  7. Slow Model Setup Summary
  8. Slow Model Hold Summary
  9. Slow Model Recovery Summary
 10. Slow Model Removal Summary
 11. Slow Model Minimum Pulse Width Summary
 12. Slow Model Setup: 'clk'
 13. Slow Model Hold: 'clk'
 14. Slow Model Minimum Pulse Width: 'clk'
 15. Setup Times
 16. Hold Times
 17. Clock to Output Times
 18. Minimum Clock to Output Times
 19. Output Enable Times
 20. Minimum Output Enable Times
 21. Output Disable Times
 22. Minimum Output Disable Times
 23. Fast Model Setup Summary
 24. Fast Model Hold Summary
 25. Fast Model Recovery Summary
 26. Fast Model Removal Summary
 27. Fast Model Minimum Pulse Width Summary
 28. Fast Model Setup: 'clk'
 29. Fast Model Hold: 'clk'
 30. Fast Model Minimum Pulse Width: 'clk'
 31. Setup Times
 32. Hold Times
 33. Clock to Output Times
 34. Minimum Clock to Output Times
 35. Output Enable Times
 36. Minimum Output Enable Times
 37. Output Disable Times
 38. Minimum Output Disable Times
 39. Multicorner Timing Analysis Summary
 40. Setup Times
 41. Hold Times
 42. Clock to Output Times
 43. Minimum Clock to Output Times
 44. Setup Transfers
 45. Hold Transfers
 46. Report TCCS
 47. Report RSKM
 48. Unconstrained Paths
 49. TimeQuest Timing Analyzer Messages



----------------
; Legal Notice ;
----------------
Copyright (C) 1991-2013 Altera Corporation
Your use of Altera Corporation's design tools, logic functions 
and other software and tools, and its AMPP partner logic 
functions, and any output files from any of the foregoing 
(including device programming or simulation files), and any 
associated documentation or information are expressly subject 
to the terms and conditions of the Altera Program License 
Subscription Agreement, Altera MegaCore Function License 
Agreement, or other applicable license agreement, including, 
without limitation, that your use is for the sole purpose of 
programming logic devices manufactured by Altera and sold by 
Altera or its authorized distributors.  Please refer to the 
applicable agreement for further details.



+----------------------------------------------------------------------------------------+
; TimeQuest Timing Analyzer Summary                                                      ;
+--------------------+-------------------------------------------------------------------+
; Quartus II Version ; Version 13.0.1 Build 232 06/12/2013 Service Pack 1 SJ Web Edition ;
; Revision Name      ; fx2_ml_bridge                                                     ;
; Device Family      ; Cyclone II                                                        ;
; Device Name        ; EP2C5T144C8                                                       ;
; Timing Models      ; Final                                                             ;
; Delay Model        ; Combined                                                          ;
; Rise/Fall Delays   ; Unavailable                                                       ;
+--------------------+-------------------------------------------------------------------+


+------------------------------------------+
; Parallel Compilation                     ;
+----------------------------+-------------+
; Processors                 ; Number      ;
+----------------------------+-------------+
; Number detected on machine ; 6           ;
; Maximum allowed            ; 6           ;
;                            ;             ;
; Average used               ; 1.00        ;
; Maximum used               ; 2           ;
;                            ;             ;
; Usage by Processor         ; % Time Used ;
;     Processor 1            ; 100.0%      ;
;     Processor 2            ; < 0.1%      ;
;     Processors 3-6         ;   0.0%      ;
+----------------------------+-------------+


+-------------------------------------------------------+
; SDC File List                                         ;
+-------------------+--------+--------------------------+
; SDC File Path     ; Status ; Read at                  ;
+-------------------+--------+--------------------------+
; fx2_ml_bridge.sdc ; OK     ; Sat Oct 03 10:05:45 2026 ;
+-------------------+--------+--------------------------+


+---------------------------------------------------------------------------------------------------------------------------------------------------------------------------------+
; Clocks                                                                                                                                                                          ;
+------------+------+--------+-----------+-------+--------+------------+-----------+-------------+-------+--------+-----------+------------+----------+--------+--------+---------+
; Clock Name ; Type ; Period ; Frequency ; Rise  ; Fall   ; Duty Cycle ; Divide by ; Multiply by ; Phase ; Offset ; Edge List ; Edge Shift ; Inverted ; Master ; Source ; Targets ;
+------------+------+--------+-----------+-------+--------+------------+-----------+-------------+-------+--------+-----------+------------+----------+--------+--------+---------+
; clk        ; Base ; 20.000 ; 50.0 MHz  ; 0.000 ; 10.000 ;            ;           ;             ;       ;        ;           ;            ;          ;        ;        ; { clk } ;
+------------+------+--------+-----------+-------+--------+------------+-----------+-------------+-------+--------+-----------+------------+----------+--------+--------+---------+


+------------------------------------------------+
; Slow Model Fmax Summary                        ;
+----------+-----------------+------------+------+
; Fmax     ; Restricted Fmax ; Clock Name ; Note ;
+----------+-----------------+------------+------+
; 76.3 MHz ; 76.3 MHz        ; clk        ;      ;
+----------+-----------------+------------+------+
This panel reports FMAX for every clock in the design, regardless of the user-specified clock periods.  FMAX is only computed for paths where the source and destination registers or ports are driven by the same clock.  Paths of different clocks, including generated clocks, are ignored.  For paths between a clock and its inversion, FMAX is computed as if the rising and falling edges are scaled along with FMAX, such that the duty cycle (in terms of a percentage) is maintained. Altera recommends that you always use clock constraints and other slack reports for sign-off analysis.


+--------------------------------+
; Slow Model Setup Summary       ;
+-------+--------+---------------+
; Clock ; Slack  ; End Point TNS ;
+-------+--------+---------------+
; clk   ; 68.935 ; 0.000         ;
+-------+--------+---------------+


+-------------------------------+
; Slow Model Hold Summary       ;
+-------+-------+---------------+
; Clock ; Slack ; End Point TNS ;
+-------+-------+---------------+
; clk   ; 0.499 ; 0.000         ;
+-------+-------+---------------+


-------------------------------
; Slow Model Recovery Summary ;
-------------------------------
No paths to report.


------------------------------
; Slow Model Removal Summary ;
------------------------------
No paths to report.


+----------------------------------------+
; Slow Model Minimum Pulse Width Summary ;
+-------+-------+------------------------+
; Clock ; Slack ; End Point TNS          ;
+-------+-------+------------------------+
; clk   ; 6.933 ; 0.000                  ;
+-------+-------+------------------------+


+----------------------------------------------------------------------------------------------------------------------------------------------------------+
; Slow Model Setup: 'clk'                                                                                                                                  ;
+--------+-----------------------------------+---------------------------------------+--------------+-------------+--------------+------------+------------+
; Slack  ; From Node                         ; To Node                               ; Launch Clock ; Latch Clock ; Relationship ; Clock Skew ; Data Delay ;
+--------+-----------------------------------+---------------------------------------+--------------+-------------+--------------+------------+------------+
; 68.935 ; ml_inference:core_i|scores[0][0]  ; ml_inference:core_i|result_margin[2]  ; clk          ; clk         ; 200.000      ; -0.034     ; 131.071    ;
; 68.974 ; ml_inference:core_i|scores[0][0]  ; ml_inference:core_i|result_margin[0]  ; clk          ; clk         ; 200.000      ; -0.033     ; 131.033    ;
; 68.975 ; ml_inference:core_i|scores[0][0]  ; ml_inference:core_i|result_margin[5]  ; clk          ; clk         ; 200.000      ; -0.033     ; 131.032    ;
; 68.983 ; ml_inference:core_i|scores[0][0]  ; ml_inference:core_i|result_margin[12] ; clk          ; clk         ; 200.000      ; -0.027     ; 131.030    ;
; 69.171 ; ml_inference:core_i|scores[0][1]  ; ml_inference:core_i|result_margin[2]  ; clk          ; clk         ; 200.000      ; -0.035     ; 130.834    ;
; 69.183 ; ml_inference:core_i|scores[0][0]  ; ml_inference:core_i|result_margin[11] ; clk          ; clk         ; 200.000      ; -0.034     ; 130.823    ;
; 69.184 ; ml_inference:core_i|scores[0][0]  ; ml_inference:core_i|result_margin[7]  ; clk          ; clk         ; 200.000      ; -0.034     ; 130.822    ;
; 69.185 ; ml_inference:core_i|scores[0][0]  ; ml_inference:core_i|result_margin[1]  ; clk          ; clk         ; 200.000      ; -0.034     ; 130.821    ;
; 69.187 ; ml_inference:core_i|scores[0][0]  ; ml_inference:core_i|result_margin[14] ; clk          ; clk         ; 200.000      ; -0.034     ; 130.819    ;
; 69.189 ; ml_inference:core_i|scores[0][0]  ; ml_inference:core_i|result_margin[9]  ; clk          ; clk         ; 200.000      ; -0.034     ; 130.817    ;
; 69.210 ; ml_inference:core_i|scores[0][1]  ; ml_inference:core_i|result_margin[0]  ; clk          ; clk         ; 200.000      ; -0.034     ; 130.796    ;
; 69.211 ; ml_inference:core_i|scores[0][1]  ; ml_inference:core_i|result_margin[5]  ; clk          ; clk         ; 200.000      ; -0.034     ; 130.795    ;
; 69.219 ; ml_inference:core_i|scores[0][1]  ; ml_inference:core_i|result_margin[12] ; clk          ; clk         ; 200.000      ; -0.028     ; 130.793    ;
; 69.230 ; ml_inference:core_i|scores[0][0]  ; ml_inference:core_i|result_margin[4]  ; clk          ; clk         ; 200.000      ; -0.033     ; 130.777    ;
; 69.419 ; ml_inference:core_i|scores[0][1]  ; ml_inference:core_i|result_margin[11] ; clk          ; clk         ; 200.000      ; -0.035     ; 130.586    ;
; 69.420 ; ml_inference:core_i|scores[0][1]  ; ml_inference:core_i|result_margin[7]  ; clk          ; clk         ; 200.000      ; -0.035     ; 130.585    ;
; 69.421 ; ml_inference:core_i|scores[0][1]  ; ml_inference:core_i|result_margin[1]  ; clk          ; clk         ; 200.000      ; -0.035     ; 130.584    ;
; 69.423 ; ml_inference:core_i|scores[0][1]  ; ml_inference:core_i|result_margin[14] ; clk          ; clk         ; 200.000      ; -0.035     ; 130.582    ;
; 69.425 ; ml_inference:core_i|scores[0][1]  ; ml_inference:core_i|result_margin[9]  ; clk          ; clk         ; 200.000      ; -0.035     ; 130.580    ;
; 69.454 ; ml_inference:core_i|scores[1][0]  ; ml_inference:core_i|result_margin[2]  ; clk          ; clk         ; 200.000      ; -0.035     ; 130.551    ;
; 69.466 ; ml_inference:core_i|scores[0][1]  ; ml_inference:core_i|result_margin[4]  ; clk          ; clk         ; 200.000      ; -0.034     ; 130.540    ;
; 69.493 ; ml_inference:core_i|scores[1][0]  ; ml_inference:core_i|result_margin[0]  ; clk          ; clk         ; 200.000      ; -0.034     ; 130.513    ;
; 69.494 ; ml_inference:core_i|scores[1][0]  ; ml_inference:core_i|result_margin[5]  ; clk          ; clk         ; 200.000      ; -0.034     ; 130.512    ;
; 69.502 ; ml_inference:core_i|scores[1][0]  ; ml_inference:core_i|result_margin[12] ; clk          ; clk         ; 200.000      ; -0.028     ; 130.510    ;
; 69.612 ; ml_inference:core_i|scores[1][1]  ; ml_inference:core_i|result_margin[2]  ; clk          ; clk         ; 200.000      ; -0.035     ; 130.393    ;
; 69.636 ; ml_inference:core_i|scores[0][0]  ; ml_inference:core_i|result_margin[10] ; clk          ; clk         ; 200.000      ; -0.031     ; 130.373    ;
; 69.636 ; ml_inference:core_i|scores[0][0]  ; ml_inference:core_i|result_margin[13] ; clk          ; clk         ; 200.000      ; -0.031     ; 130.373    ;
; 69.637 ; ml_inference:core_i|scores[0][0]  ; ml_inference:core_i|result_margin[6]  ; clk          ; clk         ; 200.000      ; -0.031     ; 130.372    ;
; 69.638 ; ml_inference:core_i|scores[0][0]  ; ml_inference:core_i|result_margin[8]  ; clk          ; clk         ; 200.000      ; -0.031     ; 130.371    ;
; 69.641 ; ml_inference:core_i|scores[0][0]  ; ml_inference:core_i|result_margin[15] ; clk          ; clk         ; 200.000      ; -0.031     ; 130.368    ;
; 69.642 ; ml_inference:core_i|scores[0][0]  ; ml_inference:core_i|result_margin[3]  ; clk          ; clk         ; 200.000      ; -0.031     ; 130.367    ;
; 69.651 ; ml_inference:core_i|scores[1][1]  ; ml_inference:core_i|result_margin[0]  ; clk          ; clk         ; 200.000      ; -0.034     ; 130.355    ;
; 69.652 ; ml_inference:core_i|scores[1][1]  ; ml_inference:core_i|result_margin[5]  ; clk          ; clk         ; 200.000      ; -0.034     ; 130.354    ;
; 69.660 ; ml_inference:core_i|scores[1][1]  ; ml_inference:core_i|result_margin[12] ; clk          ; clk         ; 200.000      ; -0.028     ; 130.352    ;
; 69.702 ; ml_inference:core_i|scores[1][0]  ; ml_inference:core_i|result_margin[11] ; clk          ; clk         ; 200.000      ; -0.035     ; 130.303    ;
; 69.703 ; ml_inference:core_i|scores[1][0]  ; ml_inference:core_i|result_margin[7]  ; clk          ; clk         ; 200.000      ; -0.035     ; 130.302    ;
; 69.704 ; ml_inference:core_i|scores[1][0]  ; ml_inference:core_i|result_margin[1]  ; clk          ; clk         ; 200.000      ; -0.035     ; 130.301    ;
; 69.706 ; ml_inference:core_i|scores[1][0]  ; ml_inference:core_i|result_margin[14] ; clk          ; clk         ; 200.000      ; -0.035     ; 130.299    ;
; 69.708 ; ml_inference:core_i|scores[1][0]  ; ml_inference:core_i|result_margin[9]  ; clk          ; clk         ; 200.000      ; -0.035     ; 130.297    ;
; 69.749 ; ml_inference:core_i|scores[1][0]  ; ml_inference:core_i|result_margin[4]  ; clk          ; clk         ; 200.000      ; -0.034     ; 130.257    ;
; 69.860 ; ml_inference:core_i|scores[1][1]  ; ml_inference:core_i|result_margin[11] ; clk          ; clk         ; 200.000      ; -0.035     ; 130.145    ;
; 69.861 ; ml_inference:core_i|scores[1][1]  ; ml_inference:core_i|result_margin[7]  ; clk          ; clk         ; 200.000      ; -0.035     ; 130.144    ;
; 69.862 ; ml_inference:core_i|scores[1][1]  ; ml_inference:core_i|result_margin[1]  ; clk          ; clk         ; 200.000      ; -0.035     ; 130.143    ;
; 69.864 ; ml_inference:core_i|scores[1][1]  ; ml_inference:core_i|result_margin[14] ; clk          ; clk         ; 200.000      ; -0.035     ; 130.141    ;
; 69.866 ; ml_inference:core_i|scores[1][1]  ; ml_inference:core_i|result_margin[9]  ; clk          ; clk         ; 200.000      ; -0.035     ; 130.139    ;
; 69.872 ; ml_inference:core_i|scores[0][1]  ; ml_inference:core_i|result_margin[10] ; clk          ; clk         ; 200.000      ; -0.032     ; 130.136    ;
; 69.872 ; ml_inference:core_i|scores[0][1]  ; ml_inference:core_i|result_margin[13] ; clk          ; clk         ; 200.000      ; -0.032     ; 130.136    ;
; 69.873 ; ml_inference:core_i|scores[0][1]  ; ml_inference:core_i|result_margin[6]  ; clk          ; clk         ; 200.000      ; -0.032     ; 130.135    ;
; 69.874 ; ml_inference:core_i|scores[0][1]  ; ml_inference:core_i|result_margin[8]  ; clk          ; clk         ; 200.000      ; -0.032     ; 130.134    ;
; 69.877 ; ml_inference:core_i|scores[0][1]  ; ml_inference:core_i|result_margin[15] ; clk          ; clk         ; 200.000      ; -0.032     ; 130.131    ;
; 69.878 ; ml_inference:core_i|scores[0][1]  ; ml_inference:core_i|result_margin[3]  ; clk          ; clk         ; 200.000      ; -0.032     ; 130.130    ;
; 69.907 ; ml_inference:core_i|scores[1][1]  ; ml_inference:core_i|result_margin[4]  ; clk          ; clk         ; 200.000      ; -0.034     ; 130.099    ;
; 69.917 ; ml_inference:core_i|scores[1][2]  ; ml_inference:core_i|result_margin[2]  ; clk          ; clk         ; 200.000      ; -0.035     ; 130.088    ;
; 69.956 ; ml_inference:core_i|scores[1][2]  ; ml_inference:core_i|result_margin[0]  ; clk          ; clk         ; 200.000      ; -0.034     ; 130.050    ;
; 69.957 ; ml_inference:core_i|scores[1][2]  ; ml_inference:core_i|result_margin[5]  ; clk          ; clk         ; 200.000      ; -0.034     ; 130.049    ;
; 69.965 ; ml_inference:core_i|scores[1][2]  ; ml_inference:core_i|result_margin[12] ; clk          ; clk         ; 200.000      ; -0.028     ; 130.047    ;
; 70.155 ; ml_inference:core_i|scores[1][0]  ; ml_inference:core_i|result_margin[10] ; clk          ; clk         ; 200.000      ; -0.032     ; 129.853    ;
; 70.155 ; ml_inference:core_i|scores[1][0]  ; ml_inference:core_i|result_margin[13] ; clk          ; clk         ; 200.000      ; -0.032     ; 129.853    ;
; 70.156 ; ml_inference:core_i|scores[1][0]  ; ml_inference:core_i|result_margin[6]  ; clk          ; clk         ; 200.000      ; -0.032     ; 129.852    ;
; 70.157 ; ml_inference:core_i|scores[1][0]  ; ml_inference:core_i|result_margin[8]  ; clk          ; clk         ; 200.000      ; -0.032     ; 129.851    ;
; 70.160 ; ml_inference:core_i|scores[1][0]  ; ml_inference:core_i|result_margin[15] ; clk          ; clk         ; 200.000      ; -0.032     ; 129.848    ;
; 70.161 ; ml_inference:core_i|scores[1][0]  ; ml_inference:core_i|result_margin[3]  ; clk          ; clk         ; 200.000      ; -0.032     ; 129.847    ;
; 70.165 ; ml_inference:core_i|scores[1][2]  ; ml_inference:core_i|result_margin[11] ; clk          ; clk         ; 200.000      ; -0.035     ; 129.840    ;
; 70.166 ; ml_inference:core_i|scores[1][2]  ; ml_inference:core_i|result_margin[7]  ; clk          ; clk         ; 200.000      ; -0.035     ; 129.839    ;
; 70.167 ; ml_inference:core_i|scores[1][2]  ; ml_inference:core_i|result_margin[1]  ; clk          ; clk         ; 200.000      ; -0.035     ; 129.838    ;
; 70.169 ; ml_inference:core_i|scores[1][2]  ; ml_inference:core_i|result_margin[14] ; clk          ; clk         ; 200.000      ; -0.035     ; 129.836    ;
; 70.171 ; ml_inference:core_i|scores[1][2]  ; ml_inference:core_i|result_margin[9]  ; clk          ; clk         ; 200.000      ; -0.035     ; 129.834    ;
; 70.212 ; ml_inference:core_i|scores[1][2]  ; ml_inference:core_i|result_margin[4]  ; clk          ; clk         ; 200.000      ; -0.034     ; 129.794    ;
; 70.217 ; ml_inference:core_i|scores[1][10] ; ml_inference:core_i|result_margin[2]  ; clk          ; clk         ; 200.000      ; -0.031     ; 129.792    ;
; 70.256 ; ml_inference:core_i|scores[1][10] ; ml_inference:core_i|result_margin[0]  ; clk          ; clk         ; 200.000      ; -0.030     ; 129.754    ;
; 70.257 ; ml_inference:core_i|scores[1][10] ; ml_inference:core_i|result_margin[5]  ; clk          ; clk         ; 200.000      ; -0.030     ; 129.753    ;
; 70.265 ; ml_inference:core_i|scores[1][10] ; ml_inference:core_i|result_margin[12] ; clk          ; clk         ; 200.000      ; -0.024     ; 129.751    ;
; 70.277 ; ml_inference:core_i|scores[0][3]  ; ml_inference:core_i|result_margin[2]  ; clk          ; clk         ; 200.000      ; -0.034     ; 129.729    ;
; 70.313 ; ml_inference:core_i|scores[1][1]  ; ml_inference:core_i|result_margin[10] ; clk          ; clk         ; 200.000      ; -0.032     ; 129.695    ;
; 70.313 ; ml_inference:core_i|scores[1][1]  ; ml_inference:core_i|result_margin[13] ; clk          ; clk         ; 200.000      ; -0.032     ; 129.695    ;
; 70.314 ; ml_inference:core_i|scores[1][1]  ; ml_inference:core_i|result_margin[6]  ; clk          ; clk         ; 200.000      ; -0.032     ; 129.694    ;
; 70.315 ; ml_inference:core_i|scores[1][1]  ; ml_inference:core_i|result_margin[8]  ; clk          ; clk         ; 200.000      ; -0.032     ; 129.693    ;
; 70.316 ; ml_inference:core_i|scores[0][3]  ; ml_inference:core_i|result_margin[0]  ; clk          ; clk         ; 200.000      ; -0.033     ; 129.691    ;
; 70.317 ; ml_inference:core_i|scores[0][3]  ; ml_inference:core_i|result_margin[5]  ; clk          ; clk         ; 200.000      ; -0.033     ; 129.690    ;
; 70.318 ; ml_inference:core_i|scores[1][1]  ; ml_inference:core_i|result_margin[15] ; clk          ; clk         ; 200.000      ; -0.032     ; 129.690    ;
; 70.319 ; ml_inference:core_i|scores[1][1]  ; ml_inference:core_i|result_margin[3]  ; clk          ; clk         ; 200.000      ; -0.032     ; 129.689    ;
; 70.325 ; ml_inference:core_i|scores[0][3]  ; ml_inference:core_i|result_margin[12] ; clk          ; clk         ; 200.000      ; -0.027     ; 129.688    ;
; 70.352 ; ml_inference:core_i|scores[0][2]  ; ml_inference:core_i|result_margin[2]  ; clk          ; clk         ; 200.000      ; -0.035     ; 129.653    ;
; 70.391 ; ml_inference:core_i|scores[0][2]  ; ml_inference:core_i|result_margin[0]  ; clk          ; clk         ; 200.000      ; -0.034     ; 129.615    ;
; 70.392 ; ml_inference:core_i|scores[0][2]  ; ml_inference:core_i|result_margin[5]  ; clk          ; clk         ; 200.000      ; -0.034     ; 129.614    ;
; 70.400 ; ml_inference:core_i|scores[0][2]  ; ml_inference:core_i|result_margin[12] ; clk          ; clk         ; 200.000      ; -0.028     ; 129.612    ;
; 70.465 ; ml_inference:core_i|scores[1][10] ; ml_inference:core_i|result_margin[11] ; clk          ; clk         ; 200.000      ; -0.031     ; 129.544    ;
; 70.466 ; ml_inference:core_i|scores[1][10] ; ml_inference:core_i|result_margin[7]  ; clk          ; clk         ; 200.000      ; -0.031     ; 129.543    ;
; 70.467 ; ml_inference:core_i|scores[1][10] ; ml_inference:core_i|result_margin[1]  ; clk          ; clk         ; 200.000      ; -0.031     ; 129.542    ;
; 70.469 ; ml_inference:core_i|scores[1][10] ; ml_inference:core_i|result_margin[14] ; clk          ; clk         ; 200.000      ; -0.031     ; 129.540    ;
; 70.471 ; ml_inference:core_i|scores[1][10] ; ml_inference:core_i|result_margin[9]  ; clk          ; clk         ; 200.000      ; -0.031     ; 129.538    ;
; 70.512 ; ml_inference:core_i|scores[1][10] ; ml_inference:core_i|result_margin[4]  ; clk          ; clk         ; 200.000      ; -0.030     ; 129.498    ;
; 70.525 ; ml_inference:core_i|scores[0][3]  ; ml_inference:core_i|result_margin[11] ; clk          ; clk         ; 200.000      ; -0.034     ; 129.481    ;
; 70.526 ; ml_inference:core_i|scores[0][3]  ; ml_inference:core_i|result_margin[7]  ; clk          ; clk         ; 200.000      ; -0.034     ; 129.480    ;
; 70.527 ; ml_inference:core_i|scores[0][3]  ; ml_inference:core_i|result_margin[1]  ; clk          ; clk         ; 200.000      ; -0.034     ; 129.479    ;
; 70.529 ; ml_inference:core_i|scores[0][3]  ; ml_inference:core_i|result_margin[14] ; clk          ; clk         ; 200.000      ; -0.034     ; 129.477    ;
; 70.531 ; ml_inference:core_i|scores[0][3]  ; ml_inference:core_i|result_margin[9]  ; clk          ; clk         ; 200.000      ; -0.034     ; 129.475    ;
; 70.572 ; ml_inference:core_i|scores[0][3]  ; ml_inference:core_i|result_margin[4]  ; clk          ; clk         ; 200.000      ; -0.033     ; 129.435    ;
; 70.600 ; ml_inference:core_i|scores[0][2]  ; ml_inference:core_i|result_margin[11] ; clk          ; clk         ; 200.000      ; -0.035     ; 129.405    ;
; 70.601 ; ml_inference:core_i|scores[0][2]  ; ml_inference:core_i|result_margin[7]  ; clk          ; clk         ; 200.000      ; -0.035     ; 129.404    ;
+--------+-----------------------------------+---------------------------------------+--------------+-------------+--------------+------------+------------+


+-------------------------------------------------------------------------------------------------------------------------------------------------------------------+
; Slow Model Hold: 'clk'                                                                                                                                            ;
+-------+------------------------------------------+------------------------------------------+--------------+-------------+--------------+------------+------------+
; Slack ; From Node                                ; To Node                                  ; Launch Clock ; Latch Clock ; Relationship ; Clock Skew ; Data Delay ;
+-------+------------------------------------------+------------------------------------------+--------------+-------------+--------------+------------+------------+
; 0.499 ; step_acc[0]                              ; step_acc[0]                              ; clk          ; clk         ; 0.000        ; 0.000      ; 0.805      ;
; 0.499 ; tx_packet_count[1]                       ; tx_packet_count[1]                       ; clk          ; clk         ; 0.000        ; 0.000      ; 0.805      ;
; 0.499 ; tx_index[0]                              ; tx_index[0]                              ; clk          ; clk         ; 0.000        ; 0.000      ; 0.805      ;
; 0.499 ; tx_index[1]                              ; tx_index[1]                              ; clk          ; clk         ; 0.000        ; 0.000      ; 0.805      ;
; 0.499 ; tx_packet_count[0]                       ; tx_packet_count[0]                       ; clk          ; clk         ; 0.000        ; 0.000      ; 0.805      ;
; 0.499 ; result_pending                           ; result_pending                           ; clk          ; clk         ; 0.000        ; 0.000      ; 0.805      ;
; 0.499 ; tx_wait[0]                               ; tx_wait[0]                               ; clk          ; clk         ; 0.000        ; 0.000      ; 0.805      ;
; 0.499 ; tx_wait[1]                               ; tx_wait[1]                               ; clk          ; clk         ; 0.000        ; 0.000      ; 0.805      ;
; 0.499 ; tx_state.TX_NEXT                         ; tx_state.TX_NEXT                         ; clk          ; clk         ; 0.000        ; 0.000      ; 0.805      ;
; 0.499 ; ml_inference:core_i|pixel_idx[0]         ; ml_inference:core_i|pixel_idx[0]         ; clk          ; clk         ; 0.000        ; 0.000      ; 0.805      ;
; 0.499 ; ml_inference:core_i|pixel_idx[1]         ; ml_inference:core_i|pixel_idx[1]         ; clk          ; clk         ; 0.000        ; 0.000      ; 0.805      ;
; 0.499 ; ml_inference:core_i|pixel_idx[2]         ; ml_inference:core_i|pixel_idx[2]         ; clk          ; clk         ; 0.000        ; 0.000      ; 0.805      ;
; 0.499 ; ml_inference:core_i|pixel_idx[4]         ; ml_inference:core_i|pixel_idx[4]         ; clk          ; clk         ; 0.000        ; 0.000      ; 0.805      ;
; 0.499 ; ml_inference:core_i|pixel_idx[5]         ; ml_inference:core_i|pixel_idx[5]         ; clk          ; clk         ; 0.000        ; 0.000      ; 0.805      ;
; 0.499 ; ml_inference:core_i|pixel_idx[6]         ; ml_inference:core_i|pixel_idx[6]         ; clk          ; clk         ; 0.000        ; 0.000      ; 0.805      ;
; 0.499 ; ml_inference:core_i|pixel_idx[7]         ; ml_inference:core_i|pixel_idx[7]         ; clk          ; clk         ; 0.000        ; 0.000      ; 0.805      ;
; 0.499 ; ml_inference:core_i|pixel_idx[3]         ; ml_inference:core_i|pixel_idx[3]         ; clk          ; clk         ; 0.000        ; 0.000      ; 0.805      ;
; 0.499 ; rx_state.RX_LOW                          ; rx_state.RX_LOW                          ; clk          ; clk         ; 0.000        ; 0.000      ; 0.805      ;
; 0.499 ; rx_state.RX_WAIT                         ; rx_state.RX_WAIT                         ; clk          ; clk         ; 0.000        ; 0.000      ; 0.805      ;
; 0.499 ; rx_state.RX_CAPTURE                      ; rx_state.RX_CAPTURE                      ; clk          ; clk         ; 0.000        ; 0.000      ; 0.805      ;
; 0.499 ; ml_inference:core_i|result_digit[3]      ; ml_inference:core_i|result_digit[3]      ; clk          ; clk         ; 0.000        ; 0.000      ; 0.805      ;
; 0.499 ; ml_inference:core_i|result_confidence[3] ; ml_inference:core_i|result_confidence[3] ; clk          ; clk         ; 0.000        ; 0.000      ; 0.805      ;
; 0.499 ; ml_inference:core_i|result_confidence[2] ; ml_inference:core_i|result_confidence[2] ; clk          ; clk         ; 0.000        ; 0.000      ; 0.805      ;
; 0.499 ; ml_inference:core_i|result_digit[1]      ; ml_inference:core_i|result_digit[1]      ; clk          ; clk         ; 0.000        ; 0.000      ; 0.805      ;
; 0.499 ; ml_inference:core_i|result_confidence[1] ; ml_inference:core_i|result_confidence[1] ; clk          ; clk         ; 0.000        ; 0.000      ; 0.805      ;
; 0.499 ; ml_inference:core_i|result_accepted      ; ml_inference:core_i|result_accepted      ; clk          ; clk         ; 0.000        ; 0.000      ; 0.805      ;
; 0.499 ; ml_inference:core_i|result_confidence[0] ; ml_inference:core_i|result_confidence[0] ; clk          ; clk         ; 0.000        ; 0.000      ; 0.805      ;
; 0.499 ; ml_inference:core_i|result_confidence[5] ; ml_inference:core_i|result_confidence[5] ; clk          ; clk         ; 0.000        ; 0.000      ; 0.805      ;
; 0.499 ; ml_inference:core_i|result_confidence[7] ; ml_inference:core_i|result_confidence[7] ; clk          ; clk         ; 0.000        ; 0.000      ; 0.805      ;
; 0.499 ; ml_inference:core_i|result_confidence[6] ; ml_inference:core_i|result_confidence[6] ; clk          ; clk         ; 0.000        ; 0.000      ; 0.805      ;
; 0.499 ; ml_inference:core_i|result_confidence[4] ; ml_inference:core_i|result_confidence[4] ; clk          ; clk         ; 0.000        ; 0.000      ; 0.805      ;
; 0.499 ; header_seen                              ; header_seen                              ; clk          ; clk         ; 0.000        ; 0.000      ; 0.805      ;
; 0.499 ; frame_ready                              ; frame_ready                              ; clk          ; clk         ; 0.000        ; 0.000      ; 0.805      ;
; 0.499 ; ml_inference:core_i|state.IDLE           ; ml_inference:core_i|state.IDLE           ; clk          ; clk         ; 0.000        ; 0.000      ; 0.805      ;
; 0.499 ; ml_inference:core_i|state.LOAD           ; ml_inference:core_i|state.LOAD           ; clk          ; clk         ; 0.000        ; 0.000      ; 0.805      ;
; 0.499 ; ml_inference:core_i|result_digit[0]      ; ml_inference:core_i|result_digit[0]      ; clk          ; clk         ; 0.000        ; 0.000      ; 0.805      ;
; 0.736 ; ml_inference:core_i|result_cycles[24]    ; saved_cycles[24]                         ; clk          ; clk         ; 0.000        ; 0.000      ; 1.042      ;
; 0.737 ; ml_inference:core_i|result_cycles[23]    ; saved_cycles[23]                         ; clk          ; clk         ; 0.000        ; 0.000      ; 1.043      ;
; 0.739 ; rx_word[13]                              ; rx_sequence[5]                           ; clk          ; clk         ; 0.000        ; 0.000      ; 1.045      ;
; 0.740 ; ml_inference:core_i|result_cycles[26]    ; saved_cycles[26]                         ; clk          ; clk         ; 0.000        ; 0.000      ; 1.046      ;
; 0.741 ; rx_word[12]                              ; rx_sequence[4]                           ; clk          ; clk         ; 0.000        ; 0.000      ; 1.047      ;
; 0.741 ; rx_word[15]                              ; rx_sequence[7]                           ; clk          ; clk         ; 0.000        ; 0.000      ; 1.047      ;
; 0.742 ; rx_word[14]                              ; rx_sequence[6]                           ; clk          ; clk         ; 0.000        ; 0.000      ; 1.048      ;
; 0.746 ; rx_word[5]                               ; rx_sequence[1]                           ; clk          ; clk         ; 0.000        ; 0.000      ; 1.052      ;
; 0.747 ; rx_word[6]                               ; rx_sequence[2]                           ; clk          ; clk         ; 0.000        ; 0.000      ; 1.053      ;
; 0.747 ; rx_word[4]                               ; rx_sequence[0]                           ; clk          ; clk         ; 0.000        ; 0.000      ; 1.053      ;
; 0.749 ; ml_inference:core_i|result_cycles[27]    ; saved_cycles[27]                         ; clk          ; clk         ; 0.000        ; 0.000      ; 1.055      ;
; 0.751 ; ml_inference:core_i|result_digit[3]      ; led[3]~reg0                              ; clk          ; clk         ; 0.000        ; 0.000      ; 1.057      ;
; 0.753 ; ml_inference:core_i|cycle_ctr[31]        ; ml_inference:core_i|cycle_ctr[31]        ; clk          ; clk         ; 0.000        ; 0.000      ; 1.059      ;
; 0.753 ; ml_inference:core_i|output_n[31]         ; ml_inference:core_i|output_n[31]         ; clk          ; clk         ; 0.000        ; 0.000      ; 1.059      ;
; 0.754 ; ml_inference:core_i|result_digit[3]      ; saved_digit[3]                           ; clk          ; clk         ; 0.000        ; 0.000      ; 1.060      ;
; 0.756 ; ml_inference:core_i|result_digit[2]      ; led[2]~reg0                              ; clk          ; clk         ; 0.000        ; 0.000      ; 1.062      ;
; 0.764 ; ml_inference:core_i|result_digit[1]      ; led[1]~reg0                              ; clk          ; clk         ; 0.000        ; 0.000      ; 1.070      ;
; 0.764 ; ml_inference:core_i|state.IDLE           ; ml_inference:core_i|state.LOAD           ; clk          ; clk         ; 0.000        ; 0.000      ; 1.070      ;
; 0.765 ; rx_wait[5]                               ; rx_wait[5]                               ; clk          ; clk         ; 0.000        ; 0.000      ; 1.071      ;
; 0.770 ; rx_count[6]                              ; rx_count[6]                              ; clk          ; clk         ; 0.000        ; 0.000      ; 1.076      ;
; 0.771 ; rx_state.RX_STORE_LOW                    ; rx_state.RX_CAPTURE                      ; clk          ; clk         ; 0.000        ; 0.000      ; 1.077      ;
; 0.792 ; step_acc[5]                              ; step_acc[5]                              ; clk          ; clk         ; 0.000        ; 0.000      ; 1.098      ;
; 0.795 ; tx_index[0]                              ; tx_index[1]                              ; clk          ; clk         ; 0.000        ; 0.000      ; 1.101      ;
; 0.796 ; tx_index[0]                              ; tx_index[2]                              ; clk          ; clk         ; 0.000        ; 0.000      ; 1.102      ;
; 0.797 ; step_acc[5]                              ; ml_inference:core_i|result_valid         ; clk          ; clk         ; 0.000        ; 0.000      ; 1.103      ;
; 0.864 ; ml_inference:core_i|result_confidence[0] ; saved_confidence[0]                      ; clk          ; clk         ; 0.000        ; 0.000      ; 1.170      ;
; 0.877 ; ml_inference:core_i|result_digit[0]      ; led[0]~reg0                              ; clk          ; clk         ; 0.000        ; 0.000      ; 1.183      ;
; 0.893 ; ml_inference:core_i|result_cycles[8]     ; saved_cycles[8]                          ; clk          ; clk         ; 0.000        ; 0.000      ; 1.199      ;
; 0.898 ; ml_inference:core_i|result_cycles[13]    ; saved_cycles[13]                         ; clk          ; clk         ; 0.000        ; 0.000      ; 1.204      ;
; 0.899 ; rx_word[7]                               ; rx_sequence[3]                           ; clk          ; clk         ; 0.000        ; 0.000      ; 1.205      ;
; 0.900 ; ml_inference:core_i|result_cycles[21]    ; saved_cycles[21]                         ; clk          ; clk         ; 0.000        ; 0.000      ; 1.206      ;
; 0.901 ; ml_inference:core_i|result_cycles[6]     ; saved_cycles[6]                          ; clk          ; clk         ; 0.000        ; 0.000      ; 1.207      ;
; 0.901 ; ml_inference:core_i|result_cycles[22]    ; saved_cycles[22]                         ; clk          ; clk         ; 0.000        ; 0.000      ; 1.207      ;
; 0.904 ; ml_inference:core_i|result_cycles[7]     ; saved_cycles[7]                          ; clk          ; clk         ; 0.000        ; 0.000      ; 1.210      ;
; 0.905 ; ml_inference:core_i|result_cycles[30]    ; saved_cycles[30]                         ; clk          ; clk         ; 0.000        ; 0.000      ; 1.211      ;
; 0.905 ; ml_inference:core_i|result_cycles[29]    ; saved_cycles[29]                         ; clk          ; clk         ; 0.000        ; 0.000      ; 1.211      ;
; 0.919 ; saved_cycles[16]                         ; tx_word_reg[0]                           ; clk          ; clk         ; 0.000        ; 0.000      ; 1.225      ;
; 0.965 ; rx_state.RX_CAPTURE                      ; rx_state.RX_STORE_LOW                    ; clk          ; clk         ; 0.000        ; 0.000      ; 1.271      ;
; 0.970 ; tx_packet_count[0]                       ; tx_packet_count[1]                       ; clk          ; clk         ; 0.000        ; 0.000      ; 1.276      ;
; 0.983 ; step_acc[4]                              ; ml_inference:core_i|result_valid         ; clk          ; clk         ; 0.000        ; 0.000      ; 1.289      ;
; 1.045 ; ml_inference:core_i|cycle_ctr[11]        ; ml_inference:core_i|result_cycles[11]    ; clk          ; clk         ; 0.000        ; 0.001      ; 1.352      ;
; 1.051 ; ml_inference:core_i|cycle_ctr[1]         ; ml_inference:core_i|result_cycles[1]     ; clk          ; clk         ; 0.000        ; 0.001      ; 1.358      ;
; 1.052 ; ml_inference:core_i|cycle_ctr[9]         ; ml_inference:core_i|result_cycles[9]     ; clk          ; clk         ; 0.000        ; 0.001      ; 1.359      ;
; 1.052 ; ml_inference:core_i|cycle_ctr[12]        ; ml_inference:core_i|result_cycles[12]    ; clk          ; clk         ; 0.000        ; 0.001      ; 1.359      ;
; 1.053 ; ml_inference:core_i|cycle_ctr[5]         ; ml_inference:core_i|result_cycles[5]     ; clk          ; clk         ; 0.000        ; 0.001      ; 1.360      ;
; 1.065 ; saved_cycles[15]                         ; tx_word_reg[15]                          ; clk          ; clk         ; 0.000        ; 0.000      ; 1.371      ;
; 1.067 ; saved_cycles[12]                         ; tx_word_reg[12]                          ; clk          ; clk         ; 0.000        ; 0.000      ; 1.373      ;
; 1.076 ; saved_cycles[0]                          ; tx_word_reg[0]                           ; clk          ; clk         ; 0.000        ; 0.000      ; 1.382      ;
; 1.117 ; tx_state.TX_IDLE                         ; tx_wait[1]                               ; clk          ; clk         ; 0.000        ; 0.001      ; 1.424      ;
; 1.118 ; tx_state.TX_IDLE                         ; tx_wait[0]                               ; clk          ; clk         ; 0.000        ; 0.001      ; 1.425      ;
; 1.124 ; ml_inference:core_i|state.H_SETUP        ; ml_inference:core_i|state.H_MAC          ; clk          ; clk         ; 0.000        ; 0.000      ; 1.430      ;
; 1.166 ; ml_inference:core_i|cycle_ctr[16]        ; ml_inference:core_i|cycle_ctr[16]        ; clk          ; clk         ; 0.000        ; 0.000      ; 1.472      ;
; 1.166 ; tx_word_reg[6]                           ; fifo_out_data[6]                         ; clk          ; clk         ; 0.000        ; 0.000      ; 1.472      ;
; 1.166 ; ml_inference:core_i|output_n[16]         ; ml_inference:core_i|output_n[16]         ; clk          ; clk         ; 0.000        ; 0.000      ; 1.472      ;
; 1.167 ; ml_inference:core_i|output_n[0]          ; ml_inference:core_i|output_n[0]          ; clk          ; clk         ; 0.000        ; 0.000      ; 1.473      ;
; 1.167 ; ml_inference:core_i|cycle_ctr[0]         ; ml_inference:core_i|cycle_ctr[0]         ; clk          ; clk         ; 0.000        ; 0.000      ; 1.473      ;
; 1.167 ; tx_word_reg[7]                           ; fifo_out_data[7]                         ; clk          ; clk         ; 0.000        ; 0.000      ; 1.473      ;
; 1.175 ; ml_inference:core_i|output_n[1]          ; ml_inference:core_i|output_n[1]          ; clk          ; clk         ; 0.000        ; 0.000      ; 1.481      ;
; 1.175 ; ml_inference:core_i|cycle_ctr[1]         ; ml_inference:core_i|cycle_ctr[1]         ; clk          ; clk         ; 0.000        ; 0.000      ; 1.481      ;
; 1.175 ; ml_inference:core_i|cycle_ctr[17]        ; ml_inference:core_i|cycle_ctr[17]        ; clk          ; clk         ; 0.000        ; 0.000      ; 1.481      ;
; 1.175 ; ml_inference:core_i|output_n[17]         ; ml_inference:core_i|output_n[17]         ; clk          ; clk         ; 0.000        ; 0.000      ; 1.481      ;
; 1.176 ; ml_inference:core_i|output_n[2]          ; ml_inference:core_i|output_n[2]          ; clk          ; clk         ; 0.000        ; 0.000      ; 1.482      ;
; 1.176 ; rx_wait[0]                               ; rx_wait[0]                               ; clk          ; clk         ; 0.000        ; 0.000      ; 1.482      ;
; 1.176 ; ml_inference:core_i|cycle_ctr[2]         ; ml_inference:core_i|cycle_ctr[2]         ; clk          ; clk         ; 0.000        ; 0.000      ; 1.482      ;
+-------+------------------------------------------+------------------------------------------+--------------+-------------+--------------+------------+------------+


+-------------------------------------------------------------------------------------------------------------------------------------------------------------------------------------------------+
; Slow Model Minimum Pulse Width: 'clk'                                                                                                                                                           ;
+-------+--------------+----------------+------------------+-------+------------+-----------------------------------------------------------------------------------------------------------------+
; Slack ; Actual Width ; Required Width ; Type             ; Clock ; Clock Edge ; Target                                                                                                          ;
+-------+--------------+----------------+------------------+-------+------------+-----------------------------------------------------------------------------------------------------------------+
; 6.933 ; 10.000       ; 3.067          ; High Pulse Width ; clk   ; Rise       ; altsyncram:frame_ram|altsyncram_vm01:auto_generated|altsyncram_peg1:altsyncram1|ram_block2a0~porta_address_reg0 ;
; 6.933 ; 10.000       ; 3.067          ; Low Pulse Width  ; clk   ; Rise       ; altsyncram:frame_ram|altsyncram_vm01:auto_generated|altsyncram_peg1:altsyncram1|ram_block2a0~porta_address_reg0 ;
; 6.933 ; 10.000       ; 3.067          ; High Pulse Width ; clk   ; Rise       ; altsyncram:frame_ram|altsyncram_vm01:auto_generated|altsyncram_peg1:altsyncram1|ram_block2a0~porta_address_reg1 ;
; 6.933 ; 10.000       ; 3.067          ; Low Pulse Width  ; clk   ; Rise       ; altsyncram:frame_ram|altsyncram_vm01:auto_generated|altsyncram_peg1:altsyncram1|ram_block2a0~porta_address_reg1 ;
; 6.933 ; 10.000       ; 3.067          ; High Pulse Width ; clk   ; Rise       ; altsyncram:frame_ram|altsyncram_vm01:auto_generated|altsyncram_peg1:altsyncram1|ram_block2a0~porta_address_reg2 ;
; 6.933 ; 10.000       ; 3.067          ; Low Pulse Width  ; clk   ; Rise       ; altsyncram:frame_ram|altsyncram_vm01:auto_generated|altsyncram_peg1:altsyncram1|ram_block2a0~porta_address_reg2 ;
; 6.933 ; 10.000       ; 3.067          ; High Pulse Width ; clk   ; Rise       ; altsyncram:frame_ram|altsyncram_vm01:auto_generated|altsyncram_peg1:altsyncram1|ram_block2a0~porta_address_reg3 ;
; 6.933 ; 10.000       ; 3.067          ; Low Pulse Width  ; clk   ; Rise       ; altsyncram:frame_ram|altsyncram_vm01:auto_generated|altsyncram_peg1:altsyncram1|ram_block2a0~porta_address_reg3 ;
; 6.933 ; 10.000       ; 3.067          ; High Pulse Width ; clk   ; Rise       ; altsyncram:frame_ram|altsyncram_vm01:auto_generated|altsyncram_peg1:altsyncram1|ram_block2a0~porta_address_reg4 ;
; 6.933 ; 10.000       ; 3.067          ; Low Pulse Width  ; clk   ; Rise       ; altsyncram:frame_ram|altsyncram_vm01:auto_generated|altsyncram_peg1:altsyncram1|ram_block2a0~porta_address_reg4 ;
; 6.933 ; 10.000       ; 3.067          ; High Pulse Width ; clk   ; Rise       ; altsyncram:frame_ram|altsyncram_vm01:auto_generated|altsyncram_peg1:altsyncram1|ram_block2a0~porta_address_reg5 ;
; 6.933 ; 10.000       ; 3.067          ; Low Pulse Width  ; clk   ; Rise       ; altsyncram:frame_ram|altsyncram_vm01:auto_generated|altsyncram_peg1:altsyncram1|ram_block2a0~porta_address_reg5 ;
; 6.933 ; 10.000       ; 3.067          ; High Pulse Width ; clk   ; Rise       ; altsyncram:frame_ram|altsyncram_vm01:auto_generated|altsyncram_peg1:altsyncram1|ram_block2a0~porta_address_reg6 ;
; 6.933 ; 10.000       ; 3.067          ; Low Pulse Width  ; clk   ; Rise       ; altsyncram:frame_ram|altsyncram_vm01:auto_generated|altsyncram_peg1:altsyncram1|ram_block2a0~porta_address_reg6 ;
; 6.933 ; 10.000       ; 3.067          ; High Pulse Width ; clk   ; Rise       ; altsyncram:frame_ram|altsyncram_vm01:auto_generated|altsyncram_peg1:altsyncram1|ram_block2a0~porta_address_reg7 ;
; 6.933 ; 10.000       ; 3.067          ; Low Pulse Width  ; clk   ; Rise       ; altsyncram:frame_ram|altsyncram_vm01:auto_generated|altsyncram_peg1:altsyncram1|ram_block2a0~porta_address_reg7 ;
; 6.933 ; 10.000       ; 3.067          ; High Pulse Width ; clk   ; Rise       ; altsyncram:frame_ram|altsyncram_vm01:auto_generated|altsyncram_peg1:altsyncram1|ram_block2a0~portb_address_reg0 ;
; 6.933 ; 10.000       ; 3.067          ; Low Pulse Width  ; clk   ; Rise       ; altsyncram:frame_ram|altsyncram_vm01:auto_generated|altsyncram_peg1:altsyncram1|ram_block2a0~portb_address_reg0 ;
; 6.933 ; 10.000       ; 3.067          ; High Pulse Width ; clk   ; Rise       ; altsyncram:frame_ram|altsyncram_vm01:auto_generated|altsyncram_peg1:altsyncram1|ram_block2a0~portb_address_reg1 ;
; 6.933 ; 10.000       ; 3.067          ; Low Pulse Width  ; clk   ; Rise       ; altsyncram:frame_ram|altsyncram_vm01:auto_generated|altsyncram_peg1:altsyncram1|ram_block2a0~portb_address_reg1 ;
; 6.933 ; 10.000       ; 3.067          ; High Pulse Width ; clk   ; Rise       ; altsyncram:frame_ram|altsyncram_vm01:auto_generated|altsyncram_peg1:altsyncram1|ram_block2a0~portb_address_reg2 ;
; 6.933 ; 10.000       ; 3.067          ; Low Pulse Width  ; clk   ; Rise       ; altsyncram:frame_ram|altsyncram_vm01:auto_generated|altsyncram_peg1:altsyncram1|ram_block2a0~portb_address_reg2 ;
; 6.933 ; 10.000       ; 3.067          ; High Pulse Width ; clk   ; Rise       ; altsyncram:frame_ram|altsyncram_vm01:auto_generated|altsyncram_peg1:altsyncram1|ram_block2a0~portb_address_reg3 ;
; 6.933 ; 10.000       ; 3.067          ; Low Pulse Width  ; clk   ; Rise       ; altsyncram:frame_ram|altsyncram_vm01:auto_generated|altsyncram_peg1:altsyncram1|ram_block2a0~portb_address_reg3 ;
; 6.933 ; 10.000       ; 3.067          ; High Pulse Width ; clk   ; Rise       ; altsyncram:frame_ram|altsyncram_vm01:auto_generated|altsyncram_peg1:altsyncram1|ram_block2a0~portb_address_reg4 ;
; 6.933 ; 10.000       ; 3.067          ; Low Pulse Width  ; clk   ; Rise       ; altsyncram:frame_ram|altsyncram_vm01:auto_generated|altsyncram_peg1:altsyncram1|ram_block2a0~portb_address_reg4 ;
; 6.933 ; 10.000       ; 3.067          ; High Pulse Width ; clk   ; Rise       ; altsyncram:frame_ram|altsyncram_vm01:auto_generated|altsyncram_peg1:altsyncram1|ram_block2a0~portb_address_reg5 ;
; 6.933 ; 10.000       ; 3.067          ; Low Pulse Width  ; clk   ; Rise       ; altsyncram:frame_ram|altsyncram_vm01:auto_generated|altsyncram_peg1:altsyncram1|ram_block2a0~portb_address_reg5 ;
; 6.933 ; 10.000       ; 3.067          ; High Pulse Width ; clk   ; Rise       ; altsyncram:frame_ram|altsyncram_vm01:auto_generated|altsyncram_peg1:altsyncram1|ram_block2a0~portb_address_reg6 ;
; 6.933 ; 10.000       ; 3.067          ; Low Pulse Width  ; clk   ; Rise       ; altsyncram:frame_ram|altsyncram_vm01:auto_generated|altsyncram_peg1:altsyncram1|ram_block2a0~portb_address_reg6 ;
; 6.933 ; 10.000       ; 3.067          ; High Pulse Width ; clk   ; Rise       ; altsyncram:frame_ram|altsyncram_vm01:auto_generated|altsyncram_peg1:altsyncram1|ram_block2a0~portb_address_reg7 ;
; 6.933 ; 10.000       ; 3.067          ; Low Pulse Width  ; clk   ; Rise       ; altsyncram:frame_ram|altsyncram_vm01:auto_generated|altsyncram_peg1:altsyncram1|ram_block2a0~portb_address_reg7 ;
; 6.933 ; 10.000       ; 3.067          ; High Pulse Width ; clk   ; Rise       ; altsyncram:frame_ram|altsyncram_vm01:auto_generated|altsyncram_peg1:altsyncram1|ram_block2a0~portb_datain_reg0  ;
; 6.933 ; 10.000       ; 3.067          ; Low Pulse Width  ; clk   ; Rise       ; altsyncram:frame_ram|altsyncram_vm01:auto_generated|altsyncram_peg1:altsyncram1|ram_block2a0~portb_datain_reg0  ;
; 6.933 ; 10.000       ; 3.067          ; High Pulse Width ; clk   ; Rise       ; altsyncram:frame_ram|altsyncram_vm01:auto_generated|altsyncram_peg1:altsyncram1|ram_block2a0~portb_datain_reg1  ;
; 6.933 ; 10.000       ; 3.067          ; Low Pulse Width  ; clk   ; Rise       ; altsyncram:frame_ram|altsyncram_vm01:auto_generated|altsyncram_peg1:altsyncram1|ram_block2a0~portb_datain_reg1  ;
; 6.933 ; 10.000       ; 3.067          ; High Pulse Width ; clk   ; Rise       ; altsyncram:frame_ram|altsyncram_vm01:auto_generated|altsyncram_peg1:altsyncram1|ram_block2a0~portb_datain_reg2  ;
; 6.933 ; 10.000       ; 3.067          ; Low Pulse Width  ; clk   ; Rise       ; altsyncram:frame_ram|altsyncram_vm01:auto_generated|altsyncram_peg1:altsyncram1|ram_block2a0~portb_datain_reg2  ;
; 6.933 ; 10.000       ; 3.067          ; High Pulse Width ; clk   ; Rise       ; altsyncram:frame_ram|altsyncram_vm01:auto_generated|altsyncram_peg1:altsyncram1|ram_block2a0~portb_datain_reg3  ;
; 6.933 ; 10.000       ; 3.067          ; Low Pulse Width  ; clk   ; Rise       ; altsyncram:frame_ram|altsyncram_vm01:auto_generated|altsyncram_peg1:altsyncram1|ram_block2a0~portb_datain_reg3  ;
; 6.933 ; 10.000       ; 3.067          ; High Pulse Width ; clk   ; Rise       ; altsyncram:frame_ram|altsyncram_vm01:auto_generated|altsyncram_peg1:altsyncram1|ram_block2a0~portb_memory_reg0  ;
; 6.933 ; 10.000       ; 3.067          ; Low Pulse Width  ; clk   ; Rise       ; altsyncram:frame_ram|altsyncram_vm01:auto_generated|altsyncram_peg1:altsyncram1|ram_block2a0~portb_memory_reg0  ;
; 6.933 ; 10.000       ; 3.067          ; High Pulse Width ; clk   ; Rise       ; altsyncram:frame_ram|altsyncram_vm01:auto_generated|altsyncram_peg1:altsyncram1|ram_block2a0~portb_we_reg       ;
; 6.933 ; 10.000       ; 3.067          ; Low Pulse Width  ; clk   ; Rise       ; altsyncram:frame_ram|altsyncram_vm01:auto_generated|altsyncram_peg1:altsyncram1|ram_block2a0~portb_we_reg       ;
; 6.933 ; 10.000       ; 3.067          ; High Pulse Width ; clk   ; Rise       ; altsyncram:frame_ram|altsyncram_vm01:auto_generated|altsyncram_peg1:altsyncram1|ram_block2a1~portb_memory_reg0  ;
; 6.933 ; 10.000       ; 3.067          ; Low Pulse Width  ; clk   ; Rise       ; altsyncram:frame_ram|altsyncram_vm01:auto_generated|altsyncram_peg1:altsyncram1|ram_block2a1~portb_memory_reg0  ;
; 6.933 ; 10.000       ; 3.067          ; High Pulse Width ; clk   ; Rise       ; altsyncram:frame_ram|altsyncram_vm01:auto_generated|altsyncram_peg1:altsyncram1|ram_block2a2~portb_memory_reg0  ;
; 6.933 ; 10.000       ; 3.067          ; Low Pulse Width  ; clk   ; Rise       ; altsyncram:frame_ram|altsyncram_vm01:auto_generated|altsyncram_peg1:altsyncram1|ram_block2a2~portb_memory_reg0  ;
; 6.933 ; 10.000       ; 3.067          ; High Pulse Width ; clk   ; Rise       ; altsyncram:frame_ram|altsyncram_vm01:auto_generated|altsyncram_peg1:altsyncram1|ram_block2a3~portb_memory_reg0  ;
; 6.933 ; 10.000       ; 3.067          ; Low Pulse Width  ; clk   ; Rise       ; altsyncram:frame_ram|altsyncram_vm01:auto_generated|altsyncram_peg1:altsyncram1|ram_block2a3~portb_memory_reg0  ;
; 6.933 ; 10.000       ; 3.067          ; High Pulse Width ; clk   ; Rise       ; ml_inference:core_i|altsyncram:hidden_rtl_0|altsyncram_sng1:auto_generated|ram_block1a0~porta_address_reg0      ;
; 6.933 ; 10.000       ; 3.067          ; Low Pulse Width  ; clk   ; Rise       ; ml_inference:core_i|altsyncram:hidden_rtl_0|altsyncram_sng1:auto_generated|ram_block1a0~porta_address_reg0      ;
; 6.933 ; 10.000       ; 3.067          ; High Pulse Width ; clk   ; Rise       ; ml_inference:core_i|altsyncram:hidden_rtl_0|altsyncram_sng1:auto_generated|ram_block1a0~porta_address_reg1      ;
; 6.933 ; 10.000       ; 3.067          ; Low Pulse Width  ; clk   ; Rise       ; ml_inference:core_i|altsyncram:hidden_rtl_0|altsyncram_sng1:auto_generated|ram_block1a0~porta_address_reg1      ;
; 6.933 ; 10.000       ; 3.067          ; High Pulse Width ; clk   ; Rise       ; ml_inference:core_i|altsyncram:hidden_rtl_0|altsyncram_sng1:auto_generated|ram_block1a0~porta_address_reg2      ;
; 6.933 ; 10.000       ; 3.067          ; Low Pulse Width  ; clk   ; Rise       ; ml_inference:core_i|altsyncram:hidden_rtl_0|altsyncram_sng1:auto_generated|ram_block1a0~porta_address_reg2      ;
; 6.933 ; 10.000       ; 3.067          ; High Pulse Width ; clk   ; Rise       ; ml_inference:core_i|altsyncram:hidden_rtl_0|altsyncram_sng1:auto_generated|ram_block1a0~porta_address_reg3      ;
; 6.933 ; 10.000       ; 3.067          ; Low Pulse Width  ; clk   ; Rise       ; ml_inference:core_i|altsyncram:hidden_rtl_0|altsyncram_sng1:auto_generated|ram_block1a0~porta_address_reg3      ;
; 6.933 ; 10.000       ; 3.067          ; High Pulse Width ; clk   ; Rise       ; ml_inference:core_i|altsyncram:hidden_rtl_0|altsyncram_sng1:auto_generated|ram_block1a0~porta_address_reg4      ;
; 6.933 ; 10.000       ; 3.067          ; Low Pulse Width  ; clk   ; Rise       ; ml_inference:core_i|altsyncram:hidden_rtl_0|altsyncram_sng1:auto_generated|ram_block1a0~porta_address_reg4      ;
; 6.933 ; 10.000       ; 3.067          ; High Pulse Width ; clk   ; Rise       ; ml_inference:core_i|altsyncram:hidden_rtl_0|altsyncram_sng1:auto_generated|ram_block1a0~porta_datain_reg0       ;
; 6.933 ; 10.000       ; 3.067          ; Low Pulse Width  ; clk   ; Rise       ; ml_inference:core_i|altsyncram:hidden_rtl_0|altsyncram_sng1:auto_generated|ram_block1a0~porta_datain_reg0       ;
; 6.933 ; 10.000       ; 3.067          ; High Pulse Width ; clk   ; Rise       ; ml_inference:core_i|altsyncram:hidden_rtl_0|altsyncram_sng1:auto_generated|ram_block1a0~porta_datain_reg1       ;
; 6.933 ; 10.000       ; 3.067          ; Low Pulse Width  ; clk   ; Rise       ; ml_inference:core_i|altsyncram:hidden_rtl_0|altsyncram_sng1:auto_generated|ram_block1a0~porta_datain_reg1       ;
; 6.933 ; 10.000       ; 3.067          ; High Pulse Width ; clk   ; Rise       ; ml_inference:core_i|altsyncram:hidden_rtl_0|altsyncram_sng1:auto_generated|ram_block1a0~porta_datain_reg10      ;
; 6.933 ; 10.000       ; 3.067          ; Low Pulse Width  ; clk   ; Rise       ; ml_inference:core_i|altsyncram:hidden_rtl_0|altsyncram_sng1:auto_generated|ram_block1a0~porta_datain_reg10      ;
; 6.933 ; 10.000       ; 3.067          ; High Pulse Width ; clk   ; Rise       ; ml_inference:core_i|altsyncram:hidden_rtl_0|altsyncram_sng1:auto_generated|ram_block1a0~porta_datain_reg11      ;
; 6.933 ; 10.000       ; 3.067          ; Low Pulse Width  ; clk   ; Rise       ; ml_inference:core_i|altsyncram:hidden_rtl_0|altsyncram_sng1:auto_generated|ram_block1a0~porta_datain_reg11      ;
; 6.933 ; 10.000       ; 3.067          ; High Pulse Width ; clk   ; Rise       ; ml_inference:core_i|altsyncram:hidden_rtl_0|altsyncram_sng1:auto_generated|ram_block1a0~porta_datain_reg12      ;
; 6.933 ; 10.000       ; 3.067          ; Low Pulse Width  ; clk   ; Rise       ; ml_inference:core_i|altsyncram:hidden_rtl_0|altsyncram_sng1:auto_generated|ram_block1a0~porta_datain_reg12      ;
; 6.933 ; 10.000       ; 3.067          ; High Pulse Width ; clk   ; Rise       ; ml_inference:core_i|altsyncram:hidden_rtl_0|altsyncram_sng1:auto_generated|ram_block1a0~porta_datain_reg13      ;
; 6.933 ; 10.000       ; 3.067          ; Low Pulse Width  ; clk   ; Rise       ; ml_inference:core_i|altsyncram:hidden_rtl_0|altsyncram_sng1:auto_generated|ram_block1a0~porta_datain_reg13      ;
; 6.933 ; 10.000       ; 3.067          ; High Pulse Width ; clk   ; Rise       ; ml_inference:core_i|altsyncram:hidden_rtl_0|altsyncram_sng1:auto_generated|ram_block1a0~porta_datain_reg14      ;
; 6.933 ; 10.000       ; 3.067          ; Low Pulse Width  ; clk   ; Rise       ; ml_inference:core_i|altsyncram:hidden_rtl_0|altsyncram_sng1:auto_generated|ram_block1a0~porta_datain_reg14      ;
; 6.933 ; 10.000       ; 3.067          ; High Pulse Width ; clk   ; Rise       ; ml_inference:core_i|altsyncram:hidden_rtl_0|altsyncram_sng1:auto_generated|ram_block1a0~porta_datain_reg15      ;
; 6.933 ; 10.000       ; 3.067          ; Low Pulse Width  ; clk   ; Rise       ; ml_inference:core_i|altsyncram:hidden_rtl_0|altsyncram_sng1:auto_generated|ram_block1a0~porta_datain_reg15      ;
; 6.933 ; 10.000       ; 3.067          ; High Pulse Width ; clk   ; Rise       ; ml_inference:core_i|altsyncram:hidden_rtl_0|altsyncram_sng1:auto_generated|ram_block1a0~porta_datain_reg16      ;
; 6.933 ; 10.000       ; 3.067          ; Low Pulse Width  ; clk   ; Rise       ; ml_inference:core_i|altsyncram:hidden_rtl_0|altsyncram_sng1:auto_generated|ram_block1a0~porta_datain_reg16      ;
; 6.933 ; 10.000       ; 3.067          ; High Pulse Width ; clk   ; Rise       ; ml_inference:core_i|altsyncram:hidden_rtl_0|altsyncram_sng1:auto_generated|ram_block1a0~porta_datain_reg17      ;
; 6.933 ; 10.000       ; 3.067          ; Low Pulse Width  ; clk   ; Rise       ; ml_inference:core_i|altsyncram:hidden_rtl_0|altsyncram_sng1:auto_generated|ram_block1a0~porta_datain_reg17      ;
; 6.933 ; 10.000       ; 3.067          ; High Pulse Width ; clk   ; Rise       ; ml_inference:core_i|altsyncram:hidden_rtl_0|altsyncram_sng1:auto_generated|ram_block1a0~porta_datain_reg18      ;
; 6.933 ; 10.000       ; 3.067          ; Low Pulse Width  ; clk   ; Rise       ; ml_inference:core_i|altsyncram:hidden_rtl_0|altsyncram_sng1:auto_generated|ram_block1a0~porta_datain_reg18      ;
; 6.933 ; 10.000       ; 3.067          ; High Pulse Width ; clk   ; Rise       ; ml_inference:core_i|altsyncram:hidden_rtl_0|altsyncram_sng1:auto_generated|ram_block1a0~porta_datain_reg19      ;
; 6.933 ; 10.000       ; 3.067          ; Low Pulse Width  ; clk   ; Rise       ; ml_inference:core_i|altsyncram:hidden_rtl_0|altsyncram_sng1:auto_generated|ram_block1a0~porta_datain_reg19      ;
; 6.933 ; 10.000       ; 3.067          ; High Pulse Width ; clk   ; Rise       ; ml_inference:core_i|altsyncram:hidden_rtl_0|altsyncram_sng1:auto_generated|ram_block1a0~porta_datain_reg2       ;
; 6.933 ; 10.000       ; 3.067          ; Low Pulse Width  ; clk   ; Rise       ; ml_inference:core_i|altsyncram:hidden_rtl_0|altsyncram_sng1:auto_generated|ram_block1a0~porta_datain_reg2       ;
; 6.933 ; 10.000       ; 3.067          ; High Pulse Width ; clk   ; Rise       ; ml_inference:core_i|altsyncram:hidden_rtl_0|altsyncram_sng1:auto_generated|ram_block1a0~porta_datain_reg20      ;
; 6.933 ; 10.000       ; 3.067          ; Low Pulse Width  ; clk   ; Rise       ; ml_inference:core_i|altsyncram:hidden_rtl_0|altsyncram_sng1:auto_generated|ram_block1a0~porta_datain_reg20      ;
; 6.933 ; 10.000       ; 3.067          ; High Pulse Width ; clk   ; Rise       ; ml_inference:core_i|altsyncram:hidden_rtl_0|altsyncram_sng1:auto_generated|ram_block1a0~porta_datain_reg21      ;
; 6.933 ; 10.000       ; 3.067          ; Low Pulse Width  ; clk   ; Rise       ; ml_inference:core_i|altsyncram:hidden_rtl_0|altsyncram_sng1:auto_generated|ram_block1a0~porta_datain_reg21      ;
; 6.933 ; 10.000       ; 3.067          ; High Pulse Width ; clk   ; Rise       ; ml_inference:core_i|altsyncram:hidden_rtl_0|altsyncram_sng1:auto_generated|ram_block1a0~porta_datain_reg22      ;
; 6.933 ; 10.000       ; 3.067          ; Low Pulse Width  ; clk   ; Rise       ; ml_inference:core_i|altsyncram:hidden_rtl_0|altsyncram_sng1:auto_generated|ram_block1a0~porta_datain_reg22      ;
; 6.933 ; 10.000       ; 3.067          ; High Pulse Width ; clk   ; Rise       ; ml_inference:core_i|altsyncram:hidden_rtl_0|altsyncram_sng1:auto_generated|ram_block1a0~porta_datain_reg23      ;
; 6.933 ; 10.000       ; 3.067          ; Low Pulse Width  ; clk   ; Rise       ; ml_inference:core_i|altsyncram:hidden_rtl_0|altsyncram_sng1:auto_generated|ram_block1a0~porta_datain_reg23      ;
; 6.933 ; 10.000       ; 3.067          ; High Pulse Width ; clk   ; Rise       ; ml_inference:core_i|altsyncram:hidden_rtl_0|altsyncram_sng1:auto_generated|ram_block1a0~porta_datain_reg24      ;
; 6.933 ; 10.000       ; 3.067          ; Low Pulse Width  ; clk   ; Rise       ; ml_inference:core_i|altsyncram:hidden_rtl_0|altsyncram_sng1:auto_generated|ram_block1a0~porta_datain_reg24      ;
; 6.933 ; 10.000       ; 3.067          ; High Pulse Width ; clk   ; Rise       ; ml_inference:core_i|altsyncram:hidden_rtl_0|altsyncram_sng1:auto_generated|ram_block1a0~porta_datain_reg25      ;
; 6.933 ; 10.000       ; 3.067          ; Low Pulse Width  ; clk   ; Rise       ; ml_inference:core_i|altsyncram:hidden_rtl_0|altsyncram_sng1:auto_generated|ram_block1a0~porta_datain_reg25      ;
; 6.933 ; 10.000       ; 3.067          ; High Pulse Width ; clk   ; Rise       ; ml_inference:core_i|altsyncram:hidden_rtl_0|altsyncram_sng1:auto_generated|ram_block1a0~porta_datain_reg26      ;
; 6.933 ; 10.000       ; 3.067          ; Low Pulse Width  ; clk   ; Rise       ; ml_inference:core_i|altsyncram:hidden_rtl_0|altsyncram_sng1:auto_generated|ram_block1a0~porta_datain_reg26      ;
+-------+--------------+----------------+------------------+-------+------------+-----------------------------------------------------------------------------------------------------------------+


+-----------------------------------------------------------------------------+
; Setup Times                                                                 ;
+---------------+------------+--------+--------+------------+-----------------+
; Data Port     ; Clock Port ; Rise   ; Fall   ; Clock Edge ; Clock Reference ;
+---------------+------------+--------+--------+------------+-----------------+
; FIFODATA[*]   ; clk        ; 12.585 ; 12.585 ; Rise       ; clk             ;
;  FIFODATA[0]  ; clk        ; 7.798  ; 7.798  ; Rise       ; clk             ;
;  FIFODATA[1]  ; clk        ; 11.135 ; 11.135 ; Rise       ; clk             ;
;  FIFODATA[2]  ; clk        ; 11.133 ; 11.133 ; Rise       ; clk             ;
;  FIFODATA[3]  ; clk        ; 11.329 ; 11.329 ; Rise       ; clk             ;
;  FIFODATA[4]  ; clk        ; 11.034 ; 11.034 ; Rise       ; clk             ;
;  FIFODATA[5]  ; clk        ; 10.093 ; 10.093 ; Rise       ; clk             ;
;  FIFODATA[6]  ; clk        ; 10.274 ; 10.274 ; Rise       ; clk             ;
;  FIFODATA[7]  ; clk        ; 10.311 ; 10.311 ; Rise       ; clk             ;
;  FIFODATA[8]  ; clk        ; 9.906  ; 9.906  ; Rise       ; clk             ;
;  FIFODATA[9]  ; clk        ; 10.424 ; 10.424 ; Rise       ; clk             ;
;  FIFODATA[10] ; clk        ; 10.456 ; 10.456 ; Rise       ; clk             ;
;  FIFODATA[11] ; clk        ; 10.001 ; 10.001 ; Rise       ; clk             ;
;  FIFODATA[12] ; clk        ; 10.220 ; 10.220 ; Rise       ; clk             ;
;  FIFODATA[13] ; clk        ; 12.585 ; 12.585 ; Rise       ; clk             ;
;  FIFODATA[14] ; clk        ; 11.996 ; 11.996 ; Rise       ; clk             ;
;  FIFODATA[15] ; clk        ; 11.437 ; 11.437 ; Rise       ; clk             ;
; FLAGA         ; clk        ; 9.307  ; 9.307  ; Rise       ; clk             ;
; rst           ; clk        ; 7.916  ; 7.916  ; Rise       ; clk             ;
+---------------+------------+--------+--------+------------+-----------------+


+-----------------------------------------------------------------------------+
; Hold Times                                                                  ;
+---------------+------------+--------+--------+------------+-----------------+
; Data Port     ; Clock Port ; Rise   ; Fall   ; Clock Edge ; Clock Reference ;
+---------------+------------+--------+--------+------------+-----------------+
; FIFODATA[*]   ; clk        ; -4.532 ; -4.532 ; Rise       ; clk             ;
;  FIFODATA[0]  ; clk        ; -4.976 ; -4.976 ; Rise       ; clk             ;
;  FIFODATA[1]  ; clk        ; -5.114 ; -5.114 ; Rise       ; clk             ;
;  FIFODATA[2]  ; clk        ; -5.091 ; -5.091 ; Rise       ; clk             ;
;  FIFODATA[3]  ; clk        ; -5.073 ; -5.073 ; Rise       ; clk             ;
;  FIFODATA[4]  ; clk        ; -5.031 ; -5.031 ; Rise       ; clk             ;
;  FIFODATA[5]  ; clk        ; -4.652 ; -4.652 ; Rise       ; clk             ;
;  FIFODATA[6]  ; clk        ; -4.532 ; -4.532 ; Rise       ; clk             ;
;  FIFODATA[7]  ; clk        ; -4.664 ; -4.664 ; Rise       ; clk             ;
;  FIFODATA[8]  ; clk        ; -4.669 ; -4.669 ; Rise       ; clk             ;
;  FIFODATA[9]  ; clk        ; -4.626 ; -4.626 ; Rise       ; clk             ;
;  FIFODATA[10] ; clk        ; -4.604 ; -4.604 ; Rise       ; clk             ;
;  FIFODATA[11] ; clk        ; -4.982 ; -4.982 ; Rise       ; clk             ;
;  FIFODATA[12] ; clk        ; -4.608 ; -4.608 ; Rise       ; clk             ;
;  FIFODATA[13] ; clk        ; -5.664 ; -5.664 ; Rise       ; clk             ;
;  FIFODATA[14] ; clk        ; -5.484 ; -5.484 ; Rise       ; clk             ;
;  FIFODATA[15] ; clk        ; -4.943 ; -4.943 ; Rise       ; clk             ;
; FLAGA         ; clk        ; -6.173 ; -6.173 ; Rise       ; clk             ;
; rst           ; clk        ; 0.014  ; 0.014  ; Rise       ; clk             ;
+---------------+------------+--------+--------+------------+-----------------+


+---------------------------------------------------------------------------+
; Clock to Output Times                                                     ;
+---------------+------------+-------+-------+------------+-----------------+
; Data Port     ; Clock Port ; Rise  ; Fall  ; Clock Edge ; Clock Reference ;
+---------------+------------+-------+-------+------------+-----------------+
; FIFOADR[*]    ; clk        ; 8.393 ; 8.393 ; Rise       ; clk             ;
;  FIFOADR[1]   ; clk        ; 8.393 ; 8.393 ; Rise       ; clk             ;
; FIFODATA[*]   ; clk        ; 9.478 ; 9.478 ; Rise       ; clk             ;
;  FIFODATA[0]  ; clk        ; 9.478 ; 9.478 ; Rise       ; clk             ;
;  FIFODATA[1]  ; clk        ; 9.094 ; 9.094 ; Rise       ; clk             ;
;  FIFODATA[2]  ; clk        ; 9.371 ; 9.371 ; Rise       ; clk             ;
;  FIFODATA[3]  ; clk        ; 8.586 ; 8.586 ; Rise       ; clk             ;
;  FIFODATA[4]  ; clk        ; 8.672 ; 8.672 ; Rise       ; clk             ;
;  FIFODATA[5]  ; clk        ; 9.008 ; 9.008 ; Rise       ; clk             ;
;  FIFODATA[6]  ; clk        ; 9.126 ; 9.126 ; Rise       ; clk             ;
;  FIFODATA[7]  ; clk        ; 9.208 ; 9.208 ; Rise       ; clk             ;
;  FIFODATA[8]  ; clk        ; 8.687 ; 8.687 ; Rise       ; clk             ;
;  FIFODATA[9]  ; clk        ; 8.942 ; 8.942 ; Rise       ; clk             ;
;  FIFODATA[10] ; clk        ; 8.163 ; 8.163 ; Rise       ; clk             ;
;  FIFODATA[11] ; clk        ; 8.660 ; 8.660 ; Rise       ; clk             ;
;  FIFODATA[12] ; clk        ; 9.241 ; 9.241 ; Rise       ; clk             ;
;  FIFODATA[13] ; clk        ; 9.417 ; 9.417 ; Rise       ; clk             ;
;  FIFODATA[14] ; clk        ; 9.125 ; 9.125 ; Rise       ; clk             ;
;  FIFODATA[15] ; clk        ; 9.113 ; 9.113 ; Rise       ; clk             ;
; SLOE          ; clk        ; 9.274 ; 9.274 ; Rise       ; clk             ;
; SLRD          ; clk        ; 8.881 ; 8.881 ; Rise       ; clk             ;
; SLWR          ; clk        ; 9.931 ; 9.931 ; Rise       ; clk             ;
; led[*]        ; clk        ; 9.228 ; 9.228 ; Rise       ; clk             ;
;  led[0]       ; clk        ; 8.183 ; 8.183 ; Rise       ; clk             ;
;  led[1]       ; clk        ; 9.058 ; 9.058 ; Rise       ; clk             ;
;  led[2]       ; clk        ; 9.228 ; 9.228 ; Rise       ; clk             ;
;  led[3]       ; clk        ; 8.240 ; 8.240 ; Rise       ; clk             ;
+---------------+------------+-------+-------+------------+-----------------+


+---------------------------------------------------------------------------+
; Minimum Clock to Output Times                                             ;
+---------------+------------+-------+-------+------------+-----------------+
; Data Port     ; Clock Port ; Rise  ; Fall  ; Clock Edge ; Clock Reference ;
+---------------+------------+-------+-------+------------+-----------------+
; FIFOADR[*]    ; clk        ; 8.393 ; 8.393 ; Rise       ; clk             ;
;  FIFOADR[1]   ; clk        ; 8.393 ; 8.393 ; Rise       ; clk             ;
; FIFODATA[*]   ; clk        ; 8.163 ; 8.163 ; Rise       ; clk             ;
;  FIFODATA[0]  ; clk        ; 9.478 ; 9.478 ; Rise       ; clk             ;
;  FIFODATA[1]  ; clk        ; 9.094 ; 9.094 ; Rise       ; clk             ;
;  FIFODATA[2]  ; clk        ; 9.371 ; 9.371 ; Rise       ; clk             ;
;  FIFODATA[3]  ; clk        ; 8.586 ; 8.586 ; Rise       ; clk             ;
;  FIFODATA[4]  ; clk        ; 8.672 ; 8.672 ; Rise       ; clk             ;
;  FIFODATA[5]  ; clk        ; 9.008 ; 9.008 ; Rise       ; clk             ;
;  FIFODATA[6]  ; clk        ; 9.126 ; 9.126 ; Rise       ; clk             ;
;  FIFODATA[7]  ; clk        ; 9.208 ; 9.208 ; Rise       ; clk             ;
;  FIFODATA[8]  ; clk        ; 8.687 ; 8.687 ; Rise       ; clk             ;
;  FIFODATA[9]  ; clk        ; 8.942 ; 8.942 ; Rise       ; clk             ;
;  FIFODATA[10] ; clk        ; 8.163 ; 8.163 ; Rise       ; clk             ;
;  FIFODATA[11] ; clk        ; 8.660 ; 8.660 ; Rise       ; clk             ;
;  FIFODATA[12] ; clk        ; 9.241 ; 9.241 ; Rise       ; clk             ;
;  FIFODATA[13] ; clk        ; 9.417 ; 9.417 ; Rise       ; clk             ;
;  FIFODATA[14] ; clk        ; 9.125 ; 9.125 ; Rise       ; clk             ;
;  FIFODATA[15] ; clk        ; 9.113 ; 9.113 ; Rise       ; clk             ;
; SLOE          ; clk        ; 9.274 ; 9.274 ; Rise       ; clk             ;
; SLRD          ; clk        ; 8.881 ; 8.881 ; Rise       ; clk             ;
; SLWR          ; clk        ; 9.931 ; 9.931 ; Rise       ; clk             ;
; led[*]        ; clk        ; 8.183 ; 8.183 ; Rise       ; clk             ;
;  led[0]       ; clk        ; 8.183 ; 8.183 ; Rise       ; clk             ;
;  led[1]       ; clk        ; 9.058 ; 9.058 ; Rise       ; clk             ;
;  led[2]       ; clk        ; 9.228 ; 9.228 ; Rise       ; clk             ;
;  led[3]       ; clk        ; 8.240 ; 8.240 ; Rise       ; clk             ;
+---------------+------------+-------+-------+------------+-----------------+


+---------------------------------------------------------------------------+
; Output Enable Times                                                       ;
+---------------+------------+--------+------+------------+-----------------+
; Data Port     ; Clock Port ; Rise   ; Fall ; Clock Edge ; Clock Reference ;
+---------------+------------+--------+------+------------+-----------------+
; FIFODATA[*]   ; clk        ; 10.249 ;      ; Rise       ; clk             ;
;  FIFODATA[0]  ; clk        ; 10.249 ;      ; Rise       ; clk             ;
;  FIFODATA[1]  ; clk        ; 10.674 ;      ; Rise       ; clk             ;
;  FIFODATA[2]  ; clk        ; 10.674 ;      ; Rise       ; clk             ;
;  FIFODATA[3]  ; clk        ; 10.696 ;      ; Rise       ; clk             ;
;  FIFODATA[4]  ; clk        ; 10.696 ;      ; Rise       ; clk             ;
;  FIFODATA[5]  ; clk        ; 11.170 ;      ; Rise       ; clk             ;
;  FIFODATA[6]  ; clk        ; 11.160 ;      ; Rise       ; clk             ;
;  FIFODATA[7]  ; clk        ; 11.160 ;      ; Rise       ; clk             ;
;  FIFODATA[8]  ; clk        ; 11.189 ;      ; Rise       ; clk             ;
;  FIFODATA[9]  ; clk        ; 11.199 ;      ; Rise       ; clk             ;
;  FIFODATA[10] ; clk        ; 11.199 ;      ; Rise       ; clk             ;
;  FIFODATA[11] ; clk        ; 11.150 ;      ; Rise       ; clk             ;
;  FIFODATA[12] ; clk        ; 11.150 ;      ; Rise       ; clk             ;
;  FIFODATA[13] ; clk        ; 11.666 ;      ; Rise       ; clk             ;
;  FIFODATA[14] ; clk        ; 11.666 ;      ; Rise       ; clk             ;
;  FIFODATA[15] ; clk        ; 12.043 ;      ; Rise       ; clk             ;
+---------------+------------+--------+------+------------+-----------------+


+---------------------------------------------------------------------------+
; Minimum Output Enable Times                                               ;
+---------------+------------+--------+------+------------+-----------------+
; Data Port     ; Clock Port ; Rise   ; Fall ; Clock Edge ; Clock Reference ;
+---------------+------------+--------+------+------------+-----------------+
; FIFODATA[*]   ; clk        ; 10.249 ;      ; Rise       ; clk             ;
;  FIFODATA[0]  ; clk        ; 10.249 ;      ; Rise       ; clk             ;
;  FIFODATA[1]  ; clk        ; 10.674 ;      ; Rise       ; clk             ;
;  FIFODATA[2]  ; clk        ; 10.674 ;      ; Rise       ; clk             ;
;  FIFODATA[3]  ; clk        ; 10.696 ;      ; Rise       ; clk             ;
;  FIFODATA[4]  ; clk        ; 10.696 ;      ; Rise       ; clk             ;
;  FIFODATA[5]  ; clk        ; 11.170 ;      ; Rise       ; clk             ;
;  FIFODATA[6]  ; clk        ; 11.160 ;      ; Rise       ; clk             ;
;  FIFODATA[7]  ; clk        ; 11.160 ;      ; Rise       ; clk             ;
;  FIFODATA[8]  ; clk        ; 11.189 ;      ; Rise       ; clk             ;
;  FIFODATA[9]  ; clk        ; 11.199 ;      ; Rise       ; clk             ;
;  FIFODATA[10] ; clk        ; 11.199 ;      ; Rise       ; clk             ;
;  FIFODATA[11] ; clk        ; 11.150 ;      ; Rise       ; clk             ;
;  FIFODATA[12] ; clk        ; 11.150 ;      ; Rise       ; clk             ;
;  FIFODATA[13] ; clk        ; 11.666 ;      ; Rise       ; clk             ;
;  FIFODATA[14] ; clk        ; 11.666 ;      ; Rise       ; clk             ;
;  FIFODATA[15] ; clk        ; 12.043 ;      ; Rise       ; clk             ;
+---------------+------------+--------+------+------------+-----------------+


+-----------------------------------------------------------------------------------+
; Output Disable Times                                                              ;
+---------------+------------+-----------+-----------+------------+-----------------+
; Data Port     ; Clock Port ; 0 to Hi-Z ; 1 to Hi-Z ; Clock Edge ; Clock Reference ;
+---------------+------------+-----------+-----------+------------+-----------------+
; FIFODATA[*]   ; clk        ; 10.249    ;           ; Rise       ; clk             ;
;  FIFODATA[0]  ; clk        ; 10.249    ;           ; Rise       ; clk             ;
;  FIFODATA[1]  ; clk        ; 10.674    ;           ; Rise       ; clk             ;
;  FIFODATA[2]  ; clk        ; 10.674    ;           ; Rise       ; clk             ;
;  FIFODATA[3]  ; clk        ; 10.696    ;           ; Rise       ; clk             ;
;  FIFODATA[4]  ; clk        ; 10.696    ;           ; Rise       ; clk             ;
;  FIFODATA[5]  ; clk        ; 11.170    ;           ; Rise       ; clk             ;
;  FIFODATA[6]  ; clk        ; 11.160    ;           ; Rise       ; clk             ;
;  FIFODATA[7]  ; clk        ; 11.160    ;           ; Rise       ; clk             ;
;  FIFODATA[8]  ; clk        ; 11.189    ;           ; Rise       ; clk             ;
;  FIFODATA[9]  ; clk        ; 11.199    ;           ; Rise       ; clk             ;
;  FIFODATA[10] ; clk        ; 11.199    ;           ; Rise       ; clk             ;
;  FIFODATA[11] ; clk        ; 11.150    ;           ; Rise       ; clk             ;
;  FIFODATA[12] ; clk        ; 11.150    ;           ; Rise       ; clk             ;
;  FIFODATA[13] ; clk        ; 11.666    ;           ; Rise       ; clk             ;
;  FIFODATA[14] ; clk        ; 11.666    ;           ; Rise       ; clk             ;
;  FIFODATA[15] ; clk        ; 12.043    ;           ; Rise       ; clk             ;
+---------------+------------+-----------+-----------+------------+-----------------+


+-----------------------------------------------------------------------------------+
; Minimum Output Disable Times                                                      ;
+---------------+------------+-----------+-----------+------------+-----------------+
; Data Port     ; Clock Port ; 0 to Hi-Z ; 1 to Hi-Z ; Clock Edge ; Clock Reference ;
+---------------+------------+-----------+-----------+------------+-----------------+
; FIFODATA[*]   ; clk        ; 10.249    ;           ; Rise       ; clk             ;
;  FIFODATA[0]  ; clk        ; 10.249    ;           ; Rise       ; clk             ;
;  FIFODATA[1]  ; clk        ; 10.674    ;           ; Rise       ; clk             ;
;  FIFODATA[2]  ; clk        ; 10.674    ;           ; Rise       ; clk             ;
;  FIFODATA[3]  ; clk        ; 10.696    ;           ; Rise       ; clk             ;
;  FIFODATA[4]  ; clk        ; 10.696    ;           ; Rise       ; clk             ;
;  FIFODATA[5]  ; clk        ; 11.170    ;           ; Rise       ; clk             ;
;  FIFODATA[6]  ; clk        ; 11.160    ;           ; Rise       ; clk             ;
;  FIFODATA[7]  ; clk        ; 11.160    ;           ; Rise       ; clk             ;
;  FIFODATA[8]  ; clk        ; 11.189    ;           ; Rise       ; clk             ;
;  FIFODATA[9]  ; clk        ; 11.199    ;           ; Rise       ; clk             ;
;  FIFODATA[10] ; clk        ; 11.199    ;           ; Rise       ; clk             ;
;  FIFODATA[11] ; clk        ; 11.150    ;           ; Rise       ; clk             ;
;  FIFODATA[12] ; clk        ; 11.150    ;           ; Rise       ; clk             ;
;  FIFODATA[13] ; clk        ; 11.666    ;           ; Rise       ; clk             ;
;  FIFODATA[14] ; clk        ; 11.666    ;           ; Rise       ; clk             ;
;  FIFODATA[15] ; clk        ; 12.043    ;           ; Rise       ; clk             ;
+---------------+------------+-----------+-----------+------------+-----------------+


+---------------------------------+
; Fast Model Setup Summary        ;
+-------+---------+---------------+
; Clock ; Slack   ; End Point TNS ;
+-------+---------+---------------+
; clk   ; 160.337 ; 0.000         ;
+-------+---------+---------------+


+-------------------------------+
; Fast Model Hold Summary       ;
+-------+-------+---------------+
; Clock ; Slack ; End Point TNS ;
+-------+-------+---------------+
; clk   ; 0.215 ; 0.000         ;
+-------+-------+---------------+


-------------------------------
; Fast Model Recovery Summary ;
-------------------------------
No paths to report.


------------------------------
; Fast Model Removal Summary ;
------------------------------
No paths to report.


+----------------------------------------+
; Fast Model Minimum Pulse Width Summary ;
+-------+-------+------------------------+
; Clock ; Slack ; End Point TNS          ;
+-------+-------+------------------------+
; clk   ; 7.873 ; 0.000                  ;
+-------+-------+------------------------+


+-----------------------------------------------------------------------------------------------------------------------------------------------------------+
; Fast Model Setup: 'clk'                                                                                                                                   ;
+---------+-----------------------------------+---------------------------------------+--------------+-------------+--------------+------------+------------+
; Slack   ; From Node                         ; To Node                               ; Launch Clock ; Latch Clock ; Relationship ; Clock Skew ; Data Delay ;
+---------+-----------------------------------+---------------------------------------+--------------+-------------+--------------+------------+------------+
; 160.337 ; ml_inference:core_i|scores[0][0]  ; ml_inference:core_i|result_margin[2]  ; clk          ; clk         ; 200.000      ; -0.029     ; 39.666     ;
; 160.365 ; ml_inference:core_i|scores[0][0]  ; ml_inference:core_i|result_margin[0]  ; clk          ; clk         ; 200.000      ; -0.029     ; 39.638     ;
; 160.365 ; ml_inference:core_i|scores[0][0]  ; ml_inference:core_i|result_margin[5]  ; clk          ; clk         ; 200.000      ; -0.029     ; 39.638     ;
; 160.386 ; ml_inference:core_i|scores[0][0]  ; ml_inference:core_i|result_margin[12] ; clk          ; clk         ; 200.000      ; -0.023     ; 39.623     ;
; 160.404 ; ml_inference:core_i|scores[0][0]  ; ml_inference:core_i|result_margin[1]  ; clk          ; clk         ; 200.000      ; -0.029     ; 39.599     ;
; 160.404 ; ml_inference:core_i|scores[0][0]  ; ml_inference:core_i|result_margin[7]  ; clk          ; clk         ; 200.000      ; -0.029     ; 39.599     ;
; 160.405 ; ml_inference:core_i|scores[0][0]  ; ml_inference:core_i|result_margin[11] ; clk          ; clk         ; 200.000      ; -0.029     ; 39.598     ;
; 160.405 ; ml_inference:core_i|scores[0][1]  ; ml_inference:core_i|result_margin[2]  ; clk          ; clk         ; 200.000      ; -0.029     ; 39.598     ;
; 160.408 ; ml_inference:core_i|scores[0][0]  ; ml_inference:core_i|result_margin[14] ; clk          ; clk         ; 200.000      ; -0.029     ; 39.595     ;
; 160.411 ; ml_inference:core_i|scores[0][0]  ; ml_inference:core_i|result_margin[9]  ; clk          ; clk         ; 200.000      ; -0.029     ; 39.592     ;
; 160.433 ; ml_inference:core_i|scores[0][1]  ; ml_inference:core_i|result_margin[0]  ; clk          ; clk         ; 200.000      ; -0.029     ; 39.570     ;
; 160.433 ; ml_inference:core_i|scores[0][1]  ; ml_inference:core_i|result_margin[5]  ; clk          ; clk         ; 200.000      ; -0.029     ; 39.570     ;
; 160.434 ; ml_inference:core_i|scores[0][0]  ; ml_inference:core_i|result_margin[4]  ; clk          ; clk         ; 200.000      ; -0.029     ; 39.569     ;
; 160.436 ; ml_inference:core_i|scores[0][0]  ; ml_inference:core_i|result_margin[13] ; clk          ; clk         ; 200.000      ; -0.026     ; 39.570     ;
; 160.454 ; ml_inference:core_i|scores[0][1]  ; ml_inference:core_i|result_margin[12] ; clk          ; clk         ; 200.000      ; -0.023     ; 39.555     ;
; 160.472 ; ml_inference:core_i|scores[0][1]  ; ml_inference:core_i|result_margin[1]  ; clk          ; clk         ; 200.000      ; -0.029     ; 39.531     ;
; 160.472 ; ml_inference:core_i|scores[0][1]  ; ml_inference:core_i|result_margin[7]  ; clk          ; clk         ; 200.000      ; -0.029     ; 39.531     ;
; 160.473 ; ml_inference:core_i|scores[0][1]  ; ml_inference:core_i|result_margin[11] ; clk          ; clk         ; 200.000      ; -0.029     ; 39.530     ;
; 160.476 ; ml_inference:core_i|scores[0][1]  ; ml_inference:core_i|result_margin[14] ; clk          ; clk         ; 200.000      ; -0.029     ; 39.527     ;
; 160.479 ; ml_inference:core_i|scores[0][1]  ; ml_inference:core_i|result_margin[9]  ; clk          ; clk         ; 200.000      ; -0.029     ; 39.524     ;
; 160.493 ; ml_inference:core_i|scores[1][0]  ; ml_inference:core_i|result_margin[2]  ; clk          ; clk         ; 200.000      ; -0.029     ; 39.510     ;
; 160.502 ; ml_inference:core_i|scores[0][1]  ; ml_inference:core_i|result_margin[4]  ; clk          ; clk         ; 200.000      ; -0.029     ; 39.501     ;
; 160.504 ; ml_inference:core_i|scores[0][1]  ; ml_inference:core_i|result_margin[13] ; clk          ; clk         ; 200.000      ; -0.026     ; 39.502     ;
; 160.521 ; ml_inference:core_i|scores[1][0]  ; ml_inference:core_i|result_margin[0]  ; clk          ; clk         ; 200.000      ; -0.029     ; 39.482     ;
; 160.521 ; ml_inference:core_i|scores[1][0]  ; ml_inference:core_i|result_margin[5]  ; clk          ; clk         ; 200.000      ; -0.029     ; 39.482     ;
; 160.535 ; ml_inference:core_i|scores[1][1]  ; ml_inference:core_i|result_margin[2]  ; clk          ; clk         ; 200.000      ; -0.029     ; 39.468     ;
; 160.542 ; ml_inference:core_i|scores[1][0]  ; ml_inference:core_i|result_margin[12] ; clk          ; clk         ; 200.000      ; -0.023     ; 39.467     ;
; 160.554 ; ml_inference:core_i|scores[0][0]  ; ml_inference:core_i|result_margin[10] ; clk          ; clk         ; 200.000      ; -0.026     ; 39.452     ;
; 160.555 ; ml_inference:core_i|scores[0][0]  ; ml_inference:core_i|result_margin[8]  ; clk          ; clk         ; 200.000      ; -0.026     ; 39.451     ;
; 160.556 ; ml_inference:core_i|scores[0][0]  ; ml_inference:core_i|result_margin[6]  ; clk          ; clk         ; 200.000      ; -0.026     ; 39.450     ;
; 160.559 ; ml_inference:core_i|scores[0][0]  ; ml_inference:core_i|result_margin[15] ; clk          ; clk         ; 200.000      ; -0.026     ; 39.447     ;
; 160.560 ; ml_inference:core_i|scores[1][0]  ; ml_inference:core_i|result_margin[1]  ; clk          ; clk         ; 200.000      ; -0.029     ; 39.443     ;
; 160.560 ; ml_inference:core_i|scores[1][0]  ; ml_inference:core_i|result_margin[7]  ; clk          ; clk         ; 200.000      ; -0.029     ; 39.443     ;
; 160.561 ; ml_inference:core_i|scores[1][0]  ; ml_inference:core_i|result_margin[11] ; clk          ; clk         ; 200.000      ; -0.029     ; 39.442     ;
; 160.563 ; ml_inference:core_i|scores[1][1]  ; ml_inference:core_i|result_margin[0]  ; clk          ; clk         ; 200.000      ; -0.029     ; 39.440     ;
; 160.563 ; ml_inference:core_i|scores[1][1]  ; ml_inference:core_i|result_margin[5]  ; clk          ; clk         ; 200.000      ; -0.029     ; 39.440     ;
; 160.564 ; ml_inference:core_i|scores[0][0]  ; ml_inference:core_i|result_margin[3]  ; clk          ; clk         ; 200.000      ; -0.026     ; 39.442     ;
; 160.564 ; ml_inference:core_i|scores[1][0]  ; ml_inference:core_i|result_margin[14] ; clk          ; clk         ; 200.000      ; -0.029     ; 39.439     ;
; 160.567 ; ml_inference:core_i|scores[1][0]  ; ml_inference:core_i|result_margin[9]  ; clk          ; clk         ; 200.000      ; -0.029     ; 39.436     ;
; 160.584 ; ml_inference:core_i|scores[1][1]  ; ml_inference:core_i|result_margin[12] ; clk          ; clk         ; 200.000      ; -0.023     ; 39.425     ;
; 160.590 ; ml_inference:core_i|scores[1][0]  ; ml_inference:core_i|result_margin[4]  ; clk          ; clk         ; 200.000      ; -0.029     ; 39.413     ;
; 160.592 ; ml_inference:core_i|scores[1][0]  ; ml_inference:core_i|result_margin[13] ; clk          ; clk         ; 200.000      ; -0.026     ; 39.414     ;
; 160.602 ; ml_inference:core_i|scores[1][1]  ; ml_inference:core_i|result_margin[1]  ; clk          ; clk         ; 200.000      ; -0.029     ; 39.401     ;
; 160.602 ; ml_inference:core_i|scores[1][1]  ; ml_inference:core_i|result_margin[7]  ; clk          ; clk         ; 200.000      ; -0.029     ; 39.401     ;
; 160.603 ; ml_inference:core_i|scores[1][1]  ; ml_inference:core_i|result_margin[11] ; clk          ; clk         ; 200.000      ; -0.029     ; 39.400     ;
; 160.606 ; ml_inference:core_i|scores[1][1]  ; ml_inference:core_i|result_margin[14] ; clk          ; clk         ; 200.000      ; -0.029     ; 39.397     ;
; 160.609 ; ml_inference:core_i|scores[1][1]  ; ml_inference:core_i|result_margin[9]  ; clk          ; clk         ; 200.000      ; -0.029     ; 39.394     ;
; 160.622 ; ml_inference:core_i|scores[0][1]  ; ml_inference:core_i|result_margin[10] ; clk          ; clk         ; 200.000      ; -0.026     ; 39.384     ;
; 160.623 ; ml_inference:core_i|scores[1][2]  ; ml_inference:core_i|result_margin[2]  ; clk          ; clk         ; 200.000      ; -0.029     ; 39.380     ;
; 160.623 ; ml_inference:core_i|scores[0][1]  ; ml_inference:core_i|result_margin[8]  ; clk          ; clk         ; 200.000      ; -0.026     ; 39.383     ;
; 160.624 ; ml_inference:core_i|scores[0][1]  ; ml_inference:core_i|result_margin[6]  ; clk          ; clk         ; 200.000      ; -0.026     ; 39.382     ;
; 160.627 ; ml_inference:core_i|scores[0][1]  ; ml_inference:core_i|result_margin[15] ; clk          ; clk         ; 200.000      ; -0.026     ; 39.379     ;
; 160.632 ; ml_inference:core_i|scores[1][1]  ; ml_inference:core_i|result_margin[4]  ; clk          ; clk         ; 200.000      ; -0.029     ; 39.371     ;
; 160.632 ; ml_inference:core_i|scores[0][1]  ; ml_inference:core_i|result_margin[3]  ; clk          ; clk         ; 200.000      ; -0.026     ; 39.374     ;
; 160.634 ; ml_inference:core_i|scores[1][1]  ; ml_inference:core_i|result_margin[13] ; clk          ; clk         ; 200.000      ; -0.026     ; 39.372     ;
; 160.651 ; ml_inference:core_i|scores[1][2]  ; ml_inference:core_i|result_margin[0]  ; clk          ; clk         ; 200.000      ; -0.029     ; 39.352     ;
; 160.651 ; ml_inference:core_i|scores[1][2]  ; ml_inference:core_i|result_margin[5]  ; clk          ; clk         ; 200.000      ; -0.029     ; 39.352     ;
; 160.672 ; ml_inference:core_i|scores[1][2]  ; ml_inference:core_i|result_margin[12] ; clk          ; clk         ; 200.000      ; -0.023     ; 39.337     ;
; 160.690 ; ml_inference:core_i|scores[1][2]  ; ml_inference:core_i|result_margin[1]  ; clk          ; clk         ; 200.000      ; -0.029     ; 39.313     ;
; 160.690 ; ml_inference:core_i|scores[1][2]  ; ml_inference:core_i|result_margin[7]  ; clk          ; clk         ; 200.000      ; -0.029     ; 39.313     ;
; 160.691 ; ml_inference:core_i|scores[1][2]  ; ml_inference:core_i|result_margin[11] ; clk          ; clk         ; 200.000      ; -0.029     ; 39.312     ;
; 160.694 ; ml_inference:core_i|scores[1][2]  ; ml_inference:core_i|result_margin[14] ; clk          ; clk         ; 200.000      ; -0.029     ; 39.309     ;
; 160.697 ; ml_inference:core_i|scores[1][2]  ; ml_inference:core_i|result_margin[9]  ; clk          ; clk         ; 200.000      ; -0.029     ; 39.306     ;
; 160.700 ; ml_inference:core_i|scores[1][10] ; ml_inference:core_i|result_margin[2]  ; clk          ; clk         ; 200.000      ; -0.025     ; 39.307     ;
; 160.710 ; ml_inference:core_i|scores[1][0]  ; ml_inference:core_i|result_margin[10] ; clk          ; clk         ; 200.000      ; -0.026     ; 39.296     ;
; 160.711 ; ml_inference:core_i|scores[1][0]  ; ml_inference:core_i|result_margin[8]  ; clk          ; clk         ; 200.000      ; -0.026     ; 39.295     ;
; 160.712 ; ml_inference:core_i|scores[1][0]  ; ml_inference:core_i|result_margin[6]  ; clk          ; clk         ; 200.000      ; -0.026     ; 39.294     ;
; 160.715 ; ml_inference:core_i|scores[1][0]  ; ml_inference:core_i|result_margin[15] ; clk          ; clk         ; 200.000      ; -0.026     ; 39.291     ;
; 160.720 ; ml_inference:core_i|scores[1][2]  ; ml_inference:core_i|result_margin[4]  ; clk          ; clk         ; 200.000      ; -0.029     ; 39.283     ;
; 160.720 ; ml_inference:core_i|scores[1][0]  ; ml_inference:core_i|result_margin[3]  ; clk          ; clk         ; 200.000      ; -0.026     ; 39.286     ;
; 160.722 ; ml_inference:core_i|scores[1][2]  ; ml_inference:core_i|result_margin[13] ; clk          ; clk         ; 200.000      ; -0.026     ; 39.284     ;
; 160.728 ; ml_inference:core_i|scores[1][10] ; ml_inference:core_i|result_margin[0]  ; clk          ; clk         ; 200.000      ; -0.025     ; 39.279     ;
; 160.728 ; ml_inference:core_i|scores[1][10] ; ml_inference:core_i|result_margin[5]  ; clk          ; clk         ; 200.000      ; -0.025     ; 39.279     ;
; 160.734 ; ml_inference:core_i|scores[0][3]  ; ml_inference:core_i|result_margin[2]  ; clk          ; clk         ; 200.000      ; -0.029     ; 39.269     ;
; 160.749 ; ml_inference:core_i|scores[1][10] ; ml_inference:core_i|result_margin[12] ; clk          ; clk         ; 200.000      ; -0.019     ; 39.264     ;
; 160.752 ; ml_inference:core_i|scores[1][1]  ; ml_inference:core_i|result_margin[10] ; clk          ; clk         ; 200.000      ; -0.026     ; 39.254     ;
; 160.753 ; ml_inference:core_i|scores[0][2]  ; ml_inference:core_i|result_margin[2]  ; clk          ; clk         ; 200.000      ; -0.029     ; 39.250     ;
; 160.753 ; ml_inference:core_i|scores[1][1]  ; ml_inference:core_i|result_margin[8]  ; clk          ; clk         ; 200.000      ; -0.026     ; 39.253     ;
; 160.754 ; ml_inference:core_i|scores[1][1]  ; ml_inference:core_i|result_margin[6]  ; clk          ; clk         ; 200.000      ; -0.026     ; 39.252     ;
; 160.757 ; ml_inference:core_i|scores[1][1]  ; ml_inference:core_i|result_margin[15] ; clk          ; clk         ; 200.000      ; -0.026     ; 39.249     ;
; 160.762 ; ml_inference:core_i|scores[0][3]  ; ml_inference:core_i|result_margin[0]  ; clk          ; clk         ; 200.000      ; -0.029     ; 39.241     ;
; 160.762 ; ml_inference:core_i|scores[0][3]  ; ml_inference:core_i|result_margin[5]  ; clk          ; clk         ; 200.000      ; -0.029     ; 39.241     ;
; 160.762 ; ml_inference:core_i|scores[1][1]  ; ml_inference:core_i|result_margin[3]  ; clk          ; clk         ; 200.000      ; -0.026     ; 39.244     ;
; 160.767 ; ml_inference:core_i|scores[1][10] ; ml_inference:core_i|result_margin[1]  ; clk          ; clk         ; 200.000      ; -0.025     ; 39.240     ;
; 160.767 ; ml_inference:core_i|scores[1][10] ; ml_inference:core_i|result_margin[7]  ; clk          ; clk         ; 200.000      ; -0.025     ; 39.240     ;
; 160.768 ; ml_inference:core_i|scores[1][10] ; ml_inference:core_i|result_margin[11] ; clk          ; clk         ; 200.000      ; -0.025     ; 39.239     ;
; 160.771 ; ml_inference:core_i|scores[1][10] ; ml_inference:core_i|result_margin[14] ; clk          ; clk         ; 200.000      ; -0.025     ; 39.236     ;
; 160.774 ; ml_inference:core_i|scores[1][10] ; ml_inference:core_i|result_margin[9]  ; clk          ; clk         ; 200.000      ; -0.025     ; 39.233     ;
; 160.781 ; ml_inference:core_i|scores[0][2]  ; ml_inference:core_i|result_margin[0]  ; clk          ; clk         ; 200.000      ; -0.029     ; 39.222     ;
; 160.781 ; ml_inference:core_i|scores[0][2]  ; ml_inference:core_i|result_margin[5]  ; clk          ; clk         ; 200.000      ; -0.029     ; 39.222     ;
; 160.783 ; ml_inference:core_i|scores[0][3]  ; ml_inference:core_i|result_margin[12] ; clk          ; clk         ; 200.000      ; -0.023     ; 39.226     ;
; 160.797 ; ml_inference:core_i|scores[1][10] ; ml_inference:core_i|result_margin[4]  ; clk          ; clk         ; 200.000      ; -0.025     ; 39.210     ;
; 160.799 ; ml_inference:core_i|scores[1][10] ; ml_inference:core_i|result_margin[13] ; clk          ; clk         ; 200.000      ; -0.022     ; 39.211     ;
; 160.801 ; ml_inference:core_i|scores[0][3]  ; ml_inference:core_i|result_margin[1]  ; clk          ; clk         ; 200.000      ; -0.029     ; 39.202     ;
; 160.801 ; ml_inference:core_i|scores[0][3]  ; ml_inference:core_i|result_margin[7]  ; clk          ; clk         ; 200.000      ; -0.029     ; 39.202     ;
; 160.802 ; ml_inference:core_i|scores[0][2]  ; ml_inference:core_i|result_margin[12] ; clk          ; clk         ; 200.000      ; -0.023     ; 39.207     ;
; 160.802 ; ml_inference:core_i|scores[0][3]  ; ml_inference:core_i|result_margin[11] ; clk          ; clk         ; 200.000      ; -0.029     ; 39.201     ;
; 160.805 ; ml_inference:core_i|scores[0][3]  ; ml_inference:core_i|result_margin[14] ; clk          ; clk         ; 200.000      ; -0.029     ; 39.198     ;
; 160.808 ; ml_inference:core_i|scores[0][3]  ; ml_inference:core_i|result_margin[9]  ; clk          ; clk         ; 200.000      ; -0.029     ; 39.195     ;
; 160.820 ; ml_inference:core_i|scores[0][2]  ; ml_inference:core_i|result_margin[1]  ; clk          ; clk         ; 200.000      ; -0.029     ; 39.183     ;
+---------+-----------------------------------+---------------------------------------+--------------+-------------+--------------+------------+------------+


+-------------------------------------------------------------------------------------------------------------------------------------------------------------------+
; Fast Model Hold: 'clk'                                                                                                                                            ;
+-------+------------------------------------------+------------------------------------------+--------------+-------------+--------------+------------+------------+
; Slack ; From Node                                ; To Node                                  ; Launch Clock ; Latch Clock ; Relationship ; Clock Skew ; Data Delay ;
+-------+------------------------------------------+------------------------------------------+--------------+-------------+--------------+------------+------------+
; 0.215 ; step_acc[0]                              ; step_acc[0]                              ; clk          ; clk         ; 0.000        ; 0.000      ; 0.367      ;
; 0.215 ; tx_packet_count[1]                       ; tx_packet_count[1]                       ; clk          ; clk         ; 0.000        ; 0.000      ; 0.367      ;
; 0.215 ; tx_index[0]                              ; tx_index[0]                              ; clk          ; clk         ; 0.000        ; 0.000      ; 0.367      ;
; 0.215 ; tx_index[1]                              ; tx_index[1]                              ; clk          ; clk         ; 0.000        ; 0.000      ; 0.367      ;
; 0.215 ; tx_packet_count[0]                       ; tx_packet_count[0]                       ; clk          ; clk         ; 0.000        ; 0.000      ; 0.367      ;
; 0.215 ; result_pending                           ; result_pending                           ; clk          ; clk         ; 0.000        ; 0.000      ; 0.367      ;
; 0.215 ; tx_wait[0]                               ; tx_wait[0]                               ; clk          ; clk         ; 0.000        ; 0.000      ; 0.367      ;
; 0.215 ; tx_wait[1]                               ; tx_wait[1]                               ; clk          ; clk         ; 0.000        ; 0.000      ; 0.367      ;
; 0.215 ; tx_state.TX_NEXT                         ; tx_state.TX_NEXT                         ; clk          ; clk         ; 0.000        ; 0.000      ; 0.367      ;
; 0.215 ; ml_inference:core_i|pixel_idx[0]         ; ml_inference:core_i|pixel_idx[0]         ; clk          ; clk         ; 0.000        ; 0.000      ; 0.367      ;
; 0.215 ; ml_inference:core_i|pixel_idx[1]         ; ml_inference:core_i|pixel_idx[1]         ; clk          ; clk         ; 0.000        ; 0.000      ; 0.367      ;
; 0.215 ; ml_inference:core_i|pixel_idx[2]         ; ml_inference:core_i|pixel_idx[2]         ; clk          ; clk         ; 0.000        ; 0.000      ; 0.367      ;
; 0.215 ; ml_inference:core_i|pixel_idx[4]         ; ml_inference:core_i|pixel_idx[4]         ; clk          ; clk         ; 0.000        ; 0.000      ; 0.367      ;
; 0.215 ; ml_inference:core_i|pixel_idx[5]         ; ml_inference:core_i|pixel_idx[5]         ; clk          ; clk         ; 0.000        ; 0.000      ; 0.367      ;
; 0.215 ; ml_inference:core_i|pixel_idx[6]         ; ml_inference:core_i|pixel_idx[6]         ; clk          ; clk         ; 0.000        ; 0.000      ; 0.367      ;
; 0.215 ; ml_inference:core_i|pixel_idx[7]         ; ml_inference:core_i|pixel_idx[7]         ; clk          ; clk         ; 0.000        ; 0.000      ; 0.367      ;
; 0.215 ; ml_inference:core_i|pixel_idx[3]         ; ml_inference:core_i|pixel_idx[3]         ; clk          ; clk         ; 0.000        ; 0.000      ; 0.367      ;
; 0.215 ; rx_state.RX_LOW                          ; rx_state.RX_LOW                          ; clk          ; clk         ; 0.000        ; 0.000      ; 0.367      ;
; 0.215 ; rx_state.RX_WAIT                         ; rx_state.RX_WAIT                         ; clk          ; clk         ; 0.000        ; 0.000      ; 0.367      ;
; 0.215 ; rx_state.RX_CAPTURE                      ; rx_state.RX_CAPTURE                      ; clk          ; clk         ; 0.000        ; 0.000      ; 0.367      ;
; 0.215 ; ml_inference:core_i|result_digit[3]      ; ml_inference:core_i|result_digit[3]      ; clk          ; clk         ; 0.000        ; 0.000      ; 0.367      ;
; 0.215 ; ml_inference:core_i|result_confidence[3] ; ml_inference:core_i|result_confidence[3] ; clk          ; clk         ; 0.000        ; 0.000      ; 0.367      ;
; 0.215 ; ml_inference:core_i|result_confidence[2] ; ml_inference:core_i|result_confidence[2] ; clk          ; clk         ; 0.000        ; 0.000      ; 0.367      ;
; 0.215 ; ml_inference:core_i|result_digit[1]      ; ml_inference:core_i|result_digit[1]      ; clk          ; clk         ; 0.000        ; 0.000      ; 0.367      ;
; 0.215 ; ml_inference:core_i|result_confidence[1] ; ml_inference:core_i|result_confidence[1] ; clk          ; clk         ; 0.000        ; 0.000      ; 0.367      ;
; 0.215 ; ml_inference:core_i|result_accepted      ; ml_inference:core_i|result_accepted      ; clk          ; clk         ; 0.000        ; 0.000      ; 0.367      ;
; 0.215 ; ml_inference:core_i|result_confidence[0] ; ml_inference:core_i|result_confidence[0] ; clk          ; clk         ; 0.000        ; 0.000      ; 0.367      ;
; 0.215 ; ml_inference:core_i|result_confidence[5] ; ml_inference:core_i|result_confidence[5] ; clk          ; clk         ; 0.000        ; 0.000      ; 0.367      ;
; 0.215 ; ml_inference:core_i|result_confidence[7] ; ml_inference:core_i|result_confidence[7] ; clk          ; clk         ; 0.000        ; 0.000      ; 0.367      ;
; 0.215 ; ml_inference:core_i|result_confidence[6] ; ml_inference:core_i|result_confidence[6] ; clk          ; clk         ; 0.000        ; 0.000      ; 0.367      ;
; 0.215 ; ml_inference:core_i|result_confidence[4] ; ml_inference:core_i|result_confidence[4] ; clk          ; clk         ; 0.000        ; 0.000      ; 0.367      ;
; 0.215 ; header_seen                              ; header_seen                              ; clk          ; clk         ; 0.000        ; 0.000      ; 0.367      ;
; 0.215 ; frame_ready                              ; frame_ready                              ; clk          ; clk         ; 0.000        ; 0.000      ; 0.367      ;
; 0.215 ; ml_inference:core_i|state.IDLE           ; ml_inference:core_i|state.IDLE           ; clk          ; clk         ; 0.000        ; 0.000      ; 0.367      ;
; 0.215 ; ml_inference:core_i|state.LOAD           ; ml_inference:core_i|state.LOAD           ; clk          ; clk         ; 0.000        ; 0.000      ; 0.367      ;
; 0.215 ; ml_inference:core_i|result_digit[0]      ; ml_inference:core_i|result_digit[0]      ; clk          ; clk         ; 0.000        ; 0.000      ; 0.367      ;
; 0.238 ; ml_inference:core_i|result_cycles[24]    ; saved_cycles[24]                         ; clk          ; clk         ; 0.000        ; 0.000      ; 0.390      ;
; 0.238 ; ml_inference:core_i|result_cycles[23]    ; saved_cycles[23]                         ; clk          ; clk         ; 0.000        ; 0.000      ; 0.390      ;
; 0.239 ; ml_inference:core_i|result_cycles[26]    ; saved_cycles[26]                         ; clk          ; clk         ; 0.000        ; 0.000      ; 0.391      ;
; 0.239 ; rx_word[12]                              ; rx_sequence[4]                           ; clk          ; clk         ; 0.000        ; 0.000      ; 0.391      ;
; 0.239 ; rx_word[15]                              ; rx_sequence[7]                           ; clk          ; clk         ; 0.000        ; 0.000      ; 0.391      ;
; 0.239 ; rx_word[14]                              ; rx_sequence[6]                           ; clk          ; clk         ; 0.000        ; 0.000      ; 0.391      ;
; 0.239 ; rx_word[13]                              ; rx_sequence[5]                           ; clk          ; clk         ; 0.000        ; 0.000      ; 0.391      ;
; 0.241 ; rx_word[5]                               ; rx_sequence[1]                           ; clk          ; clk         ; 0.000        ; 0.000      ; 0.393      ;
; 0.242 ; rx_word[6]                               ; rx_sequence[2]                           ; clk          ; clk         ; 0.000        ; 0.000      ; 0.394      ;
; 0.242 ; rx_word[4]                               ; rx_sequence[0]                           ; clk          ; clk         ; 0.000        ; 0.000      ; 0.394      ;
; 0.243 ; ml_inference:core_i|cycle_ctr[31]        ; ml_inference:core_i|cycle_ctr[31]        ; clk          ; clk         ; 0.000        ; 0.000      ; 0.395      ;
; 0.243 ; ml_inference:core_i|output_n[31]         ; ml_inference:core_i|output_n[31]         ; clk          ; clk         ; 0.000        ; 0.000      ; 0.395      ;
; 0.244 ; ml_inference:core_i|result_cycles[27]    ; saved_cycles[27]                         ; clk          ; clk         ; 0.000        ; 0.000      ; 0.396      ;
; 0.244 ; ml_inference:core_i|result_digit[3]      ; led[3]~reg0                              ; clk          ; clk         ; 0.000        ; 0.000      ; 0.396      ;
; 0.245 ; ml_inference:core_i|result_digit[2]      ; led[2]~reg0                              ; clk          ; clk         ; 0.000        ; 0.000      ; 0.397      ;
; 0.246 ; ml_inference:core_i|result_digit[3]      ; saved_digit[3]                           ; clk          ; clk         ; 0.000        ; 0.000      ; 0.398      ;
; 0.250 ; rx_count[6]                              ; rx_count[6]                              ; clk          ; clk         ; 0.000        ; 0.000      ; 0.402      ;
; 0.250 ; ml_inference:core_i|result_digit[1]      ; led[1]~reg0                              ; clk          ; clk         ; 0.000        ; 0.000      ; 0.402      ;
; 0.251 ; rx_wait[5]                               ; rx_wait[5]                               ; clk          ; clk         ; 0.000        ; 0.000      ; 0.403      ;
; 0.251 ; ml_inference:core_i|state.IDLE           ; ml_inference:core_i|state.LOAD           ; clk          ; clk         ; 0.000        ; 0.000      ; 0.403      ;
; 0.253 ; rx_state.RX_STORE_LOW                    ; rx_state.RX_CAPTURE                      ; clk          ; clk         ; 0.000        ; 0.000      ; 0.405      ;
; 0.263 ; step_acc[5]                              ; step_acc[5]                              ; clk          ; clk         ; 0.000        ; 0.000      ; 0.415      ;
; 0.265 ; tx_index[0]                              ; tx_index[2]                              ; clk          ; clk         ; 0.000        ; 0.000      ; 0.417      ;
; 0.265 ; tx_index[0]                              ; tx_index[1]                              ; clk          ; clk         ; 0.000        ; 0.000      ; 0.417      ;
; 0.268 ; step_acc[5]                              ; ml_inference:core_i|result_valid         ; clk          ; clk         ; 0.000        ; 0.000      ; 0.420      ;
; 0.291 ; saved_cycles[16]                         ; tx_word_reg[0]                           ; clk          ; clk         ; 0.000        ; 0.000      ; 0.443      ;
; 0.314 ; ml_inference:core_i|result_confidence[0] ; saved_confidence[0]                      ; clk          ; clk         ; 0.000        ; 0.000      ; 0.466      ;
; 0.315 ; tx_packet_count[0]                       ; tx_packet_count[1]                       ; clk          ; clk         ; 0.000        ; 0.000      ; 0.467      ;
; 0.318 ; ml_inference:core_i|cycle_ctr[11]        ; ml_inference:core_i|result_cycles[11]    ; clk          ; clk         ; 0.000        ; 0.003      ; 0.473      ;
; 0.320 ; ml_inference:core_i|cycle_ctr[1]         ; ml_inference:core_i|result_cycles[1]     ; clk          ; clk         ; 0.000        ; 0.003      ; 0.475      ;
; 0.320 ; ml_inference:core_i|cycle_ctr[5]         ; ml_inference:core_i|result_cycles[5]     ; clk          ; clk         ; 0.000        ; 0.003      ; 0.475      ;
; 0.320 ; ml_inference:core_i|cycle_ctr[12]        ; ml_inference:core_i|result_cycles[12]    ; clk          ; clk         ; 0.000        ; 0.003      ; 0.475      ;
; 0.321 ; ml_inference:core_i|cycle_ctr[9]         ; ml_inference:core_i|result_cycles[9]     ; clk          ; clk         ; 0.000        ; 0.003      ; 0.476      ;
; 0.322 ; ml_inference:core_i|result_digit[0]      ; led[0]~reg0                              ; clk          ; clk         ; 0.000        ; 0.000      ; 0.474      ;
; 0.324 ; ml_inference:core_i|result_cycles[8]     ; saved_cycles[8]                          ; clk          ; clk         ; 0.000        ; 0.000      ; 0.476      ;
; 0.325 ; ml_inference:core_i|result_cycles[13]    ; saved_cycles[13]                         ; clk          ; clk         ; 0.000        ; 0.000      ; 0.477      ;
; 0.326 ; rx_word[7]                               ; rx_sequence[3]                           ; clk          ; clk         ; 0.000        ; 0.000      ; 0.478      ;
; 0.326 ; ml_inference:core_i|result_cycles[6]     ; saved_cycles[6]                          ; clk          ; clk         ; 0.000        ; 0.000      ; 0.478      ;
; 0.327 ; ml_inference:core_i|result_cycles[21]    ; saved_cycles[21]                         ; clk          ; clk         ; 0.000        ; 0.000      ; 0.479      ;
; 0.328 ; ml_inference:core_i|result_cycles[7]     ; saved_cycles[7]                          ; clk          ; clk         ; 0.000        ; 0.000      ; 0.480      ;
; 0.328 ; ml_inference:core_i|result_cycles[22]    ; saved_cycles[22]                         ; clk          ; clk         ; 0.000        ; 0.000      ; 0.480      ;
; 0.328 ; step_acc[4]                              ; ml_inference:core_i|result_valid         ; clk          ; clk         ; 0.000        ; 0.000      ; 0.480      ;
; 0.329 ; ml_inference:core_i|result_cycles[30]    ; saved_cycles[30]                         ; clk          ; clk         ; 0.000        ; 0.000      ; 0.481      ;
; 0.330 ; ml_inference:core_i|result_cycles[29]    ; saved_cycles[29]                         ; clk          ; clk         ; 0.000        ; 0.000      ; 0.482      ;
; 0.343 ; rx_state.RX_CAPTURE                      ; rx_state.RX_STORE_LOW                    ; clk          ; clk         ; 0.000        ; 0.000      ; 0.495      ;
; 0.355 ; ml_inference:core_i|output_n[0]          ; ml_inference:core_i|output_n[0]          ; clk          ; clk         ; 0.000        ; 0.000      ; 0.507      ;
; 0.355 ; ml_inference:core_i|cycle_ctr[0]         ; ml_inference:core_i|cycle_ctr[0]         ; clk          ; clk         ; 0.000        ; 0.000      ; 0.507      ;
; 0.355 ; ml_inference:core_i|cycle_ctr[16]        ; ml_inference:core_i|cycle_ctr[16]        ; clk          ; clk         ; 0.000        ; 0.000      ; 0.507      ;
; 0.355 ; ml_inference:core_i|output_n[16]         ; ml_inference:core_i|output_n[16]         ; clk          ; clk         ; 0.000        ; 0.000      ; 0.507      ;
; 0.358 ; tx_state.TX_IDLE                         ; tx_wait[1]                               ; clk          ; clk         ; 0.000        ; 0.001      ; 0.511      ;
; 0.359 ; ml_inference:core_i|output_n[1]          ; ml_inference:core_i|output_n[1]          ; clk          ; clk         ; 0.000        ; 0.000      ; 0.511      ;
; 0.359 ; rx_wait[0]                               ; rx_wait[0]                               ; clk          ; clk         ; 0.000        ; 0.000      ; 0.511      ;
; 0.359 ; ml_inference:core_i|cycle_ctr[1]         ; ml_inference:core_i|cycle_ctr[1]         ; clk          ; clk         ; 0.000        ; 0.000      ; 0.511      ;
; 0.359 ; ml_inference:core_i|cycle_ctr[17]        ; ml_inference:core_i|cycle_ctr[17]        ; clk          ; clk         ; 0.000        ; 0.000      ; 0.511      ;
; 0.359 ; ml_inference:core_i|output_n[17]         ; ml_inference:core_i|output_n[17]         ; clk          ; clk         ; 0.000        ; 0.000      ; 0.511      ;
; 0.359 ; tx_state.TX_IDLE                         ; tx_wait[0]                               ; clk          ; clk         ; 0.000        ; 0.001      ; 0.512      ;
; 0.360 ; ml_inference:core_i|output_n[2]          ; ml_inference:core_i|output_n[2]          ; clk          ; clk         ; 0.000        ; 0.000      ; 0.512      ;
; 0.360 ; ml_inference:core_i|state.H_SETUP        ; ml_inference:core_i|state.H_MAC          ; clk          ; clk         ; 0.000        ; 0.000      ; 0.512      ;
; 0.360 ; ml_inference:core_i|cycle_ctr[2]         ; ml_inference:core_i|cycle_ctr[2]         ; clk          ; clk         ; 0.000        ; 0.000      ; 0.512      ;
; 0.360 ; ml_inference:core_i|cycle_ctr[9]         ; ml_inference:core_i|cycle_ctr[9]         ; clk          ; clk         ; 0.000        ; 0.000      ; 0.512      ;
; 0.360 ; ml_inference:core_i|cycle_ctr[11]        ; ml_inference:core_i|cycle_ctr[11]        ; clk          ; clk         ; 0.000        ; 0.000      ; 0.512      ;
; 0.360 ; ml_inference:core_i|cycle_ctr[18]        ; ml_inference:core_i|cycle_ctr[18]        ; clk          ; clk         ; 0.000        ; 0.000      ; 0.512      ;
; 0.360 ; ml_inference:core_i|cycle_ctr[25]        ; ml_inference:core_i|cycle_ctr[25]        ; clk          ; clk         ; 0.000        ; 0.000      ; 0.512      ;
; 0.360 ; ml_inference:core_i|cycle_ctr[27]        ; ml_inference:core_i|cycle_ctr[27]        ; clk          ; clk         ; 0.000        ; 0.000      ; 0.512      ;
+-------+------------------------------------------+------------------------------------------+--------------+-------------+--------------+------------+------------+


+-------------------------------------------------------------------------------------------------------------------------------------------------------------------------------------------------+
; Fast Model Minimum Pulse Width: 'clk'                                                                                                                                                           ;
+-------+--------------+----------------+------------------+-------+------------+-----------------------------------------------------------------------------------------------------------------+
; Slack ; Actual Width ; Required Width ; Type             ; Clock ; Clock Edge ; Target                                                                                                          ;
+-------+--------------+----------------+------------------+-------+------------+-----------------------------------------------------------------------------------------------------------------+
; 7.873 ; 10.000       ; 2.127          ; High Pulse Width ; clk   ; Rise       ; altsyncram:frame_ram|altsyncram_vm01:auto_generated|altsyncram_peg1:altsyncram1|ram_block2a0~porta_address_reg0 ;
; 7.873 ; 10.000       ; 2.127          ; Low Pulse Width  ; clk   ; Rise       ; altsyncram:frame_ram|altsyncram_vm01:auto_generated|altsyncram_peg1:altsyncram1|ram_block2a0~porta_address_reg0 ;
; 7.873 ; 10.000       ; 2.127          ; High Pulse Width ; clk   ; Rise       ; altsyncram:frame_ram|altsyncram_vm01:auto_generated|altsyncram_peg1:altsyncram1|ram_block2a0~porta_address_reg1 ;
; 7.873 ; 10.000       ; 2.127          ; Low Pulse Width  ; clk   ; Rise       ; altsyncram:frame_ram|altsyncram_vm01:auto_generated|altsyncram_peg1:altsyncram1|ram_block2a0~porta_address_reg1 ;
; 7.873 ; 10.000       ; 2.127          ; High Pulse Width ; clk   ; Rise       ; altsyncram:frame_ram|altsyncram_vm01:auto_generated|altsyncram_peg1:altsyncram1|ram_block2a0~porta_address_reg2 ;
; 7.873 ; 10.000       ; 2.127          ; Low Pulse Width  ; clk   ; Rise       ; altsyncram:frame_ram|altsyncram_vm01:auto_generated|altsyncram_peg1:altsyncram1|ram_block2a0~porta_address_reg2 ;
; 7.873 ; 10.000       ; 2.127          ; High Pulse Width ; clk   ; Rise       ; altsyncram:frame_ram|altsyncram_vm01:auto_generated|altsyncram_peg1:altsyncram1|ram_block2a0~porta_address_reg3 ;
; 7.873 ; 10.000       ; 2.127          ; Low Pulse Width  ; clk   ; Rise       ; altsyncram:frame_ram|altsyncram_vm01:auto_generated|altsyncram_peg1:altsyncram1|ram_block2a0~porta_address_reg3 ;
; 7.873 ; 10.000       ; 2.127          ; High Pulse Width ; clk   ; Rise       ; altsyncram:frame_ram|altsyncram_vm01:auto_generated|altsyncram_peg1:altsyncram1|ram_block2a0~porta_address_reg4 ;
; 7.873 ; 10.000       ; 2.127          ; Low Pulse Width  ; clk   ; Rise       ; altsyncram:frame_ram|altsyncram_vm01:auto_generated|altsyncram_peg1:altsyncram1|ram_block2a0~porta_address_reg4 ;
; 7.873 ; 10.000       ; 2.127          ; High Pulse Width ; clk   ; Rise       ; altsyncram:frame_ram|altsyncram_vm01:auto_generated|altsyncram_peg1:altsyncram1|ram_block2a0~porta_address_reg5 ;
; 7.873 ; 10.000       ; 2.127          ; Low Pulse Width  ; clk   ; Rise       ; altsyncram:frame_ram|altsyncram_vm01:auto_generated|altsyncram_peg1:altsyncram1|ram_block2a0~porta_address_reg5 ;
; 7.873 ; 10.000       ; 2.127          ; High Pulse Width ; clk   ; Rise       ; altsyncram:frame_ram|altsyncram_vm01:auto_generated|altsyncram_peg1:altsyncram1|ram_block2a0~porta_address_reg6 ;
; 7.873 ; 10.000       ; 2.127          ; Low Pulse Width  ; clk   ; Rise       ; altsyncram:frame_ram|altsyncram_vm01:auto_generated|altsyncram_peg1:altsyncram1|ram_block2a0~porta_address_reg6 ;
; 7.873 ; 10.000       ; 2.127          ; High Pulse Width ; clk   ; Rise       ; altsyncram:frame_ram|altsyncram_vm01:auto_generated|altsyncram_peg1:altsyncram1|ram_block2a0~porta_address_reg7 ;
; 7.873 ; 10.000       ; 2.127          ; Low Pulse Width  ; clk   ; Rise       ; altsyncram:frame_ram|altsyncram_vm01:auto_generated|altsyncram_peg1:altsyncram1|ram_block2a0~porta_address_reg7 ;
; 7.873 ; 10.000       ; 2.127          ; High Pulse Width ; clk   ; Rise       ; altsyncram:frame_ram|altsyncram_vm01:auto_generated|altsyncram_peg1:altsyncram1|ram_block2a0~portb_address_reg0 ;
; 7.873 ; 10.000       ; 2.127          ; Low Pulse Width  ; clk   ; Rise       ; altsyncram:frame_ram|altsyncram_vm01:auto_generated|altsyncram_peg1:altsyncram1|ram_block2a0~portb_address_reg0 ;
; 7.873 ; 10.000       ; 2.127          ; High Pulse Width ; clk   ; Rise       ; altsyncram:frame_ram|altsyncram_vm01:auto_generated|altsyncram_peg1:altsyncram1|ram_block2a0~portb_address_reg1 ;
; 7.873 ; 10.000       ; 2.127          ; Low Pulse Width  ; clk   ; Rise       ; altsyncram:frame_ram|altsyncram_vm01:auto_generated|altsyncram_peg1:altsyncram1|ram_block2a0~portb_address_reg1 ;
; 7.873 ; 10.000       ; 2.127          ; High Pulse Width ; clk   ; Rise       ; altsyncram:frame_ram|altsyncram_vm01:auto_generated|altsyncram_peg1:altsyncram1|ram_block2a0~portb_address_reg2 ;
; 7.873 ; 10.000       ; 2.127          ; Low Pulse Width  ; clk   ; Rise       ; altsyncram:frame_ram|altsyncram_vm01:auto_generated|altsyncram_peg1:altsyncram1|ram_block2a0~portb_address_reg2 ;
; 7.873 ; 10.000       ; 2.127          ; High Pulse Width ; clk   ; Rise       ; altsyncram:frame_ram|altsyncram_vm01:auto_generated|altsyncram_peg1:altsyncram1|ram_block2a0~portb_address_reg3 ;
; 7.873 ; 10.000       ; 2.127          ; Low Pulse Width  ; clk   ; Rise       ; altsyncram:frame_ram|altsyncram_vm01:auto_generated|altsyncram_peg1:altsyncram1|ram_block2a0~portb_address_reg3 ;
; 7.873 ; 10.000       ; 2.127          ; High Pulse Width ; clk   ; Rise       ; altsyncram:frame_ram|altsyncram_vm01:auto_generated|altsyncram_peg1:altsyncram1|ram_block2a0~portb_address_reg4 ;
; 7.873 ; 10.000       ; 2.127          ; Low Pulse Width  ; clk   ; Rise       ; altsyncram:frame_ram|altsyncram_vm01:auto_generated|altsyncram_peg1:altsyncram1|ram_block2a0~portb_address_reg4 ;
; 7.873 ; 10.000       ; 2.127          ; High Pulse Width ; clk   ; Rise       ; altsyncram:frame_ram|altsyncram_vm01:auto_generated|altsyncram_peg1:altsyncram1|ram_block2a0~portb_address_reg5 ;
; 7.873 ; 10.000       ; 2.127          ; Low Pulse Width  ; clk   ; Rise       ; altsyncram:frame_ram|altsyncram_vm01:auto_generated|altsyncram_peg1:altsyncram1|ram_block2a0~portb_address_reg5 ;
; 7.873 ; 10.000       ; 2.127          ; High Pulse Width ; clk   ; Rise       ; altsyncram:frame_ram|altsyncram_vm01:auto_generated|altsyncram_peg1:altsyncram1|ram_block2a0~portb_address_reg6 ;
; 7.873 ; 10.000       ; 2.127          ; Low Pulse Width  ; clk   ; Rise       ; altsyncram:frame_ram|altsyncram_vm01:auto_generated|altsyncram_peg1:altsyncram1|ram_block2a0~portb_address_reg6 ;
; 7.873 ; 10.000       ; 2.127          ; High Pulse Width ; clk   ; Rise       ; altsyncram:frame_ram|altsyncram_vm01:auto_generated|altsyncram_peg1:altsyncram1|ram_block2a0~portb_address_reg7 ;
; 7.873 ; 10.000       ; 2.127          ; Low Pulse Width  ; clk   ; Rise       ; altsyncram:frame_ram|altsyncram_vm01:auto_generated|altsyncram_peg1:altsyncram1|ram_block2a0~portb_address_reg7 ;
; 7.873 ; 10.000       ; 2.127          ; High Pulse Width ; clk   ; Rise       ; altsyncram:frame_ram|altsyncram_vm01:auto_generated|altsyncram_peg1:altsyncram1|ram_block2a0~portb_datain_reg0  ;
; 7.873 ; 10.000       ; 2.127          ; Low Pulse Width  ; clk   ; Rise       ; altsyncram:frame_ram|altsyncram_vm01:auto_generated|altsyncram_peg1:altsyncram1|ram_block2a0~portb_datain_reg0  ;
; 7.873 ; 10.000       ; 2.127          ; High Pulse Width ; clk   ; Rise       ; altsyncram:frame_ram|altsyncram_vm01:auto_generated|altsyncram_peg1:altsyncram1|ram_block2a0~portb_datain_reg1  ;
; 7.873 ; 10.000       ; 2.127          ; Low Pulse Width  ; clk   ; Rise       ; altsyncram:frame_ram|altsyncram_vm01:auto_generated|altsyncram_peg1:altsyncram1|ram_block2a0~portb_datain_reg1  ;
; 7.873 ; 10.000       ; 2.127          ; High Pulse Width ; clk   ; Rise       ; altsyncram:frame_ram|altsyncram_vm01:auto_generated|altsyncram_peg1:altsyncram1|ram_block2a0~portb_datain_reg2  ;
; 7.873 ; 10.000       ; 2.127          ; Low Pulse Width  ; clk   ; Rise       ; altsyncram:frame_ram|altsyncram_vm01:auto_generated|altsyncram_peg1:altsyncram1|ram_block2a0~portb_datain_reg2  ;
; 7.873 ; 10.000       ; 2.127          ; High Pulse Width ; clk   ; Rise       ; altsyncram:frame_ram|altsyncram_vm01:auto_generated|altsyncram_peg1:altsyncram1|ram_block2a0~portb_datain_reg3  ;
; 7.873 ; 10.000       ; 2.127          ; Low Pulse Width  ; clk   ; Rise       ; altsyncram:frame_ram|altsyncram_vm01:auto_generated|altsyncram_peg1:altsyncram1|ram_block2a0~portb_datain_reg3  ;
; 7.873 ; 10.000       ; 2.127          ; High Pulse Width ; clk   ; Rise       ; altsyncram:frame_ram|altsyncram_vm01:auto_generated|altsyncram_peg1:altsyncram1|ram_block2a0~portb_memory_reg0  ;
; 7.873 ; 10.000       ; 2.127          ; Low Pulse Width  ; clk   ; Rise       ; altsyncram:frame_ram|altsyncram_vm01:auto_generated|altsyncram_peg1:altsyncram1|ram_block2a0~portb_memory_reg0  ;
; 7.873 ; 10.000       ; 2.127          ; High Pulse Width ; clk   ; Rise       ; altsyncram:frame_ram|altsyncram_vm01:auto_generated|altsyncram_peg1:altsyncram1|ram_block2a0~portb_we_reg       ;
; 7.873 ; 10.000       ; 2.127          ; Low Pulse Width  ; clk   ; Rise       ; altsyncram:frame_ram|altsyncram_vm01:auto_generated|altsyncram_peg1:altsyncram1|ram_block2a0~portb_we_reg       ;
; 7.873 ; 10.000       ; 2.127          ; High Pulse Width ; clk   ; Rise       ; altsyncram:frame_ram|altsyncram_vm01:auto_generated|altsyncram_peg1:altsyncram1|ram_block2a1~portb_memory_reg0  ;
; 7.873 ; 10.000       ; 2.127          ; Low Pulse Width  ; clk   ; Rise       ; altsyncram:frame_ram|altsyncram_vm01:auto_generated|altsyncram_peg1:altsyncram1|ram_block2a1~portb_memory_reg0  ;
; 7.873 ; 10.000       ; 2.127          ; High Pulse Width ; clk   ; Rise       ; altsyncram:frame_ram|altsyncram_vm01:auto_generated|altsyncram_peg1:altsyncram1|ram_block2a2~portb_memory_reg0  ;
; 7.873 ; 10.000       ; 2.127          ; Low Pulse Width  ; clk   ; Rise       ; altsyncram:frame_ram|altsyncram_vm01:auto_generated|altsyncram_peg1:altsyncram1|ram_block2a2~portb_memory_reg0  ;
; 7.873 ; 10.000       ; 2.127          ; High Pulse Width ; clk   ; Rise       ; altsyncram:frame_ram|altsyncram_vm01:auto_generated|altsyncram_peg1:altsyncram1|ram_block2a3~portb_memory_reg0  ;
; 7.873 ; 10.000       ; 2.127          ; Low Pulse Width  ; clk   ; Rise       ; altsyncram:frame_ram|altsyncram_vm01:auto_generated|altsyncram_peg1:altsyncram1|ram_block2a3~portb_memory_reg0  ;
; 7.873 ; 10.000       ; 2.127          ; High Pulse Width ; clk   ; Rise       ; ml_inference:core_i|altsyncram:hidden_rtl_0|altsyncram_sng1:auto_generated|ram_block1a0~porta_address_reg0      ;
; 7.873 ; 10.000       ; 2.127          ; Low Pulse Width  ; clk   ; Rise       ; ml_inference:core_i|altsyncram:hidden_rtl_0|altsyncram_sng1:auto_generated|ram_block1a0~porta_address_reg0      ;
; 7.873 ; 10.000       ; 2.127          ; High Pulse Width ; clk   ; Rise       ; ml_inference:core_i|altsyncram:hidden_rtl_0|altsyncram_sng1:auto_generated|ram_block1a0~porta_address_reg1      ;
; 7.873 ; 10.000       ; 2.127          ; Low Pulse Width  ; clk   ; Rise       ; ml_inference:core_i|altsyncram:hidden_rtl_0|altsyncram_sng1:auto_generated|ram_block1a0~porta_address_reg1      ;
; 7.873 ; 10.000       ; 2.127          ; High Pulse Width ; clk   ; Rise       ; ml_inference:core_i|altsyncram:hidden_rtl_0|altsyncram_sng1:auto_generated|ram_block1a0~porta_address_reg2      ;
; 7.873 ; 10.000       ; 2.127          ; Low Pulse Width  ; clk   ; Rise       ; ml_inference:core_i|altsyncram:hidden_rtl_0|altsyncram_sng1:auto_generated|ram_block1a0~porta_address_reg2      ;
; 7.873 ; 10.000       ; 2.127          ; High Pulse Width ; clk   ; Rise       ; ml_inference:core_i|altsyncram:hidden_rtl_0|altsyncram_sng1:auto_generated|ram_block1a0~porta_address_reg3      ;
; 7.873 ; 10.000       ; 2.127          ; Low Pulse Width  ; clk   ; Rise       ; ml_inference:core_i|altsyncram:hidden_rtl_0|altsyncram_sng1:auto_generated|ram_block1a0~porta_address_reg3      ;
; 7.873 ; 10.000       ; 2.127          ; High Pulse Width ; clk   ; Rise       ; ml_inference:core_i|altsyncram:hidden_rtl_0|altsyncram_sng1:auto_generated|ram_block1a0~porta_address_reg4      ;
; 7.873 ; 10.000       ; 2.127          ; Low Pulse Width  ; clk   ; Rise       ; ml_inference:core_i|altsyncram:hidden_rtl_0|altsyncram_sng1:auto_generated|ram_block1a0~porta_address_reg4      ;
; 7.873 ; 10.000       ; 2.127          ; High Pulse Width ; clk   ; Rise       ; ml_inference:core_i|altsyncram:hidden_rtl_0|altsyncram_sng1:auto_generated|ram_block1a0~porta_datain_reg0       ;
; 7.873 ; 10.000       ; 2.127          ; Low Pulse Width  ; clk   ; Rise       ; ml_inference:core_i|altsyncram:hidden_rtl_0|altsyncram_sng1:auto_generated|ram_block1a0~porta_datain_reg0       ;
; 7.873 ; 10.000       ; 2.127          ; High Pulse Width ; clk   ; Rise       ; ml_inference:core_i|altsyncram:hidden_rtl_0|altsyncram_sng1:auto_generated|ram_block1a0~porta_datain_reg1       ;
; 7.873 ; 10.000       ; 2.127          ; Low Pulse Width  ; clk   ; Rise       ; ml_inference:core_i|altsyncram:hidden_rtl_0|altsyncram_sng1:auto_generated|ram_block1a0~porta_datain_reg1       ;
; 7.873 ; 10.000       ; 2.127          ; High Pulse Width ; clk   ; Rise       ; ml_inference:core_i|altsyncram:hidden_rtl_0|altsyncram_sng1:auto_generated|ram_block1a0~porta_datain_reg10      ;
; 7.873 ; 10.000       ; 2.127          ; Low Pulse Width  ; clk   ; Rise       ; ml_inference:core_i|altsyncram:hidden_rtl_0|altsyncram_sng1:auto_generated|ram_block1a0~porta_datain_reg10      ;
; 7.873 ; 10.000       ; 2.127          ; High Pulse Width ; clk   ; Rise       ; ml_inference:core_i|altsyncram:hidden_rtl_0|altsyncram_sng1:auto_generated|ram_block1a0~porta_datain_reg11      ;
; 7.873 ; 10.000       ; 2.127          ; Low Pulse Width  ; clk   ; Rise       ; ml_inference:core_i|altsyncram:hidden_rtl_0|altsyncram_sng1:auto_generated|ram_block1a0~porta_datain_reg11      ;
; 7.873 ; 10.000       ; 2.127          ; High Pulse Width ; clk   ; Rise       ; ml_inference:core_i|altsyncram:hidden_rtl_0|altsyncram_sng1:auto_generated|ram_block1a0~porta_datain_reg12      ;
; 7.873 ; 10.000       ; 2.127          ; Low Pulse Width  ; clk   ; Rise       ; ml_inference:core_i|altsyncram:hidden_rtl_0|altsyncram_sng1:auto_generated|ram_block1a0~porta_datain_reg12      ;
; 7.873 ; 10.000       ; 2.127          ; High Pulse Width ; clk   ; Rise       ; ml_inference:core_i|altsyncram:hidden_rtl_0|altsyncram_sng1:auto_generated|ram_block1a0~porta_datain_reg13      ;
; 7.873 ; 10.000       ; 2.127          ; Low Pulse Width  ; clk   ; Rise       ; ml_inference:core_i|altsyncram:hidden_rtl_0|altsyncram_sng1:auto_generated|ram_block1a0~porta_datain_reg13      ;
; 7.873 ; 10.000       ; 2.127          ; High Pulse Width ; clk   ; Rise       ; ml_inference:core_i|altsyncram:hidden_rtl_0|altsyncram_sng1:auto_generated|ram_block1a0~porta_datain_reg14      ;
; 7.873 ; 10.000       ; 2.127          ; Low Pulse Width  ; clk   ; Rise       ; ml_inference:core_i|altsyncram:hidden_rtl_0|altsyncram_sng1:auto_generated|ram_block1a0~porta_datain_reg14      ;
; 7.873 ; 10.000       ; 2.127          ; High Pulse Width ; clk   ; Rise       ; ml_inference:core_i|altsyncram:hidden_rtl_0|altsyncram_sng1:auto_generated|ram_block1a0~porta_datain_reg15      ;
; 7.873 ; 10.000       ; 2.127          ; Low Pulse Width  ; clk   ; Rise       ; ml_inference:core_i|altsyncram:hidden_rtl_0|altsyncram_sng1:auto_generated|ram_block1a0~porta_datain_reg15      ;
; 7.873 ; 10.000       ; 2.127          ; High Pulse Width ; clk   ; Rise       ; ml_inference:core_i|altsyncram:hidden_rtl_0|altsyncram_sng1:auto_generated|ram_block1a0~porta_datain_reg16      ;
; 7.873 ; 10.000       ; 2.127          ; Low Pulse Width  ; clk   ; Rise       ; ml_inference:core_i|altsyncram:hidden_rtl_0|altsyncram_sng1:auto_generated|ram_block1a0~porta_datain_reg16      ;
; 7.873 ; 10.000       ; 2.127          ; High Pulse Width ; clk   ; Rise       ; ml_inference:core_i|altsyncram:hidden_rtl_0|altsyncram_sng1:auto_generated|ram_block1a0~porta_datain_reg17      ;
; 7.873 ; 10.000       ; 2.127          ; Low Pulse Width  ; clk   ; Rise       ; ml_inference:core_i|altsyncram:hidden_rtl_0|altsyncram_sng1:auto_generated|ram_block1a0~porta_datain_reg17      ;
; 7.873 ; 10.000       ; 2.127          ; High Pulse Width ; clk   ; Rise       ; ml_inference:core_i|altsyncram:hidden_rtl_0|altsyncram_sng1:auto_generated|ram_block1a0~porta_datain_reg18      ;
; 7.873 ; 10.000       ; 2.127          ; Low Pulse Width  ; clk   ; Rise       ; ml_inference:core_i|altsyncram:hidden_rtl_0|altsyncram_sng1:auto_generated|ram_block1a0~porta_datain_reg18      ;
; 7.873 ; 10.000       ; 2.127          ; High Pulse Width ; clk   ; Rise       ; ml_inference:core_i|altsyncram:hidden_rtl_0|altsyncram_sng1:auto_generated|ram_block1a0~porta_datain_reg19      ;
; 7.873 ; 10.000       ; 2.127          ; Low Pulse Width  ; clk   ; Rise       ; ml_inference:core_i|altsyncram:hidden_rtl_0|altsyncram_sng1:auto_generated|ram_block1a0~porta_datain_reg19      ;
; 7.873 ; 10.000       ; 2.127          ; High Pulse Width ; clk   ; Rise       ; ml_inference:core_i|altsyncram:hidden_rtl_0|altsyncram_sng1:auto_generated|ram_block1a0~porta_datain_reg2       ;
; 7.873 ; 10.000       ; 2.127          ; Low Pulse Width  ; clk   ; Rise       ; ml_inference:core_i|altsyncram:hidden_rtl_0|altsyncram_sng1:auto_generated|ram_block1a0~porta_datain_reg2       ;
; 7.873 ; 10.000       ; 2.127          ; High Pulse Width ; clk   ; Rise       ; ml_inference:core_i|altsyncram:hidden_rtl_0|altsyncram_sng1:auto_generated|ram_block1a0~porta_datain_reg20      ;
; 7.873 ; 10.000       ; 2.127          ; Low Pulse Width  ; clk   ; Rise       ; ml_inference:core_i|altsyncram:hidden_rtl_0|altsyncram_sng1:auto_generated|ram_block1a0~porta_datain_reg20      ;
; 7.873 ; 10.000       ; 2.127          ; High Pulse Width ; clk   ; Rise       ; ml_inference:core_i|altsyncram:hidden_rtl_0|altsyncram_sng1:auto_generated|ram_block1a0~porta_datain_reg21      ;
; 7.873 ; 10.000       ; 2.127          ; Low Pulse Width  ; clk   ; Rise       ; ml_inference:core_i|altsyncram:hidden_rtl_0|altsyncram_sng1:auto_generated|ram_block1a0~porta_datain_reg21      ;
; 7.873 ; 10.000       ; 2.127          ; High Pulse Width ; clk   ; Rise       ; ml_inference:core_i|altsyncram:hidden_rtl_0|altsyncram_sng1:auto_generated|ram_block1a0~porta_datain_reg22      ;
; 7.873 ; 10.000       ; 2.127          ; Low Pulse Width  ; clk   ; Rise       ; ml_inference:core_i|altsyncram:hidden_rtl_0|altsyncram_sng1:auto_generated|ram_block1a0~porta_datain_reg22      ;
; 7.873 ; 10.000       ; 2.127          ; High Pulse Width ; clk   ; Rise       ; ml_inference:core_i|altsyncram:hidden_rtl_0|altsyncram_sng1:auto_generated|ram_block1a0~porta_datain_reg23      ;
; 7.873 ; 10.000       ; 2.127          ; Low Pulse Width  ; clk   ; Rise       ; ml_inference:core_i|altsyncram:hidden_rtl_0|altsyncram_sng1:auto_generated|ram_block1a0~porta_datain_reg23      ;
; 7.873 ; 10.000       ; 2.127          ; High Pulse Width ; clk   ; Rise       ; ml_inference:core_i|altsyncram:hidden_rtl_0|altsyncram_sng1:auto_generated|ram_block1a0~porta_datain_reg24      ;
; 7.873 ; 10.000       ; 2.127          ; Low Pulse Width  ; clk   ; Rise       ; ml_inference:core_i|altsyncram:hidden_rtl_0|altsyncram_sng1:auto_generated|ram_block1a0~porta_datain_reg24      ;
; 7.873 ; 10.000       ; 2.127          ; High Pulse Width ; clk   ; Rise       ; ml_inference:core_i|altsyncram:hidden_rtl_0|altsyncram_sng1:auto_generated|ram_block1a0~porta_datain_reg25      ;
; 7.873 ; 10.000       ; 2.127          ; Low Pulse Width  ; clk   ; Rise       ; ml_inference:core_i|altsyncram:hidden_rtl_0|altsyncram_sng1:auto_generated|ram_block1a0~porta_datain_reg25      ;
; 7.873 ; 10.000       ; 2.127          ; High Pulse Width ; clk   ; Rise       ; ml_inference:core_i|altsyncram:hidden_rtl_0|altsyncram_sng1:auto_generated|ram_block1a0~porta_datain_reg26      ;
; 7.873 ; 10.000       ; 2.127          ; Low Pulse Width  ; clk   ; Rise       ; ml_inference:core_i|altsyncram:hidden_rtl_0|altsyncram_sng1:auto_generated|ram_block1a0~porta_datain_reg26      ;
+-------+--------------+----------------+------------------+-------+------------+-----------------------------------------------------------------------------------------------------------------+


+---------------------------------------------------------------------------+
; Setup Times                                                               ;
+---------------+------------+-------+-------+------------+-----------------+
; Data Port     ; Clock Port ; Rise  ; Fall  ; Clock Edge ; Clock Reference ;
+---------------+------------+-------+-------+------------+-----------------+
; FIFODATA[*]   ; clk        ; 4.633 ; 4.633 ; Rise       ; clk             ;
;  FIFODATA[0]  ; clk        ; 3.258 ; 3.258 ; Rise       ; clk             ;
;  FIFODATA[1]  ; clk        ; 4.284 ; 4.284 ; Rise       ; clk             ;
;  FIFODATA[2]  ; clk        ; 4.235 ; 4.235 ; Rise       ; clk             ;
;  FIFODATA[3]  ; clk        ; 4.334 ; 4.334 ; Rise       ; clk             ;
;  FIFODATA[4]  ; clk        ; 4.230 ; 4.230 ; Rise       ; clk             ;
;  FIFODATA[5]  ; clk        ; 3.930 ; 3.930 ; Rise       ; clk             ;
;  FIFODATA[6]  ; clk        ; 3.998 ; 3.998 ; Rise       ; clk             ;
;  FIFODATA[7]  ; clk        ; 3.979 ; 3.979 ; Rise       ; clk             ;
;  FIFODATA[8]  ; clk        ; 3.841 ; 3.841 ; Rise       ; clk             ;
;  FIFODATA[9]  ; clk        ; 4.049 ; 4.049 ; Rise       ; clk             ;
;  FIFODATA[10] ; clk        ; 4.017 ; 4.017 ; Rise       ; clk             ;
;  FIFODATA[11] ; clk        ; 3.874 ; 3.874 ; Rise       ; clk             ;
;  FIFODATA[12] ; clk        ; 3.955 ; 3.955 ; Rise       ; clk             ;
;  FIFODATA[13] ; clk        ; 4.633 ; 4.633 ; Rise       ; clk             ;
;  FIFODATA[14] ; clk        ; 4.462 ; 4.462 ; Rise       ; clk             ;
;  FIFODATA[15] ; clk        ; 4.292 ; 4.292 ; Rise       ; clk             ;
; FLAGA         ; clk        ; 3.749 ; 3.749 ; Rise       ; clk             ;
; rst           ; clk        ; 2.389 ; 2.389 ; Rise       ; clk             ;
+---------------+------------+-------+-------+------------+-----------------+


+-----------------------------------------------------------------------------+
; Hold Times                                                                  ;
+---------------+------------+--------+--------+------------+-----------------+
; Data Port     ; Clock Port ; Rise   ; Fall   ; Clock Edge ; Clock Reference ;
+---------------+------------+--------+--------+------------+-----------------+
; FIFODATA[*]   ; clk        ; -2.097 ; -2.097 ; Rise       ; clk             ;
;  FIFODATA[0]  ; clk        ; -2.256 ; -2.256 ; Rise       ; clk             ;
;  FIFODATA[1]  ; clk        ; -2.337 ; -2.337 ; Rise       ; clk             ;
;  FIFODATA[2]  ; clk        ; -2.319 ; -2.319 ; Rise       ; clk             ;
;  FIFODATA[3]  ; clk        ; -2.311 ; -2.311 ; Rise       ; clk             ;
;  FIFODATA[4]  ; clk        ; -2.284 ; -2.284 ; Rise       ; clk             ;
;  FIFODATA[5]  ; clk        ; -2.161 ; -2.161 ; Rise       ; clk             ;
;  FIFODATA[6]  ; clk        ; -2.097 ; -2.097 ; Rise       ; clk             ;
;  FIFODATA[7]  ; clk        ; -2.166 ; -2.166 ; Rise       ; clk             ;
;  FIFODATA[8]  ; clk        ; -2.168 ; -2.168 ; Rise       ; clk             ;
;  FIFODATA[9]  ; clk        ; -2.151 ; -2.151 ; Rise       ; clk             ;
;  FIFODATA[10] ; clk        ; -2.128 ; -2.128 ; Rise       ; clk             ;
;  FIFODATA[11] ; clk        ; -2.245 ; -2.245 ; Rise       ; clk             ;
;  FIFODATA[12] ; clk        ; -2.136 ; -2.136 ; Rise       ; clk             ;
;  FIFODATA[13] ; clk        ; -2.400 ; -2.400 ; Rise       ; clk             ;
;  FIFODATA[14] ; clk        ; -2.398 ; -2.398 ; Rise       ; clk             ;
;  FIFODATA[15] ; clk        ; -2.191 ; -2.191 ; Rise       ; clk             ;
; FLAGA         ; clk        ; -2.646 ; -2.646 ; Rise       ; clk             ;
; rst           ; clk        ; 0.344  ; 0.344  ; Rise       ; clk             ;
+---------------+------------+--------+--------+------------+-----------------+


+---------------------------------------------------------------------------+
; Clock to Output Times                                                     ;
+---------------+------------+-------+-------+------------+-----------------+
; Data Port     ; Clock Port ; Rise  ; Fall  ; Clock Edge ; Clock Reference ;
+---------------+------------+-------+-------+------------+-----------------+
; FIFOADR[*]    ; clk        ; 3.849 ; 3.849 ; Rise       ; clk             ;
;  FIFOADR[1]   ; clk        ; 3.849 ; 3.849 ; Rise       ; clk             ;
; FIFODATA[*]   ; clk        ; 4.106 ; 4.106 ; Rise       ; clk             ;
;  FIFODATA[0]  ; clk        ; 4.090 ; 4.090 ; Rise       ; clk             ;
;  FIFODATA[1]  ; clk        ; 3.973 ; 3.973 ; Rise       ; clk             ;
;  FIFODATA[2]  ; clk        ; 4.041 ; 4.041 ; Rise       ; clk             ;
;  FIFODATA[3]  ; clk        ; 3.856 ; 3.856 ; Rise       ; clk             ;
;  FIFODATA[4]  ; clk        ; 3.904 ; 3.904 ; Rise       ; clk             ;
;  FIFODATA[5]  ; clk        ; 3.917 ; 3.917 ; Rise       ; clk             ;
;  FIFODATA[6]  ; clk        ; 3.981 ; 3.981 ; Rise       ; clk             ;
;  FIFODATA[7]  ; clk        ; 4.029 ; 4.029 ; Rise       ; clk             ;
;  FIFODATA[8]  ; clk        ; 3.829 ; 3.829 ; Rise       ; clk             ;
;  FIFODATA[9]  ; clk        ; 3.887 ; 3.887 ; Rise       ; clk             ;
;  FIFODATA[10] ; clk        ; 3.710 ; 3.710 ; Rise       ; clk             ;
;  FIFODATA[11] ; clk        ; 3.920 ; 3.920 ; Rise       ; clk             ;
;  FIFODATA[12] ; clk        ; 4.069 ; 4.069 ; Rise       ; clk             ;
;  FIFODATA[13] ; clk        ; 4.106 ; 4.106 ; Rise       ; clk             ;
;  FIFODATA[14] ; clk        ; 4.031 ; 4.031 ; Rise       ; clk             ;
;  FIFODATA[15] ; clk        ; 4.023 ; 4.023 ; Rise       ; clk             ;
; SLOE          ; clk        ; 4.129 ; 4.129 ; Rise       ; clk             ;
; SLRD          ; clk        ; 3.941 ; 3.941 ; Rise       ; clk             ;
; SLWR          ; clk        ; 4.258 ; 4.258 ; Rise       ; clk             ;
; led[*]        ; clk        ; 4.036 ; 4.036 ; Rise       ; clk             ;
;  led[0]       ; clk        ; 3.643 ; 3.643 ; Rise       ; clk             ;
;  led[1]       ; clk        ; 3.945 ; 3.945 ; Rise       ; clk             ;
;  led[2]       ; clk        ; 4.036 ; 4.036 ; Rise       ; clk             ;
;  led[3]       ; clk        ; 3.670 ; 3.670 ; Rise       ; clk             ;
+---------------+------------+-------+-------+------------+-----------------+


+---------------------------------------------------------------------------+
; Minimum Clock to Output Times                                             ;
+---------------+------------+-------+-------+------------+-----------------+
; Data Port     ; Clock Port ; Rise  ; Fall  ; Clock Edge ; Clock Reference ;
+---------------+------------+-------+-------+------------+-----------------+
; FIFOADR[*]    ; clk        ; 3.849 ; 3.849 ; Rise       ; clk             ;
;  FIFOADR[1]   ; clk        ; 3.849 ; 3.849 ; Rise       ; clk             ;
; FIFODATA[*]   ; clk        ; 3.710 ; 3.710 ; Rise       ; clk             ;
;  FIFODATA[0]  ; clk        ; 4.090 ; 4.090 ; Rise       ; clk             ;
;  FIFODATA[1]  ; clk        ; 3.973 ; 3.973 ; Rise       ; clk             ;
;  FIFODATA[2]  ; clk        ; 4.041 ; 4.041 ; Rise       ; clk             ;
;  FIFODATA[3]  ; clk        ; 3.856 ; 3.856 ; Rise       ; clk             ;
;  FIFODATA[4]  ; clk        ; 3.904 ; 3.904 ; Rise       ; clk             ;
;  FIFODATA[5]  ; clk        ; 3.917 ; 3.917 ; Rise       ; clk             ;
;  FIFODATA[6]  ; clk        ; 3.981 ; 3.981 ; Rise       ; clk             ;
;  FIFODATA[7]  ; clk        ; 4.029 ; 4.029 ; Rise       ; clk             ;
;  FIFODATA[8]  ; clk        ; 3.829 ; 3.829 ; Rise       ; clk             ;
;  FIFODATA[9]  ; clk        ; 3.887 ; 3.887 ; Rise       ; clk             ;
;  FIFODATA[10] ; clk        ; 3.710 ; 3.710 ; Rise       ; clk             ;
;  FIFODATA[11] ; clk        ; 3.920 ; 3.920 ; Rise       ; clk             ;
;  FIFODATA[12] ; clk        ; 4.069 ; 4.069 ; Rise       ; clk             ;
;  FIFODATA[13] ; clk        ; 4.106 ; 4.106 ; Rise       ; clk             ;
;  FIFODATA[14] ; clk        ; 4.031 ; 4.031 ; Rise       ; clk             ;
;  FIFODATA[15] ; clk        ; 4.023 ; 4.023 ; Rise       ; clk             ;
; SLOE          ; clk        ; 4.129 ; 4.129 ; Rise       ; clk             ;
; SLRD          ; clk        ; 3.941 ; 3.941 ; Rise       ; clk             ;
; SLWR          ; clk        ; 4.258 ; 4.258 ; Rise       ; clk             ;
; led[*]        ; clk        ; 3.643 ; 3.643 ; Rise       ; clk             ;
;  led[0]       ; clk        ; 3.643 ; 3.643 ; Rise       ; clk             ;
;  led[1]       ; clk        ; 3.945 ; 3.945 ; Rise       ; clk             ;
;  led[2]       ; clk        ; 4.036 ; 4.036 ; Rise       ; clk             ;
;  led[3]       ; clk        ; 3.670 ; 3.670 ; Rise       ; clk             ;
+---------------+------------+-------+-------+------------+-----------------+


+--------------------------------------------------------------------------+
; Output Enable Times                                                      ;
+---------------+------------+-------+------+------------+-----------------+
; Data Port     ; Clock Port ; Rise  ; Fall ; Clock Edge ; Clock Reference ;
+---------------+------------+-------+------+------------+-----------------+
; FIFODATA[*]   ; clk        ; 4.341 ;      ; Rise       ; clk             ;
;  FIFODATA[0]  ; clk        ; 4.341 ;      ; Rise       ; clk             ;
;  FIFODATA[1]  ; clk        ; 4.482 ;      ; Rise       ; clk             ;
;  FIFODATA[2]  ; clk        ; 4.482 ;      ; Rise       ; clk             ;
;  FIFODATA[3]  ; clk        ; 4.502 ;      ; Rise       ; clk             ;
;  FIFODATA[4]  ; clk        ; 4.502 ;      ; Rise       ; clk             ;
;  FIFODATA[5]  ; clk        ; 4.672 ;      ; Rise       ; clk             ;
;  FIFODATA[6]  ; clk        ; 4.662 ;      ; Rise       ; clk             ;
;  FIFODATA[7]  ; clk        ; 4.662 ;      ; Rise       ; clk             ;
;  FIFODATA[8]  ; clk        ; 4.688 ;      ; Rise       ; clk             ;
;  FIFODATA[9]  ; clk        ; 4.698 ;      ; Rise       ; clk             ;
;  FIFODATA[10] ; clk        ; 4.698 ;      ; Rise       ; clk             ;
;  FIFODATA[11] ; clk        ; 4.669 ;      ; Rise       ; clk             ;
;  FIFODATA[12] ; clk        ; 4.669 ;      ; Rise       ; clk             ;
;  FIFODATA[13] ; clk        ; 4.918 ;      ; Rise       ; clk             ;
;  FIFODATA[14] ; clk        ; 4.918 ;      ; Rise       ; clk             ;
;  FIFODATA[15] ; clk        ; 5.035 ;      ; Rise       ; clk             ;
+---------------+------------+-------+------+------------+-----------------+


+--------------------------------------------------------------------------+
; Minimum Output Enable Times                                              ;
+---------------+------------+-------+------+------------+-----------------+
; Data Port     ; Clock Port ; Rise  ; Fall ; Clock Edge ; Clock Reference ;
+---------------+------------+-------+------+------------+-----------------+
; FIFODATA[*]   ; clk        ; 4.341 ;      ; Rise       ; clk             ;
;  FIFODATA[0]  ; clk        ; 4.341 ;      ; Rise       ; clk             ;
;  FIFODATA[1]  ; clk        ; 4.482 ;      ; Rise       ; clk             ;
;  FIFODATA[2]  ; clk        ; 4.482 ;      ; Rise       ; clk             ;
;  FIFODATA[3]  ; clk        ; 4.502 ;      ; Rise       ; clk             ;
;  FIFODATA[4]  ; clk        ; 4.502 ;      ; Rise       ; clk             ;
;  FIFODATA[5]  ; clk        ; 4.672 ;      ; Rise       ; clk             ;
;  FIFODATA[6]  ; clk        ; 4.662 ;      ; Rise       ; clk             ;
;  FIFODATA[7]  ; clk        ; 4.662 ;      ; Rise       ; clk             ;
;  FIFODATA[8]  ; clk        ; 4.688 ;      ; Rise       ; clk             ;
;  FIFODATA[9]  ; clk        ; 4.698 ;      ; Rise       ; clk             ;
;  FIFODATA[10] ; clk        ; 4.698 ;      ; Rise       ; clk             ;
;  FIFODATA[11] ; clk        ; 4.669 ;      ; Rise       ; clk             ;
;  FIFODATA[12] ; clk        ; 4.669 ;      ; Rise       ; clk             ;
;  FIFODATA[13] ; clk        ; 4.918 ;      ; Rise       ; clk             ;
;  FIFODATA[14] ; clk        ; 4.918 ;      ; Rise       ; clk             ;
;  FIFODATA[15] ; clk        ; 5.035 ;      ; Rise       ; clk             ;
+---------------+------------+-------+------+------------+-----------------+


+-----------------------------------------------------------------------------------+
; Output Disable Times                                                              ;
+---------------+------------+-----------+-----------+------------+-----------------+
; Data Port     ; Clock Port ; 0 to Hi-Z ; 1 to Hi-Z ; Clock Edge ; Clock Reference ;
+---------------+------------+-----------+-----------+------------+-----------------+
; FIFODATA[*]   ; clk        ; 4.341     ;           ; Rise       ; clk             ;
;  FIFODATA[0]  ; clk        ; 4.341     ;           ; Rise       ; clk             ;
;  FIFODATA[1]  ; clk        ; 4.482     ;           ; Rise       ; clk             ;
;  FIFODATA[2]  ; clk        ; 4.482     ;           ; Rise       ; clk             ;
;  FIFODATA[3]  ; clk        ; 4.502     ;           ; Rise       ; clk             ;
;  FIFODATA[4]  ; clk        ; 4.502     ;           ; Rise       ; clk             ;
;  FIFODATA[5]  ; clk        ; 4.672     ;           ; Rise       ; clk             ;
;  FIFODATA[6]  ; clk        ; 4.662     ;           ; Rise       ; clk             ;
;  FIFODATA[7]  ; clk        ; 4.662     ;           ; Rise       ; clk             ;
;  FIFODATA[8]  ; clk        ; 4.688     ;           ; Rise       ; clk             ;
;  FIFODATA[9]  ; clk        ; 4.698     ;           ; Rise       ; clk             ;
;  FIFODATA[10] ; clk        ; 4.698     ;           ; Rise       ; clk             ;
;  FIFODATA[11] ; clk        ; 4.669     ;           ; Rise       ; clk             ;
;  FIFODATA[12] ; clk        ; 4.669     ;           ; Rise       ; clk             ;
;  FIFODATA[13] ; clk        ; 4.918     ;           ; Rise       ; clk             ;
;  FIFODATA[14] ; clk        ; 4.918     ;           ; Rise       ; clk             ;
;  FIFODATA[15] ; clk        ; 5.035     ;           ; Rise       ; clk             ;
+---------------+------------+-----------+-----------+------------+-----------------+


+-----------------------------------------------------------------------------------+
; Minimum Output Disable Times                                                      ;
+---------------+------------+-----------+-----------+------------+-----------------+
; Data Port     ; Clock Port ; 0 to Hi-Z ; 1 to Hi-Z ; Clock Edge ; Clock Reference ;
+---------------+------------+-----------+-----------+------------+-----------------+
; FIFODATA[*]   ; clk        ; 4.341     ;           ; Rise       ; clk             ;
;  FIFODATA[0]  ; clk        ; 4.341     ;           ; Rise       ; clk             ;
;  FIFODATA[1]  ; clk        ; 4.482     ;           ; Rise       ; clk             ;
;  FIFODATA[2]  ; clk        ; 4.482     ;           ; Rise       ; clk             ;
;  FIFODATA[3]  ; clk        ; 4.502     ;           ; Rise       ; clk             ;
;  FIFODATA[4]  ; clk        ; 4.502     ;           ; Rise       ; clk             ;
;  FIFODATA[5]  ; clk        ; 4.672     ;           ; Rise       ; clk             ;
;  FIFODATA[6]  ; clk        ; 4.662     ;           ; Rise       ; clk             ;
;  FIFODATA[7]  ; clk        ; 4.662     ;           ; Rise       ; clk             ;
;  FIFODATA[8]  ; clk        ; 4.688     ;           ; Rise       ; clk             ;
;  FIFODATA[9]  ; clk        ; 4.698     ;           ; Rise       ; clk             ;
;  FIFODATA[10] ; clk        ; 4.698     ;           ; Rise       ; clk             ;
;  FIFODATA[11] ; clk        ; 4.669     ;           ; Rise       ; clk             ;
;  FIFODATA[12] ; clk        ; 4.669     ;           ; Rise       ; clk             ;
;  FIFODATA[13] ; clk        ; 4.918     ;           ; Rise       ; clk             ;
;  FIFODATA[14] ; clk        ; 4.918     ;           ; Rise       ; clk             ;
;  FIFODATA[15] ; clk        ; 5.035     ;           ; Rise       ; clk             ;
+---------------+------------+-----------+-----------+------------+-----------------+


+------------------------------------------------------------------------------+
; Multicorner Timing Analysis Summary                                          ;
+------------------+--------+-------+----------+---------+---------------------+
; Clock            ; Setup  ; Hold  ; Recovery ; Removal ; Minimum Pulse Width ;
+------------------+--------+-------+----------+---------+---------------------+
; Worst-case Slack ; 68.935 ; 0.215 ; N/A      ; N/A     ; 6.933               ;
;  clk             ; 68.935 ; 0.215 ; N/A      ; N/A     ; 6.933               ;
; Design-wide TNS  ; 0.0    ; 0.0   ; 0.0      ; 0.0     ; 0.0                 ;
;  clk             ; 0.000  ; 0.000 ; N/A      ; N/A     ; 0.000               ;
+------------------+--------+-------+----------+---------+---------------------+


+-----------------------------------------------------------------------------+
; Setup Times                                                                 ;
+---------------+------------+--------+--------+------------+-----------------+
; Data Port     ; Clock Port ; Rise   ; Fall   ; Clock Edge ; Clock Reference ;
+---------------+------------+--------+--------+------------+-----------------+
; FIFODATA[*]   ; clk        ; 12.585 ; 12.585 ; Rise       ; clk             ;
;  FIFODATA[0]  ; clk        ; 7.798  ; 7.798  ; Rise       ; clk             ;
;  FIFODATA[1]  ; clk        ; 11.135 ; 11.135 ; Rise       ; clk             ;
;  FIFODATA[2]  ; clk        ; 11.133 ; 11.133 ; Rise       ; clk             ;
;  FIFODATA[3]  ; clk        ; 11.329 ; 11.329 ; Rise       ; clk             ;
;  FIFODATA[4]  ; clk        ; 11.034 ; 11.034 ; Rise       ; clk             ;
;  FIFODATA[5]  ; clk        ; 10.093 ; 10.093 ; Rise       ; clk             ;
;  FIFODATA[6]  ; clk        ; 10.274 ; 10.274 ; Rise       ; clk             ;
;  FIFODATA[7]  ; clk        ; 10.311 ; 10.311 ; Rise       ; clk             ;
;  FIFODATA[8]  ; clk        ; 9.906  ; 9.906  ; Rise       ; clk             ;
;  FIFODATA[9]  ; clk        ; 10.424 ; 10.424 ; Rise       ; clk             ;
;  FIFODATA[10] ; clk        ; 10.456 ; 10.456 ; Rise       ; clk             ;
;  FIFODATA[11] ; clk        ; 10.001 ; 10.001 ; Rise       ; clk             ;
;  FIFODATA[12] ; clk        ; 10.220 ; 10.220 ; Rise       ; clk             ;
;  FIFODATA[13] ; clk        ; 12.585 ; 12.585 ; Rise       ; clk             ;
;  FIFODATA[14] ; clk        ; 11.996 ; 11.996 ; Rise       ; clk             ;
;  FIFODATA[15] ; clk        ; 11.437 ; 11.437 ; Rise       ; clk             ;
; FLAGA         ; clk        ; 9.307  ; 9.307  ; Rise       ; clk             ;
; rst           ; clk        ; 7.916  ; 7.916  ; Rise       ; clk             ;
+---------------+------------+--------+--------+------------+-----------------+


+-----------------------------------------------------------------------------+
; Hold Times                                                                  ;
+---------------+------------+--------+--------+------------+-----------------+
; Data Port     ; Clock Port ; Rise   ; Fall   ; Clock Edge ; Clock Reference ;
+---------------+------------+--------+--------+------------+-----------------+
; FIFODATA[*]   ; clk        ; -2.097 ; -2.097 ; Rise       ; clk             ;
;  FIFODATA[0]  ; clk        ; -2.256 ; -2.256 ; Rise       ; clk             ;
;  FIFODATA[1]  ; clk        ; -2.337 ; -2.337 ; Rise       ; clk             ;
;  FIFODATA[2]  ; clk        ; -2.319 ; -2.319 ; Rise       ; clk             ;
;  FIFODATA[3]  ; clk        ; -2.311 ; -2.311 ; Rise       ; clk             ;
;  FIFODATA[4]  ; clk        ; -2.284 ; -2.284 ; Rise       ; clk             ;
;  FIFODATA[5]  ; clk        ; -2.161 ; -2.161 ; Rise       ; clk             ;
;  FIFODATA[6]  ; clk        ; -2.097 ; -2.097 ; Rise       ; clk             ;
;  FIFODATA[7]  ; clk        ; -2.166 ; -2.166 ; Rise       ; clk             ;
;  FIFODATA[8]  ; clk        ; -2.168 ; -2.168 ; Rise       ; clk             ;
;  FIFODATA[9]  ; clk        ; -2.151 ; -2.151 ; Rise       ; clk             ;
;  FIFODATA[10] ; clk        ; -2.128 ; -2.128 ; Rise       ; clk             ;
;  FIFODATA[11] ; clk        ; -2.245 ; -2.245 ; Rise       ; clk             ;
;  FIFODATA[12] ; clk        ; -2.136 ; -2.136 ; Rise       ; clk             ;
;  FIFODATA[13] ; clk        ; -2.400 ; -2.400 ; Rise       ; clk             ;
;  FIFODATA[14] ; clk        ; -2.398 ; -2.398 ; Rise       ; clk             ;
;  FIFODATA[15] ; clk        ; -2.191 ; -2.191 ; Rise       ; clk             ;
; FLAGA         ; clk        ; -2.646 ; -2.646 ; Rise       ; clk             ;
; rst           ; clk        ; 0.344  ; 0.344  ; Rise       ; clk             ;
+---------------+------------+--------+--------+------------+-----------------+


+---------------------------------------------------------------------------+
; Clock to Output Times                                                     ;
+---------------+------------+-------+-------+------------+-----------------+
; Data Port     ; Clock Port ; Rise  ; Fall  ; Clock Edge ; Clock Reference ;
+---------------+------------+-------+-------+------------+-----------------+
; FIFOADR[*]    ; clk        ; 8.393 ; 8.393 ; Rise       ; clk             ;
;  FIFOADR[1]   ; clk        ; 8.393 ; 8.393 ; Rise       ; clk             ;
; FIFODATA[*]   ; clk        ; 9.478 ; 9.478 ; Rise       ; clk             ;
;  FIFODATA[0]  ; clk        ; 9.478 ; 9.478 ; Rise       ; clk             ;
;  FIFODATA[1]  ; clk        ; 9.094 ; 9.094 ; Rise       ; clk             ;
;  FIFODATA[2]  ; clk        ; 9.371 ; 9.371 ; Rise       ; clk             ;
;  FIFODATA[3]  ; clk        ; 8.586 ; 8.586 ; Rise       ; clk             ;
;  FIFODATA[4]  ; clk        ; 8.672 ; 8.672 ; Rise       ; clk             ;
;  FIFODATA[5]  ; clk        ; 9.008 ; 9.008 ; Rise       ; clk             ;
;  FIFODATA[6]  ; clk        ; 9.126 ; 9.126 ; Rise       ; clk             ;
;  FIFODATA[7]  ; clk        ; 9.208 ; 9.208 ; Rise       ; clk             ;
;  FIFODATA[8]  ; clk        ; 8.687 ; 8.687 ; Rise       ; clk             ;
;  FIFODATA[9]  ; clk        ; 8.942 ; 8.942 ; Rise       ; clk             ;
;  FIFODATA[10] ; clk        ; 8.163 ; 8.163 ; Rise       ; clk             ;
;  FIFODATA[11] ; clk        ; 8.660 ; 8.660 ; Rise       ; clk             ;
;  FIFODATA[12] ; clk        ; 9.241 ; 9.241 ; Rise       ; clk             ;
;  FIFODATA[13] ; clk        ; 9.417 ; 9.417 ; Rise       ; clk             ;
;  FIFODATA[14] ; clk        ; 9.125 ; 9.125 ; Rise       ; clk             ;
;  FIFODATA[15] ; clk        ; 9.113 ; 9.113 ; Rise       ; clk             ;
; SLOE          ; clk        ; 9.274 ; 9.274 ; Rise       ; clk             ;
; SLRD          ; clk        ; 8.881 ; 8.881 ; Rise       ; clk             ;
; SLWR          ; clk        ; 9.931 ; 9.931 ; Rise       ; clk             ;
; led[*]        ; clk        ; 9.228 ; 9.228 ; Rise       ; clk             ;
;  led[0]       ; clk        ; 8.183 ; 8.183 ; Rise       ; clk             ;
;  led[1]       ; clk        ; 9.058 ; 9.058 ; Rise       ; clk             ;
;  led[2]       ; clk        ; 9.228 ; 9.228 ; Rise       ; clk             ;
;  led[3]       ; clk        ; 8.240 ; 8.240 ; Rise       ; clk             ;
+---------------+------------+-------+-------+------------+-----------------+


+---------------------------------------------------------------------------+
; Minimum Clock to Output Times                                             ;
+---------------+------------+-------+-------+------------+-----------------+
; Data Port     ; Clock Port ; Rise  ; Fall  ; Clock Edge ; Clock Reference ;
+---------------+------------+-------+-------+------------+-----------------+
; FIFOADR[*]    ; clk        ; 3.849 ; 3.849 ; Rise       ; clk             ;
;  FIFOADR[1]   ; clk        ; 3.849 ; 3.849 ; Rise       ; clk             ;
; FIFODATA[*]   ; clk        ; 3.710 ; 3.710 ; Rise       ; clk             ;
;  FIFODATA[0]  ; clk        ; 4.090 ; 4.090 ; Rise       ; clk             ;
;  FIFODATA[1]  ; clk        ; 3.973 ; 3.973 ; Rise       ; clk             ;
;  FIFODATA[2]  ; clk        ; 4.041 ; 4.041 ; Rise       ; clk             ;
;  FIFODATA[3]  ; clk        ; 3.856 ; 3.856 ; Rise       ; clk             ;
;  FIFODATA[4]  ; clk        ; 3.904 ; 3.904 ; Rise       ; clk             ;
;  FIFODATA[5]  ; clk        ; 3.917 ; 3.917 ; Rise       ; clk             ;
;  FIFODATA[6]  ; clk        ; 3.981 ; 3.981 ; Rise       ; clk             ;
;  FIFODATA[7]  ; clk        ; 4.029 ; 4.029 ; Rise       ; clk             ;
;  FIFODATA[8]  ; clk        ; 3.829 ; 3.829 ; Rise       ; clk             ;
;  FIFODATA[9]  ; clk        ; 3.887 ; 3.887 ; Rise       ; clk             ;
;  FIFODATA[10] ; clk        ; 3.710 ; 3.710 ; Rise       ; clk             ;
;  FIFODATA[11] ; clk        ; 3.920 ; 3.920 ; Rise       ; clk             ;
;  FIFODATA[12] ; clk        ; 4.069 ; 4.069 ; Rise       ; clk             ;
;  FIFODATA[13] ; clk        ; 4.106 ; 4.106 ; Rise       ; clk             ;
;  FIFODATA[14] ; clk        ; 4.031 ; 4.031 ; Rise       ; clk             ;
;  FIFODATA[15] ; clk        ; 4.023 ; 4.023 ; Rise       ; clk             ;
; SLOE          ; clk        ; 4.129 ; 4.129 ; Rise       ; clk             ;
; SLRD          ; clk        ; 3.941 ; 3.941 ; Rise       ; clk             ;
; SLWR          ; clk        ; 4.258 ; 4.258 ; Rise       ; clk             ;
; led[*]        ; clk        ; 3.643 ; 3.643 ; Rise       ; clk             ;
;  led[0]       ; clk        ; 3.643 ; 3.643 ; Rise       ; clk             ;
;  led[1]       ; clk        ; 3.945 ; 3.945 ; Rise       ; clk             ;
;  led[2]       ; clk        ; 4.036 ; 4.036 ; Rise       ; clk             ;
;  led[3]       ; clk        ; 3.670 ; 3.670 ; Rise       ; clk             ;
+---------------+------------+-------+-------+------------+-----------------+


+-----------------------------------------------------------------------+
; Setup Transfers                                                       ;
+------------+----------+--------------+----------+----------+----------+
; From Clock ; To Clock ; RR Paths     ; FR Paths ; RF Paths ; FF Paths ;
+------------+----------+--------------+----------+----------+----------+
; clk        ; clk      ; > 2147483647 ; 0        ; 0        ; 0        ;
+------------+----------+--------------+----------+----------+----------+
Entries labeled "false path" only account for clock-to-clock false paths and not path-based false paths. As a result, actual path counts may be lower than reported.


+-----------------------------------------------------------------------+
; Hold Transfers                                                        ;
+------------+----------+--------------+----------+----------+----------+
; From Clock ; To Clock ; RR Paths     ; FR Paths ; RF Paths ; FF Paths ;
+------------+----------+--------------+----------+----------+----------+
; clk        ; clk      ; > 2147483647 ; 0        ; 0        ; 0        ;
+------------+----------+--------------+----------+----------+----------+
Entries labeled "false path" only account for clock-to-clock false paths and not path-based false paths. As a result, actual path counts may be lower than reported.


---------------
; Report TCCS ;
---------------
No dedicated SERDES Transmitter circuitry present in device or used in design


---------------
; Report RSKM ;
---------------
No dedicated SERDES Receiver circuitry present in device or used in design


+------------------------------------------------+
; Unconstrained Paths                            ;
+---------------------------------+-------+------+
; Property                        ; Setup ; Hold ;
+---------------------------------+-------+------+
; Illegal Clocks                  ; 0     ; 0    ;
; Unconstrained Clocks            ; 0     ; 0    ;
; Unconstrained Input Ports       ; 18    ; 18   ;
; Unconstrained Input Port Paths  ; 918   ; 918  ;
; Unconstrained Output Ports      ; 24    ; 24   ;
; Unconstrained Output Port Paths ; 40    ; 40   ;
+---------------------------------+-------+------+


+------------------------------------+
; TimeQuest Timing Analyzer Messages ;
+------------------------------------+
Info: *******************************************************************
Info: Running Quartus II 64-Bit TimeQuest Timing Analyzer
    Info: Version 13.0.1 Build 232 06/12/2013 Service Pack 1 SJ Web Edition
    Info: Processing started: Sat Oct 03 10:05:44 2026
Info: Command: quartus_sta fx2_ml_bridge -c fx2_ml_bridge
Info: qsta_default_script.tcl version: #1
Info (20030): Parallel compilation is enabled and will use 6 of the 6 processors detected
Info (332104): Reading SDC File: 'fx2_ml_bridge.sdc'
Info: Found TIMEQUEST_REPORT_SCRIPT_INCLUDE_DEFAULT_ANALYSIS = ON
Info: Analyzing Slow Model
Info (332146): Worst-case setup slack is 68.935
    Info (332119):     Slack End Point TNS Clock 
    Info (332119): ========= ============= =====================
    Info (332119):    68.935         0.000 clk 
Info (332146): Worst-case hold slack is 0.499
    Info (332119):     Slack End Point TNS Clock 
    Info (332119): ========= ============= =====================
    Info (332119):     0.499         0.000 clk 
Info (332140): No Recovery paths to report
Info (332140): No Removal paths to report
Info (332146): Worst-case minimum pulse width slack is 6.933
    Info (332119):     Slack End Point TNS Clock 
    Info (332119): ========= ============= =====================
    Info (332119):     6.933         0.000 clk 
Info (332001): The selected device family is not supported by the report_metastability command.
Info: Analyzing Fast Model
Info (332146): Worst-case setup slack is 160.337
    Info (332119):     Slack End Point TNS Clock 
    Info (332119): ========= ============= =====================
    Info (332119):   160.337         0.000 clk 
Info (332146): Worst-case hold slack is 0.215
    Info (332119):     Slack End Point TNS Clock 
    Info (332119): ========= ============= =====================
    Info (332119):     0.215         0.000 clk 
Info (332140): No Recovery paths to report
Info (332140): No Removal paths to report
Info (332146): Worst-case minimum pulse width slack is 7.873
    Info (332119):     Slack End Point TNS Clock 
    Info (332119): ========= ============= =====================
    Info (332119):     7.873         0.000 clk 
Info (332001): The selected device family is not supported by the report_metastability command.
Info (332102): Design is not fully constrained for setup requirements
Info (332102): Design is not fully constrained for hold requirements
Info: Quartus II 64-Bit TimeQuest Timing Analyzer was successful. 0 errors, 0 warnings
    Info: Peak virtual memory: 4625 megabytes
    Info: Processing ended: Sat Oct 03 10:05:46 2026
    Info: Elapsed time: 00:00:02
    Info: Total CPU time (on all processors): 00:00:02


