Fitter report for fx2_ml_bridge
Sat Oct 03 09:24:58 2026
Quartus II 64-Bit Version 13.0.1 Build 232 06/12/2013 Service Pack 1 SJ Web Edition


---------------------
; Table of Contents ;
---------------------
  1. Legal Notice
  2. Fitter Summary
  3. Fitter Settings
  4. Parallel Compilation
  5. Incremental Compilation Preservation Summary
  6. Incremental Compilation Partition Settings
  7. Incremental Compilation Placement Preservation
  8. Pin-Out File
  9. Fitter Resource Usage Summary
 10. Fitter Partition Statistics
 11. Input Pins
 12. Output Pins
 13. Bidir Pins
 14. I/O Bank Usage
 15. All Package Pins
 16. Output Pin Default Load For Reported TCO
 17. Fitter Resource Utilization by Entity
 18. Delay Chain Summary
 19. Pad To Core Delay Chain Fanout
 20. Control Signals
 21. Global & Other Fast Signals
 22. Non-Global High Fan-Out Signals
 23. Fitter RAM Summary
 24. Fitter DSP Block Usage Summary
 25. DSP Block Details
 26. Other Routing Usage Summary
 27. LAB Logic Elements
 28. LAB-wide Signals
 29. LAB Signals Sourced
 30. LAB Signals Sourced Out
 31. LAB Distinct Inputs
 32. Fitter Device Options
 33. Operating Settings and Conditions
 34. Fitter Messages
 35. Fitter Suppressed Messages



----------------
; Legal Notice ;
----------------
Copyright (C) 1991-2013 Altera Corporation
Your use of Altera Corporation's design tools, logic functions 
and other software and tools, and its AMPP partner logic 
functions, and any output files from any of the foregoing 
(including device programming or simulation files), and any 
associated documentation or information are expressly subject 
to the terms and conditions of the Altera Program License 
Subscription Agreement, Altera MegaCore Function License 
Agreement, or other applicable license agreement, including, 
without limitation, that your use is for the sole purpose of 
programming logic devices manufactured by Altera and sold by 
Altera or its authorized distributors.  Please refer to the 
applicable agreement for further details.



+--------------------------------------------------------------------------------------+
; Fitter Summary                                                                       ;
+------------------------------------+-------------------------------------------------+
; Fitter Status                      ; Successful - Sat Oct 03 09:24:58 2026           ;
; Quartus II 64-Bit Version          ; 13.0.1 Build 232 06/12/2013 SP 1 SJ Web Edition ;
; Revision Name                      ; fx2_ml_bridge                                   ;
; Top-level Entity Name              ; ml_fx2_stream_bridge                            ;
; Family                             ; Cyclone II                                      ;
; Device                             ; EP2C5T144C8                                     ;
; Timing Models                      ; Final                                           ;
; Total logic elements               ; 3,076 / 4,608 ( 67 % )                          ;
;     Total combinational functions  ; 3,007 / 4,608 ( 65 % )                          ;
;     Dedicated logic registers      ; 775 / 4,608 ( 17 % )                            ;
; Total registers                    ; 775                                             ;
; Total pins                         ; 31 / 89 ( 35 % )                                ;
; Total virtual pins                 ; 0                                               ;
; Total memory bits                  ; 56,912 / 119,808 ( 48 % )                       ;
; Embedded Multiplier 9-bit elements ; 5 / 26 ( 19 % )                                 ;
; Total PLLs                         ; 0 / 2 ( 0 % )                                   ;
+------------------------------------+-------------------------------------------------+


+----------------------------------------------------------------------------------------------------------------------------------------------+
; Fitter Settings                                                                                                                              ;
+----------------------------------------------------------------------------+--------------------------------+--------------------------------+
; Option                                                                     ; Setting                        ; Default Value                  ;
+----------------------------------------------------------------------------+--------------------------------+--------------------------------+
; Device                                                                     ; EP2C5T144C8                    ;                                ;
; Fit Attempts to Skip                                                       ; 0                              ; 0.0                            ;
; Use smart compilation                                                      ; Off                            ; Off                            ;
; Enable parallel Assembler and TimeQuest Timing Analyzer during compilation ; On                             ; On                             ;
; Enable compact report table                                                ; Off                            ; Off                            ;
; Auto Merge PLLs                                                            ; On                             ; On                             ;
; Ignore PLL Mode When Merging PLLs                                          ; Off                            ; Off                            ;
; Router Timing Optimization Level                                           ; Normal                         ; Normal                         ;
; Placement Effort Multiplier                                                ; 1.0                            ; 1.0                            ;
; Router Effort Multiplier                                                   ; 1.0                            ; 1.0                            ;
; Always Enable Input Buffers                                                ; Off                            ; Off                            ;
; Optimize Hold Timing                                                       ; IO Paths and Minimum TPD Paths ; IO Paths and Minimum TPD Paths ;
; Optimize Multi-Corner Timing                                               ; On                             ; On                             ;
; PowerPlay Power Optimization                                               ; Normal compilation             ; Normal compilation             ;
; Optimize Timing                                                            ; Normal compilation             ; Normal compilation             ;
; Optimize Timing for ECOs                                                   ; Off                            ; Off                            ;
; Regenerate full fit report during ECO compiles                             ; Off                            ; Off                            ;
; Optimize IOC Register Placement for Timing                                 ; Normal                         ; Normal                         ;
; Limit to One Fitting Attempt                                               ; Off                            ; Off                            ;
; Final Placement Optimizations                                              ; Automatically                  ; Automatically                  ;
; Fitter Aggressive Routability Optimizations                                ; Automatically                  ; Automatically                  ;
; Fitter Initial Placement Seed                                              ; 1                              ; 1                              ;
; PCI I/O                                                                    ; Off                            ; Off                            ;
; Weak Pull-Up Resistor                                                      ; Off                            ; Off                            ;
; Enable Bus-Hold Circuitry                                                  ; Off                            ; Off                            ;
; Auto Global Memory Control Signals                                         ; Off                            ; Off                            ;
; Auto Packed Registers                                                      ; Auto                           ; Auto                           ;
; Auto Delay Chains                                                          ; On                             ; On                             ;
; Auto Delay Chains for High Fanout Input Pins                               ; Off                            ; Off                            ;
; Perform Physical Synthesis for Combinational Logic for Fitting             ; Off                            ; Off                            ;
; Perform Physical Synthesis for Combinational Logic for Performance         ; Off                            ; Off                            ;
; Perform Register Duplication for Performance                               ; Off                            ; Off                            ;
; Perform Logic to Memory Mapping for Fitting                                ; Off                            ; Off                            ;
; Perform Register Retiming for Performance                                  ; Off                            ; Off                            ;
; Perform Asynchronous Signal Pipelining                                     ; Off                            ; Off                            ;
; Fitter Effort                                                              ; Auto Fit                       ; Auto Fit                       ;
; Physical Synthesis Effort Level                                            ; Normal                         ; Normal                         ;
; Auto Global Clock                                                          ; On                             ; On                             ;
; Auto Global Register Control Signals                                       ; On                             ; On                             ;
; Force Fitter to Avoid Periphery Placement Warnings                         ; Off                            ; Off                            ;
+----------------------------------------------------------------------------+--------------------------------+--------------------------------+


+------------------------------------------+
; Parallel Compilation                     ;
+----------------------------+-------------+
; Processors                 ; Number      ;
+----------------------------+-------------+
; Number detected on machine ; 6           ;
; Maximum allowed            ; 6           ;
;                            ;             ;
; Average used               ; 1.00        ;
; Maximum used               ; 6           ;
;                            ;             ;
; Usage by Processor         ; % Time Used ;
;     Processor 1            ; 100.0%      ;
;     Processors 2-6         ; < 0.1%      ;
+----------------------------+-------------+


+----------------------------------------------+
; Incremental Compilation Preservation Summary ;
+---------------------+------------------------+
; Type                ; Value                  ;
+---------------------+------------------------+
; Placement (by node) ;                        ;
;     -- Requested    ; 0 / 3952 ( 0.00 % )    ;
;     -- Achieved     ; 0 / 3952 ( 0.00 % )    ;
;                     ;                        ;
; Routing (by net)    ;                        ;
;     -- Requested    ; 0 / 0 ( 0.00 % )       ;
;     -- Achieved     ; 0 / 0 ( 0.00 % )       ;
+---------------------+------------------------+


+----------------------------------------------------------------------------------------------------------------------------------------------------------------------------------------+
; Incremental Compilation Partition Settings                                                                                                                                             ;
+--------------------------------+----------------+-------------------+-------------------------+------------------------+------------------------------+--------------------------------+
; Partition Name                 ; Partition Type ; Netlist Type Used ; Preservation Level Used ; Netlist Type Requested ; Preservation Level Requested ; Contents                       ;
+--------------------------------+----------------+-------------------+-------------------------+------------------------+------------------------------+--------------------------------+
; Top                            ; User-created   ; Source File       ; N/A                     ; Source File            ; N/A                          ;                                ;
; hard_block:auto_generated_inst ; Auto-generated ; Source File       ; N/A                     ; Source File            ; N/A                          ; hard_block:auto_generated_inst ;
+--------------------------------+----------------+-------------------+-------------------------+------------------------+------------------------------+--------------------------------+


+------------------------------------------------------------------------------------------------------------+
; Incremental Compilation Placement Preservation                                                             ;
+--------------------------------+---------+-------------------+-------------------------+-------------------+
; Partition Name                 ; # Nodes ; # Preserved Nodes ; Preservation Level Used ; Netlist Type Used ;
+--------------------------------+---------+-------------------+-------------------------+-------------------+
; Top                            ; 3950    ; 0                 ; N/A                     ; Source File       ;
; hard_block:auto_generated_inst ; 2       ; 0                 ; N/A                     ; Source File       ;
+--------------------------------+---------+-------------------+-------------------------+-------------------+


+--------------+
; Pin-Out File ;
+--------------+
The pin-out file can be found in D:/fpga/cyclone2-handwriting-ml/rtl/fx2_ml_bridge/fx2_ml_bridge.pin.


+--------------------------------------------------------------------------+
; Fitter Resource Usage Summary                                            ;
+---------------------------------------------+----------------------------+
; Resource                                    ; Usage                      ;
+---------------------------------------------+----------------------------+
; Total logic elements                        ; 3,076 / 4,608 ( 67 % )     ;
;     -- Combinational with no register       ; 2301                       ;
;     -- Register only                        ; 69                         ;
;     -- Combinational with a register        ; 706                        ;
;                                             ;                            ;
; Logic element usage by number of LUT inputs ;                            ;
;     -- 4 input functions                    ; 1679                       ;
;     -- 3 input functions                    ; 1062                       ;
;     -- <=2 input functions                  ; 266                        ;
;     -- Register only                        ; 69                         ;
;                                             ;                            ;
; Logic elements by mode                      ;                            ;
;     -- normal mode                          ; 2632                       ;
;     -- arithmetic mode                      ; 375                        ;
;                                             ;                            ;
; Total registers*                            ; 775 / 4,851 ( 16 % )       ;
;     -- Dedicated logic registers            ; 775 / 4,608 ( 17 % )       ;
;     -- I/O registers                        ; 0 / 243 ( 0 % )            ;
;                                             ;                            ;
; Total LABs:  partially or completely used   ; 223 / 288 ( 77 % )         ;
; Virtual pins                                ; 0                          ;
; I/O pins                                    ; 31 / 89 ( 35 % )           ;
;     -- Clock pins                           ; 2 / 4 ( 50 % )             ;
;                                             ;                            ;
; Global signals                              ; 2                          ;
; M4Ks                                        ; 22 / 26 ( 85 % )           ;
; Total block memory bits                     ; 56,912 / 119,808 ( 48 % )  ;
; Total block memory implementation bits      ; 101,376 / 119,808 ( 85 % ) ;
; Embedded Multiplier 9-bit elements          ; 5 / 26 ( 19 % )            ;
; PLLs                                        ; 0 / 2 ( 0 % )              ;
; Global clocks                               ; 2 / 8 ( 25 % )             ;
; JTAGs                                       ; 0 / 1 ( 0 % )              ;
; ASMI blocks                                 ; 0 / 1 ( 0 % )              ;
; CRC blocks                                  ; 0 / 1 ( 0 % )              ;
; Average interconnect usage (total/H/V)      ; 25% / 25% / 24%            ;
; Peak interconnect usage (total/H/V)         ; 26% / 26% / 25%            ;
; Maximum fan-out                             ; 798                        ;
; Highest non-global fan-out                  ; 217                        ;
; Total fan-out                               ; 13448                      ;
; Average fan-out                             ; 3.46                       ;
+---------------------------------------------+----------------------------+
*  Register count does not include registers inside RAM blocks or DSP blocks.



+-----------------------------------------------------------------------------------------------------+
; Fitter Partition Statistics                                                                         ;
+---------------------------------------------+----------------------+--------------------------------+
; Statistic                                   ; Top                  ; hard_block:auto_generated_inst ;
+---------------------------------------------+----------------------+--------------------------------+
; Difficulty Clustering Region                ; Low                  ; Low                            ;
;                                             ;                      ;                                ;
; Total logic elements                        ; 3076 / 4608 ( 67 % ) ; 0 / 4608 ( 0 % )               ;
;     -- Combinational with no register       ; 2301                 ; 0                              ;
;     -- Register only                        ; 69                   ; 0                              ;
;     -- Combinational with a register        ; 706                  ; 0                              ;
;                                             ;                      ;                                ;
; Logic element usage by number of LUT inputs ;                      ;                                ;
;     -- 4 input functions                    ; 1679                 ; 0                              ;
;     -- 3 input functions                    ; 1062                 ; 0                              ;
;     -- <=2 input functions                  ; 266                  ; 0                              ;
;     -- Register only                        ; 69                   ; 0                              ;
;                                             ;                      ;                                ;
; Logic elements by mode                      ;                      ;                                ;
;     -- normal mode                          ; 2632                 ; 0                              ;
;     -- arithmetic mode                      ; 375                  ; 0                              ;
;                                             ;                      ;                                ;
; Total registers                             ; 775                  ; 0                              ;
;     -- Dedicated logic registers            ; 775 / 4608 ( 17 % )  ; 0 / 4608 ( 0 % )               ;
;                                             ;                      ;                                ;
; Total LABs:  partially or completely used   ; 223 / 288 ( 77 % )   ; 0 / 288 ( 0 % )                ;
;                                             ;                      ;                                ;
; Virtual pins                                ; 0                    ; 0                              ;
; I/O pins                                    ; 31                   ; 0                              ;
; Embedded Multiplier 9-bit elements          ; 5 / 26 ( 19 % )      ; 0 / 26 ( 0 % )                 ;
; Total memory bits                           ; 56912                ; 0                              ;
; Total RAM block bits                        ; 101376               ; 0                              ;
; M4K                                         ; 22 / 26 ( 84 % )     ; 0 / 26 ( 0 % )                 ;
; Clock control block                         ; 2 / 10 ( 20 % )      ; 0 / 10 ( 0 % )                 ;
;                                             ;                      ;                                ;
; Connections                                 ;                      ;                                ;
;     -- Input Connections                    ; 0                    ; 0                              ;
;     -- Registered Input Connections         ; 0                    ; 0                              ;
;     -- Output Connections                   ; 0                    ; 0                              ;
;     -- Registered Output Connections        ; 0                    ; 0                              ;
;                                             ;                      ;                                ;
; Internal Connections                        ;                      ;                                ;
;     -- Total Connections                    ; 13554                ; 0                              ;
;     -- Registered Connections               ; 3490                 ; 0                              ;
;                                             ;                      ;                                ;
; External Connections                        ;                      ;                                ;
;     -- Top                                  ; 0                    ; 0                              ;
;     -- hard_block:auto_generated_inst       ; 0                    ; 0                              ;
;                                             ;                      ;                                ;
; Partition Interface                         ;                      ;                                ;
;     -- Input Ports                          ; 5                    ; 0                              ;
;     -- Output Ports                         ; 12                   ; 0                              ;
;     -- Bidir Ports                          ; 16                   ; 0                              ;
;                                             ;                      ;                                ;
; Registered Ports                            ;                      ;                                ;
;     -- Registered Input Ports               ; 0                    ; 0                              ;
;     -- Registered Output Ports              ; 0                    ; 0                              ;
;                                             ;                      ;                                ;
; Port Connectivity                           ;                      ;                                ;
;     -- Input Ports driven by GND            ; 0                    ; 0                              ;
;     -- Output Ports driven by GND           ; 0                    ; 0                              ;
;     -- Input Ports driven by VCC            ; 0                    ; 0                              ;
;     -- Output Ports driven by VCC           ; 0                    ; 0                              ;
;     -- Input Ports with no Source           ; 0                    ; 0                              ;
;     -- Output Ports with no Source          ; 0                    ; 0                              ;
;     -- Input Ports with no Fanout           ; 0                    ; 0                              ;
;     -- Output Ports with no Fanout          ; 0                    ; 0                              ;
+---------------------------------------------+----------------------+--------------------------------+


+-------------------------------------------------------------------------------------------------------------------------------------------------------------------------------------------------------------------------------------------------------------+
; Input Pins                                                                                                                                                                                                                                                  ;
+-------+-------+----------+--------------+--------------+-------------+-----------------------+--------------------+--------+----------------+---------------+-----------------+----------+--------------+--------------+-------------+----------------------+
; Name  ; Pin # ; I/O Bank ; X coordinate ; Y coordinate ; Cell number ; Combinational Fan-Out ; Registered Fan-Out ; Global ; Input Register ; Power Up High ; PCI I/O Enabled ; Bus Hold ; Weak Pull Up ; I/O Standard ; Termination ; Location assigned by ;
+-------+-------+----------+--------------+--------------+-------------+-----------------------+--------------------+--------+----------------+---------------+-----------------+----------+--------------+--------------+-------------+----------------------+
; FLAGA ; 71    ; 4        ; 26           ; 0            ; 1           ; 5                     ; 0                  ; no     ; no             ; no            ; no              ; no       ; Off          ; 3.3-V LVTTL  ; Off         ; User                 ;
; FLAGB ; 79    ; 3        ; 28           ; 5            ; 4           ; 0                     ; 0                  ; no     ; no             ; no            ; no              ; no       ; Off          ; 3.3-V LVTTL  ; Off         ; User                 ;
; FLAGC ; 80    ; 3        ; 28           ; 5            ; 2           ; 0                     ; 0                  ; no     ; no             ; no            ; no              ; no       ; Off          ; 3.3-V LVTTL  ; Off         ; User                 ;
; clk   ; 17    ; 1        ; 0            ; 6            ; 0           ; 1                     ; 0                  ; yes    ; no             ; no            ; no              ; no       ; Off          ; 3.3-V LVTTL  ; Off         ; User                 ;
; rst   ; 88    ; 3        ; 28           ; 7            ; 3           ; 218                   ; 0                  ; yes    ; no             ; no            ; no              ; no       ; Off          ; 3.3-V LVTTL  ; Off         ; User                 ;
+-------+-------+----------+--------------+--------------+-------------+-----------------------+--------------------+--------+----------------+---------------+-----------------+----------+--------------+--------------+-------------+----------------------+


+------------------------------------------------------------------------------------------------------------------------------------------------------------------------------------------------------------------------------------------------------------------------------------------------------------------------------------------+
; Output Pins                                                                                                                                                                                                                                                                                                                              ;
+------------+-------+----------+--------------+--------------+-------------+-----------------+------------------------+---------------+-----------------+------------+---------------+----------+--------------+--------------+------------------+-------------+----------------------+------+----------------------+---------------------+
; Name       ; Pin # ; I/O Bank ; X coordinate ; Y coordinate ; Cell number ; Output Register ; Output Enable Register ; Power Up High ; PCI I/O Enabled ; Open Drain ; TRI Primitive ; Bus Hold ; Weak Pull Up ; I/O Standard ; Current Strength ; Termination ; Location assigned by ; Load ; Output Enable Source ; Output Enable Group ;
+------------+-------+----------+--------------+--------------+-------------+-----------------+------------------------+---------------+-----------------+------------+---------------+----------+--------------+--------------+------------------+-------------+----------------------+------+----------------------+---------------------+
; FIFOADR[0] ; 75    ; 3        ; 28           ; 2            ; 1           ; no              ; no                     ; no            ; no              ; no         ; no            ; no       ; Off          ; 3.3-V LVTTL  ; 24mA             ; Off         ; User                 ; 0 pF ; -                    ; -                   ;
; FIFOADR[1] ; 76    ; 3        ; 28           ; 2            ; 0           ; no              ; no                     ; no            ; no              ; no         ; no            ; no       ; Off          ; 3.3-V LVTTL  ; 24mA             ; Off         ; User                 ; 0 pF ; -                    ; -                   ;
; SLOE       ; 72    ; 4        ; 26           ; 0            ; 0           ; no              ; no                     ; no            ; no              ; no         ; no            ; no       ; Off          ; 3.3-V LVTTL  ; 24mA             ; Off         ; User                 ; 0 pF ; -                    ; -                   ;
; SLRD       ; 74    ; 3        ; 28           ; 1            ; 0           ; no              ; no                     ; no            ; no              ; no         ; no            ; no       ; Off          ; 3.3-V LVTTL  ; 24mA             ; Off         ; User                 ; 0 pF ; -                    ; -                   ;
; SLWR       ; 73    ; 3        ; 28           ; 1            ; 1           ; no              ; no                     ; no            ; no              ; no         ; no            ; no       ; Off          ; 3.3-V LVTTL  ; 24mA             ; Off         ; User                 ; 0 pF ; -                    ; -                   ;
; buzz       ; 4     ; 1        ; 0            ; 13           ; 3           ; no              ; no                     ; no            ; no              ; no         ; no            ; no       ; Off          ; 3.3-V LVTTL  ; 24mA             ; Off         ; User                 ; 0 pF ; -                    ; -                   ;
; led[0]     ; 8     ; 1        ; 0            ; 11           ; 2           ; no              ; no                     ; no            ; no              ; no         ; no            ; no       ; Off          ; 3.3-V LVTTL  ; 24mA             ; Off         ; User                 ; 0 pF ; -                    ; -                   ;
; led[1]     ; 9     ; 1        ; 0            ; 11           ; 3           ; no              ; no                     ; no            ; no              ; no         ; no            ; no       ; Off          ; 3.3-V LVTTL  ; 24mA             ; Off         ; User                 ; 0 pF ; -                    ; -                   ;
; led[2]     ; 24    ; 1        ; 0            ; 5            ; 0           ; no              ; no                     ; no            ; no              ; no         ; no            ; no       ; Off          ; 3.3-V LVTTL  ; 24mA             ; Off         ; User                 ; 0 pF ; -                    ; -                   ;
; led[3]     ; 25    ; 1        ; 0            ; 5            ; 1           ; no              ; no                     ; no            ; no              ; no         ; no            ; no       ; Off          ; 3.3-V LVTTL  ; 24mA             ; Off         ; User                 ; 0 pF ; -                    ; -                   ;
+------------+-------+----------+--------------+--------------+-------------+-----------------+------------------------+---------------+-----------------+------------+---------------+----------+--------------+--------------+------------------+-------------+----------------------+------+----------------------+---------------------+


+---------------------------------------------------------------------------------------------------------------------------------------------------------------------------------------------------------------------------------------------------------------------------------------------------------------------------------------------------------------------------------------------------+
; Bidir Pins                                                                                                                                                                                                                                                                                                                                                                                        ;
+--------------+-------+----------+--------------+--------------+-------------+-----------------------+--------------------+--------+----------------+-----------------+------------------------+---------------+-----------------+------------+----------+--------------+--------------+------------------+-------------+----------------------+------+----------------------+---------------------+
; Name         ; Pin # ; I/O Bank ; X coordinate ; Y coordinate ; Cell number ; Combinational Fan-Out ; Registered Fan-Out ; Global ; Input Register ; Output Register ; Output Enable Register ; Power Up High ; PCI I/O Enabled ; Open Drain ; Bus Hold ; Weak Pull Up ; I/O Standard ; Current Strength ; Termination ; Location assigned by ; Load ; Output Enable Source ; Output Enable Group ;
+--------------+-------+----------+--------------+--------------+-------------+-----------------------+--------------------+--------+----------------+-----------------+------------------------+---------------+-----------------+------------+----------+--------------+--------------+------------------+-------------+----------------------+------+----------------------+---------------------+
; FIFODATA[0]  ; 81    ; 3        ; 28           ; 5            ; 1           ; 2                     ; 0                  ; no     ; no             ; no              ; no                     ; no            ; no              ; no         ; no       ; Off          ; 3.3-V LVTTL  ; 24mA             ; Off         ; User                 ; 0 pF ; SLWR~reg0            ; -                   ;
; FIFODATA[10] ; 101   ; 3        ; 28           ; 11           ; 0           ; 2                     ; 0                  ; no     ; no             ; no              ; no                     ; no            ; no              ; no         ; no       ; Off          ; 3.3-V LVTTL  ; 24mA             ; Off         ; User                 ; 0 pF ; SLWR~reg0            ; -                   ;
; FIFODATA[11] ; 103   ; 3        ; 28           ; 12           ; 1           ; 2                     ; 0                  ; no     ; no             ; no              ; no                     ; no            ; no              ; no         ; no       ; Off          ; 3.3-V LVTTL  ; 24mA             ; Off         ; User                 ; 0 pF ; SLWR~reg0            ; -                   ;
; FIFODATA[12] ; 104   ; 3        ; 28           ; 12           ; 0           ; 1                     ; 0                  ; no     ; no             ; no              ; no                     ; no            ; no              ; no         ; no       ; Off          ; 3.3-V LVTTL  ; 24mA             ; Off         ; User                 ; 0 pF ; SLWR~reg0            ; -                   ;
; FIFODATA[13] ; 112   ; 2        ; 26           ; 14           ; 0           ; 1                     ; 0                  ; no     ; no             ; no              ; no                     ; no            ; no              ; no         ; no       ; Off          ; 3.3-V LVTTL  ; 24mA             ; Off         ; User                 ; 0 pF ; SLWR~reg0            ; -                   ;
; FIFODATA[14] ; 113   ; 2        ; 26           ; 14           ; 1           ; 1                     ; 0                  ; no     ; no             ; no              ; no                     ; no            ; no              ; no         ; no       ; Off          ; 3.3-V LVTTL  ; 24mA             ; Off         ; User                 ; 0 pF ; SLWR~reg0            ; -                   ;
; FIFODATA[15] ; 114   ; 2        ; 26           ; 14           ; 2           ; 1                     ; 0                  ; no     ; no             ; no              ; no                     ; no            ; no              ; no         ; no       ; Off          ; 3.3-V LVTTL  ; 24mA             ; Off         ; User                 ; 0 pF ; SLWR~reg0            ; -                   ;
; FIFODATA[1]  ; 86    ; 3        ; 28           ; 6            ; 1           ; 2                     ; 0                  ; no     ; no             ; no              ; no                     ; no            ; no              ; no         ; no       ; Off          ; 3.3-V LVTTL  ; 24mA             ; Off         ; User                 ; 0 pF ; SLWR~reg0            ; -                   ;
; FIFODATA[2]  ; 87    ; 3        ; 28           ; 6            ; 0           ; 2                     ; 0                  ; no     ; no             ; no              ; no                     ; no            ; no              ; no         ; no       ; Off          ; 3.3-V LVTTL  ; 24mA             ; Off         ; User                 ; 0 pF ; SLWR~reg0            ; -                   ;
; FIFODATA[3]  ; 92    ; 3        ; 28           ; 8            ; 1           ; 2                     ; 0                  ; no     ; no             ; no              ; no                     ; no            ; no              ; no         ; no       ; Off          ; 3.3-V LVTTL  ; 24mA             ; Off         ; User                 ; 0 pF ; SLWR~reg0            ; -                   ;
; FIFODATA[4]  ; 93    ; 3        ; 28           ; 8            ; 0           ; 1                     ; 0                  ; no     ; no             ; no              ; no                     ; no            ; no              ; no         ; no       ; Off          ; 3.3-V LVTTL  ; 24mA             ; Off         ; User                 ; 0 pF ; SLWR~reg0            ; -                   ;
; FIFODATA[5]  ; 94    ; 3        ; 28           ; 9            ; 2           ; 1                     ; 0                  ; no     ; no             ; no              ; no                     ; no            ; no              ; no         ; no       ; Off          ; 3.3-V LVTTL  ; 24mA             ; Off         ; User                 ; 0 pF ; SLWR~reg0            ; -                   ;
; FIFODATA[6]  ; 96    ; 3        ; 28           ; 9            ; 1           ; 1                     ; 0                  ; no     ; no             ; no              ; no                     ; no            ; no              ; no         ; no       ; Off          ; 3.3-V LVTTL  ; 24mA             ; Off         ; User                 ; 0 pF ; SLWR~reg0            ; -                   ;
; FIFODATA[7]  ; 97    ; 3        ; 28           ; 9            ; 0           ; 1                     ; 0                  ; no     ; no             ; no              ; no                     ; no            ; no              ; no         ; no       ; Off          ; 3.3-V LVTTL  ; 24mA             ; Off         ; User                 ; 0 pF ; SLWR~reg0            ; -                   ;
; FIFODATA[8]  ; 99    ; 3        ; 28           ; 11           ; 2           ; 2                     ; 0                  ; no     ; no             ; no              ; no                     ; no            ; no              ; no         ; no       ; Off          ; 3.3-V LVTTL  ; 24mA             ; Off         ; User                 ; 0 pF ; SLWR~reg0            ; -                   ;
; FIFODATA[9]  ; 100   ; 3        ; 28           ; 11           ; 1           ; 2                     ; 0                  ; no     ; no             ; no              ; no                     ; no            ; no              ; no         ; no       ; Off          ; 3.3-V LVTTL  ; 24mA             ; Off         ; User                 ; 0 pF ; SLWR~reg0            ; -                   ;
+--------------+-------+----------+--------------+--------------+-------------+-----------------------+--------------------+--------+----------------+-----------------+------------------------+---------------+-----------------+------------+----------+--------------+--------------+------------------+-------------+----------------------+------+----------------------+---------------------+


+------------------------------------------------------------+
; I/O Bank Usage                                             ;
+----------+------------------+---------------+--------------+
; I/O Bank ; Usage            ; VCCIO Voltage ; VREF Voltage ;
+----------+------------------+---------------+--------------+
; 1        ; 8 / 19 ( 42 % )  ; 3.3V          ; --           ;
; 2        ; 3 / 23 ( 13 % )  ; 3.3V          ; --           ;
; 3        ; 20 / 23 ( 87 % ) ; 3.3V          ; --           ;
; 4        ; 2 / 24 ( 8 % )   ; 3.3V          ; --           ;
+----------+------------------+---------------+--------------+


+------------------------------------------------------------------------------------------------------------------------------------------------------------------------+
; All Package Pins                                                                                                                                                       ;
+----------+------------+----------+------------------------------------------+--------+--------------+---------+------------+-----------------+----------+--------------+
; Location ; Pad Number ; I/O Bank ; Pin Name/Usage                           ; Dir.   ; I/O Standard ; Voltage ; I/O Type   ; User Assignment ; Bus Hold ; Weak Pull Up ;
+----------+------------+----------+------------------------------------------+--------+--------------+---------+------------+-----------------+----------+--------------+
; 1        ; 0          ; 1        ; ~ASDO~ / RESERVED_INPUT_WITH_WEAK_PULLUP ; input  ; 3.3-V LVTTL  ;         ; Row I/O    ; N               ; no       ; On           ;
; 2        ; 1          ; 1        ; ~nCSO~ / RESERVED_INPUT_WITH_WEAK_PULLUP ; input  ; 3.3-V LVTTL  ;         ; Row I/O    ; N               ; no       ; On           ;
; 3        ; 2          ; 1        ; RESERVED_INPUT                           ;        ;              ;         ; Row I/O    ;                 ; no       ; Off          ;
; 4        ; 3          ; 1        ; buzz                                     ; output ; 3.3-V LVTTL  ;         ; Row I/O    ; Y               ; no       ; Off          ;
; 5        ;            ; 1        ; VCCIO1                                   ; power  ;              ; 3.3V    ; --         ;                 ; --       ; --           ;
; 6        ;            ;          ; GND                                      ; gnd    ;              ;         ; --         ;                 ; --       ; --           ;
; 7        ; 10         ; 1        ; RESERVED_INPUT                           ;        ;              ;         ; Row I/O    ;                 ; --       ; --           ;
; 8        ; 11         ; 1        ; led[0]                                   ; output ; 3.3-V LVTTL  ;         ; Row I/O    ; Y               ; no       ; Off          ;
; 9        ; 12         ; 1        ; led[1]                                   ; output ; 3.3-V LVTTL  ;         ; Row I/O    ; Y               ; no       ; Off          ;
; 10       ; 13         ; 1        ; #TDO                                     ; output ;              ;         ; --         ;                 ; --       ; --           ;
; 11       ; 14         ; 1        ; #TMS                                     ; input  ;              ;         ; --         ;                 ; --       ; --           ;
; 12       ; 15         ; 1        ; #TCK                                     ; input  ;              ;         ; --         ;                 ; --       ; --           ;
; 13       ; 16         ; 1        ; #TDI                                     ; input  ;              ;         ; --         ;                 ; --       ; --           ;
; 14       ; 17         ; 1        ; ^DATA0                                   ; input  ;              ;         ; --         ;                 ; --       ; --           ;
; 15       ; 18         ; 1        ; ^DCLK                                    ;        ;              ;         ; --         ;                 ; --       ; --           ;
; 16       ; 19         ; 1        ; ^nCE                                     ;        ;              ;         ; --         ;                 ; --       ; --           ;
; 17       ; 20         ; 1        ; clk                                      ; input  ; 3.3-V LVTTL  ;         ; Row I/O    ; Y               ; no       ; Off          ;
; 18       ; 21         ; 1        ; GND+                                     ;        ;              ;         ; Row I/O    ;                 ; --       ; --           ;
; 19       ;            ;          ; GND                                      ; gnd    ;              ;         ; --         ;                 ; --       ; --           ;
; 20       ; 22         ; 1        ; ^nCONFIG                                 ;        ;              ;         ; --         ;                 ; --       ; --           ;
; 21       ; 23         ; 1        ; GND+                                     ;        ;              ;         ; Row I/O    ;                 ; --       ; --           ;
; 22       ; 24         ; 1        ; GND+                                     ;        ;              ;         ; Row I/O    ;                 ; --       ; --           ;
; 23       ;            ; 1        ; VCCIO1                                   ; power  ;              ; 3.3V    ; --         ;                 ; --       ; --           ;
; 24       ; 25         ; 1        ; led[2]                                   ; output ; 3.3-V LVTTL  ;         ; Row I/O    ; Y               ; no       ; Off          ;
; 25       ; 26         ; 1        ; led[3]                                   ; output ; 3.3-V LVTTL  ;         ; Row I/O    ; Y               ; no       ; Off          ;
; 26       ; 27         ; 1        ; RESERVED_INPUT                           ;        ;              ;         ; Row I/O    ;                 ; no       ; Off          ;
; 27       ; 28         ; 1        ; RESERVED_INPUT                           ;        ;              ;         ; Row I/O    ;                 ; no       ; Off          ;
; 28       ; 32         ; 1        ; RESERVED_INPUT                           ;        ;              ;         ; Row I/O    ;                 ; --       ; --           ;
; 29       ;            ; 1        ; VCCIO1                                   ; power  ;              ; 3.3V    ; --         ;                 ; --       ; --           ;
; 30       ; 40         ; 1        ; RESERVED_INPUT                           ;        ;              ;         ; Row I/O    ;                 ; no       ; Off          ;
; 31       ; 41         ; 1        ; RESERVED_INPUT                           ;        ;              ;         ; Row I/O    ;                 ; no       ; Off          ;
; 32       ; 42         ; 1        ; RESERVED_INPUT                           ;        ;              ;         ; Row I/O    ;                 ; no       ; Off          ;
; 33       ;            ;          ; GND                                      ; gnd    ;              ;         ; --         ;                 ; --       ; --           ;
; 34       ;            ;          ; GND_PLL1                                 ; gnd    ;              ;         ; --         ;                 ; --       ; --           ;
; 35       ;            ;          ; VCCD_PLL1                                ; power  ;              ; 1.2V    ; --         ;                 ; --       ; --           ;
; 36       ;            ;          ; GND_PLL1                                 ; gnd    ;              ;         ; --         ;                 ; --       ; --           ;
; 37       ;            ;          ; VCCA_PLL1                                ; power  ;              ; 1.2V    ; --         ;                 ; --       ; --           ;
; 38       ;            ;          ; GNDA_PLL1                                ; gnd    ;              ;         ; --         ;                 ; --       ; --           ;
; 39       ;            ;          ; GND                                      ; gnd    ;              ;         ; --         ;                 ; --       ; --           ;
; 40       ; 43         ; 4        ; RESERVED_INPUT                           ;        ;              ;         ; Column I/O ;                 ; no       ; Off          ;
; 41       ; 44         ; 4        ; RESERVED_INPUT                           ;        ;              ;         ; Column I/O ;                 ; no       ; Off          ;
; 42       ; 45         ; 4        ; RESERVED_INPUT                           ;        ;              ;         ; Column I/O ;                 ; no       ; Off          ;
; 43       ; 46         ; 4        ; RESERVED_INPUT                           ;        ;              ;         ; Column I/O ;                 ; no       ; Off          ;
; 44       ; 47         ; 4        ; RESERVED_INPUT                           ;        ;              ;         ; Column I/O ;                 ; no       ; Off          ;
; 45       ; 48         ; 4        ; RESERVED_INPUT                           ;        ;              ;         ; Column I/O ;                 ; no       ; Off          ;
; 46       ;            ; 4        ; VCCIO4                                   ; power  ;              ; 3.3V    ; --         ;                 ; --       ; --           ;
; 47       ; 49         ; 4        ; RESERVED_INPUT                           ;        ;              ;         ; Column I/O ;                 ; no       ; Off          ;
; 48       ; 50         ; 4        ; RESERVED_INPUT                           ;        ;              ;         ; Column I/O ;                 ; no       ; Off          ;
; 49       ;            ;          ; GND                                      ; gnd    ;              ;         ; --         ;                 ; --       ; --           ;
; 50       ;            ;          ; VCCINT                                   ; power  ;              ; 1.2V    ; --         ;                 ; --       ; --           ;
; 51       ; 52         ; 4        ; RESERVED_INPUT                           ;        ;              ;         ; Column I/O ;                 ; --       ; --           ;
; 52       ; 53         ; 4        ; RESERVED_INPUT                           ;        ;              ;         ; Column I/O ;                 ; no       ; Off          ;
; 53       ; 57         ; 4        ; RESERVED_INPUT                           ;        ;              ;         ; Column I/O ;                 ; no       ; Off          ;
; 54       ;            ; 4        ; VCCIO4                                   ; power  ;              ; 3.3V    ; --         ;                 ; --       ; --           ;
; 55       ; 58         ; 4        ; RESERVED_INPUT                           ;        ;              ;         ; Column I/O ;                 ; no       ; Off          ;
; 56       ;            ;          ; GND                                      ; gnd    ;              ;         ; --         ;                 ; --       ; --           ;
; 57       ; 59         ; 4        ; RESERVED_INPUT                           ;        ;              ;         ; Column I/O ;                 ; no       ; Off          ;
; 58       ; 60         ; 4        ; RESERVED_INPUT                           ;        ;              ;         ; Column I/O ;                 ; no       ; Off          ;
; 59       ; 63         ; 4        ; RESERVED_INPUT                           ;        ;              ;         ; Column I/O ;                 ; no       ; Off          ;
; 60       ; 64         ; 4        ; RESERVED_INPUT                           ;        ;              ;         ; Column I/O ;                 ; no       ; Off          ;
; 61       ;            ;          ; GND                                      ; gnd    ;              ;         ; --         ;                 ; --       ; --           ;
; 62       ;            ;          ; VCCINT                                   ; power  ;              ; 1.2V    ; --         ;                 ; --       ; --           ;
; 63       ; 72         ; 4        ; RESERVED_INPUT                           ;        ;              ;         ; Column I/O ;                 ; --       ; --           ;
; 64       ; 75         ; 4        ; RESERVED_INPUT                           ;        ;              ;         ; Column I/O ;                 ; no       ; Off          ;
; 65       ; 76         ; 4        ; RESERVED_INPUT                           ;        ;              ;         ; Column I/O ;                 ; no       ; Off          ;
; 66       ;            ; 4        ; VCCIO4                                   ; power  ;              ; 3.3V    ; --         ;                 ; --       ; --           ;
; 67       ; 79         ; 4        ; RESERVED_INPUT                           ;        ;              ;         ; Column I/O ;                 ; no       ; Off          ;
; 68       ;            ;          ; GND                                      ; gnd    ;              ;         ; --         ;                 ; --       ; --           ;
; 69       ; 80         ; 4        ; RESERVED_INPUT                           ;        ;              ;         ; Column I/O ;                 ; no       ; Off          ;
; 70       ; 81         ; 4        ; RESERVED_INPUT                           ;        ;              ;         ; Column I/O ;                 ; no       ; Off          ;
; 71       ; 82         ; 4        ; FLAGA                                    ; input  ; 3.3-V LVTTL  ;         ; Column I/O ; Y               ; no       ; Off          ;
; 72       ; 83         ; 4        ; SLOE                                     ; output ; 3.3-V LVTTL  ;         ; Column I/O ; Y               ; no       ; Off          ;
; 73       ; 84         ; 3        ; SLWR                                     ; output ; 3.3-V LVTTL  ;         ; Row I/O    ; Y               ; no       ; Off          ;
; 74       ; 85         ; 3        ; SLRD                                     ; output ; 3.3-V LVTTL  ;         ; Row I/O    ; Y               ; no       ; Off          ;
; 75       ; 86         ; 3        ; FIFOADR[0]                               ; output ; 3.3-V LVTTL  ;         ; Row I/O    ; Y               ; no       ; Off          ;
; 76       ; 87         ; 3        ; FIFOADR[1]                               ; output ; 3.3-V LVTTL  ;         ; Row I/O    ; Y               ; no       ; Off          ;
; 77       ;            ; 3        ; VCCIO3                                   ; power  ;              ; 3.3V    ; --         ;                 ; --       ; --           ;
; 78       ;            ;          ; GND                                      ; gnd    ;              ;         ; --         ;                 ; --       ; --           ;
; 79       ; 95         ; 3        ; FLAGB                                    ; input  ; 3.3-V LVTTL  ;         ; Row I/O    ; Y               ; no       ; Off          ;
; 80       ; 97         ; 3        ; FLAGC                                    ; input  ; 3.3-V LVTTL  ;         ; Row I/O    ; Y               ; no       ; Off          ;
; 81       ; 98         ; 3        ; FIFODATA[0]                              ; bidir  ; 3.3-V LVTTL  ;         ; Row I/O    ; Y               ; no       ; Off          ;
; 82       ; 99         ; 3        ; ^nSTATUS                                 ;        ;              ;         ; --         ;                 ; --       ; --           ;
; 83       ; 100        ; 3        ; ^CONF_DONE                               ;        ;              ;         ; --         ;                 ; --       ; --           ;
; 84       ; 101        ; 3        ; ^MSEL1                                   ;        ;              ;         ; --         ;                 ; --       ; --           ;
; 85       ; 102        ; 3        ; ^MSEL0                                   ;        ;              ;         ; --         ;                 ; --       ; --           ;
; 86       ; 103        ; 3        ; FIFODATA[1]                              ; bidir  ; 3.3-V LVTTL  ;         ; Row I/O    ; Y               ; no       ; Off          ;
; 87       ; 104        ; 3        ; FIFODATA[2]                              ; bidir  ; 3.3-V LVTTL  ;         ; Row I/O    ; Y               ; no       ; Off          ;
; 88       ; 105        ; 3        ; rst                                      ; input  ; 3.3-V LVTTL  ;         ; Row I/O    ; Y               ; no       ; Off          ;
; 89       ; 106        ; 3        ; GND+                                     ;        ;              ;         ; Row I/O    ;                 ; --       ; --           ;
; 90       ; 107        ; 3        ; GND+                                     ;        ;              ;         ; Row I/O    ;                 ; --       ; --           ;
; 91       ; 108        ; 3        ; GND+                                     ;        ;              ;         ; Row I/O    ;                 ; --       ; --           ;
; 92       ; 109        ; 3        ; FIFODATA[3]                              ; bidir  ; 3.3-V LVTTL  ;         ; Row I/O    ; Y               ; no       ; Off          ;
; 93       ; 110        ; 3        ; FIFODATA[4]                              ; bidir  ; 3.3-V LVTTL  ;         ; Row I/O    ; Y               ; no       ; Off          ;
; 94       ; 111        ; 3        ; FIFODATA[5]                              ; bidir  ; 3.3-V LVTTL  ;         ; Row I/O    ; Y               ; no       ; Off          ;
; 95       ;            ; 3        ; VCCIO3                                   ; power  ;              ; 3.3V    ; --         ;                 ; --       ; --           ;
; 96       ; 112        ; 3        ; FIFODATA[6]                              ; bidir  ; 3.3-V LVTTL  ;         ; Row I/O    ; Y               ; no       ; Off          ;
; 97       ; 113        ; 3        ; FIFODATA[7]                              ; bidir  ; 3.3-V LVTTL  ;         ; Row I/O    ; Y               ; no       ; Off          ;
; 98       ;            ;          ; GND                                      ; gnd    ;              ;         ; --         ;                 ; --       ; --           ;
; 99       ; 119        ; 3        ; FIFODATA[8]                              ; bidir  ; 3.3-V LVTTL  ;         ; Row I/O    ; Y               ; no       ; Off          ;
; 100      ; 120        ; 3        ; FIFODATA[9]                              ; bidir  ; 3.3-V LVTTL  ;         ; Row I/O    ; Y               ; no       ; Off          ;
; 101      ; 121        ; 3        ; FIFODATA[10]                             ; bidir  ; 3.3-V LVTTL  ;         ; Row I/O    ; Y               ; no       ; Off          ;
; 102      ;            ; 3        ; VCCIO3                                   ; power  ;              ; 3.3V    ; --         ;                 ; --       ; --           ;
; 103      ; 125        ; 3        ; FIFODATA[11]                             ; bidir  ; 3.3-V LVTTL  ;         ; Row I/O    ; Y               ; no       ; Off          ;
; 104      ; 126        ; 3        ; FIFODATA[12]                             ; bidir  ; 3.3-V LVTTL  ;         ; Row I/O    ; Y               ; no       ; Off          ;
; 105      ;            ;          ; GND                                      ; gnd    ;              ;         ; --         ;                 ; --       ; --           ;
; 106      ;            ;          ; GND_PLL2                                 ; gnd    ;              ;         ; --         ;                 ; --       ; --           ;
; 107      ;            ;          ; VCCD_PLL2                                ; power  ;              ; 1.2V    ; --         ;                 ; --       ; --           ;
; 108      ;            ;          ; GND_PLL2                                 ; gnd    ;              ;         ; --         ;                 ; --       ; --           ;
; 109      ;            ;          ; VCCA_PLL2                                ; power  ;              ; 1.2V    ; --         ;                 ; --       ; --           ;
; 110      ;            ;          ; GNDA_PLL2                                ; gnd    ;              ;         ; --         ;                 ; --       ; --           ;
; 111      ;            ;          ; GND                                      ; gnd    ;              ;         ; --         ;                 ; --       ; --           ;
; 112      ; 127        ; 2        ; FIFODATA[13]                             ; bidir  ; 3.3-V LVTTL  ;         ; Column I/O ; Y               ; no       ; Off          ;
; 113      ; 128        ; 2        ; FIFODATA[14]                             ; bidir  ; 3.3-V LVTTL  ;         ; Column I/O ; Y               ; no       ; Off          ;
; 114      ; 129        ; 2        ; FIFODATA[15]                             ; bidir  ; 3.3-V LVTTL  ;         ; Column I/O ; Y               ; no       ; Off          ;
; 115      ; 130        ; 2        ; RESERVED_INPUT                           ;        ;              ;         ; Column I/O ;                 ; no       ; Off          ;
; 116      ;            ; 2        ; VCCIO2                                   ; power  ;              ; 3.3V    ; --         ;                 ; --       ; --           ;
; 117      ;            ;          ; GND                                      ; gnd    ;              ;         ; --         ;                 ; --       ; --           ;
; 118      ; 134        ; 2        ; RESERVED_INPUT                           ;        ;              ;         ; Column I/O ;                 ; no       ; Off          ;
; 119      ; 135        ; 2        ; RESERVED_INPUT                           ;        ;              ;         ; Column I/O ;                 ; no       ; Off          ;
; 120      ; 137        ; 2        ; RESERVED_INPUT                           ;        ;              ;         ; Column I/O ;                 ; --       ; --           ;
; 121      ; 138        ; 2        ; RESERVED_INPUT                           ;        ;              ;         ; Column I/O ;                 ; no       ; Off          ;
; 122      ; 139        ; 2        ; RESERVED_INPUT                           ;        ;              ;         ; Column I/O ;                 ; no       ; Off          ;
; 123      ;            ;          ; GND                                      ; gnd    ;              ;         ; --         ;                 ; --       ; --           ;
; 124      ;            ;          ; VCCINT                                   ; power  ;              ; 1.2V    ; --         ;                 ; --       ; --           ;
; 125      ; 144        ; 2        ; RESERVED_INPUT                           ;        ;              ;         ; Column I/O ;                 ; no       ; Off          ;
; 126      ; 145        ; 2        ; RESERVED_INPUT                           ;        ;              ;         ; Column I/O ;                 ; no       ; Off          ;
; 127      ;            ; 2        ; VCCIO2                                   ; power  ;              ; 3.3V    ; --         ;                 ; --       ; --           ;
; 128      ;            ;          ; GND                                      ; gnd    ;              ;         ; --         ;                 ; --       ; --           ;
; 129      ; 148        ; 2        ; RESERVED_INPUT                           ;        ;              ;         ; Column I/O ;                 ; no       ; Off          ;
; 130      ;            ;          ; GND                                      ; gnd    ;              ;         ; --         ;                 ; --       ; --           ;
; 131      ;            ;          ; VCCINT                                   ; power  ;              ; 1.2V    ; --         ;                 ; --       ; --           ;
; 132      ; 153        ; 2        ; RESERVED_INPUT                           ;        ;              ;         ; Column I/O ;                 ; --       ; --           ;
; 133      ; 154        ; 2        ; RESERVED_INPUT                           ;        ;              ;         ; Column I/O ;                 ; no       ; Off          ;
; 134      ; 155        ; 2        ; RESERVED_INPUT                           ;        ;              ;         ; Column I/O ;                 ; no       ; Off          ;
; 135      ; 162        ; 2        ; RESERVED_INPUT                           ;        ;              ;         ; Column I/O ;                 ; no       ; Off          ;
; 136      ; 163        ; 2        ; RESERVED_INPUT                           ;        ;              ;         ; Column I/O ;                 ; no       ; Off          ;
; 137      ; 164        ; 2        ; RESERVED_INPUT                           ;        ;              ;         ; Column I/O ;                 ; no       ; Off          ;
; 138      ;            ; 2        ; VCCIO2                                   ; power  ;              ; 3.3V    ; --         ;                 ; --       ; --           ;
; 139      ; 165        ; 2        ; RESERVED_INPUT                           ;        ;              ;         ; Column I/O ;                 ; no       ; Off          ;
; 140      ;            ;          ; GND                                      ; gnd    ;              ;         ; --         ;                 ; --       ; --           ;
; 141      ; 166        ; 2        ; RESERVED_INPUT                           ;        ;              ;         ; Column I/O ;                 ; no       ; Off          ;
; 142      ; 167        ; 2        ; RESERVED_INPUT                           ;        ;              ;         ; Column I/O ;                 ; no       ; Off          ;
; 143      ; 168        ; 2        ; RESERVED_INPUT                           ;        ;              ;         ; Column I/O ;                 ; no       ; Off          ;
; 144      ; 169        ; 2        ; RESERVED_INPUT                           ;        ;              ;         ; Column I/O ;                 ; no       ; Off          ;
+----------+------------+----------+------------------------------------------+--------+--------------+---------+------------+-----------------+----------+--------------+
Note: Pin directions (input, output or bidir) are based on device operating in user mode.


+-------------------------------------------------------------------------------+
; Output Pin Default Load For Reported TCO                                      ;
+----------------------------------+-------+------------------------------------+
; I/O Standard                     ; Load  ; Termination Resistance             ;
+----------------------------------+-------+------------------------------------+
; 3.3-V LVTTL                      ; 0 pF  ; Not Available                      ;
; 3.3-V LVCMOS                     ; 0 pF  ; Not Available                      ;
; 2.5 V                            ; 0 pF  ; Not Available                      ;
; 1.8 V                            ; 0 pF  ; Not Available                      ;
; 1.5 V                            ; 0 pF  ; Not Available                      ;
; 3.3-V PCI                        ; 10 pF ; 25 Ohm (Parallel)                  ;
; 3.3-V PCI-X                      ; 10 pF ; 25 Ohm (Parallel)                  ;
; SSTL-2 Class I                   ; 0 pF  ; 50 Ohm (Parallel), 25 Ohm (Serial) ;
; SSTL-2 Class II                  ; 0 pF  ; 25 Ohm (Parallel), 25 Ohm (Serial) ;
; SSTL-18 Class I                  ; 0 pF  ; 50 Ohm (Parallel), 25 Ohm (Serial) ;
; SSTL-18 Class II                 ; 0 pF  ; 25 Ohm (Parallel), 25 Ohm (Serial) ;
; 1.5-V HSTL Class I               ; 0 pF  ; 50 Ohm (Parallel)                  ;
; 1.5-V HSTL Class II              ; 0 pF  ; 25 Ohm (Parallel)                  ;
; 1.8-V HSTL Class I               ; 0 pF  ; 50 Ohm (Parallel)                  ;
; 1.8-V HSTL Class II              ; 0 pF  ; 25 Ohm (Parallel)                  ;
; Differential SSTL-2              ; 0 pF  ; (See SSTL-2)                       ;
; Differential 2.5-V SSTL Class II ; 0 pF  ; (See SSTL-2 Class II)              ;
; Differential 1.8-V SSTL Class I  ; 0 pF  ; (See 1.8-V SSTL Class I)           ;
; Differential 1.8-V SSTL Class II ; 0 pF  ; (See 1.8-V SSTL Class II)          ;
; Differential 1.5-V HSTL Class I  ; 0 pF  ; (See 1.5-V HSTL Class I)           ;
; Differential 1.5-V HSTL Class II ; 0 pF  ; (See 1.5-V HSTL Class II)          ;
; Differential 1.8-V HSTL Class I  ; 0 pF  ; (See 1.8-V HSTL Class I)           ;
; Differential 1.8-V HSTL Class II ; 0 pF  ; (See 1.8-V HSTL Class II)          ;
; LVDS                             ; 0 pF  ; 100 Ohm (Differential)             ;
; mini-LVDS                        ; 0 pF  ; 100 Ohm (Differential)             ;
; RSDS                             ; 0 pF  ; 100 Ohm (Differential)             ;
; Simple RSDS                      ; 0 pF  ; Not Available                      ;
; Differential LVPECL              ; 0 pF  ; 100 Ohm (Differential)             ;
+----------------------------------+-------+------------------------------------+
Note: User assignments will override these defaults. The user specified values are listed in the Output Pins and Bidir Pins tables.


+-------------------------------------------------------------------------------------------------------------------------------------------------------------------------------------------------------------------------------------------------------------------------------------------------------------------------------------------------------------------+
; Fitter Resource Utilization by Entity                                                                                                                                                                                                                                                                                                                             ;
+-------------------------------------------+-------------+---------------------------+---------------+-------------+------+--------------+---------+-----------+------+--------------+--------------+-------------------+------------------+--------------------------------------------------------------------------------------------------------+--------------+
; Compilation Hierarchy Node                ; Logic Cells ; Dedicated Logic Registers ; I/O Registers ; Memory Bits ; M4Ks ; DSP Elements ; DSP 9x9 ; DSP 18x18 ; Pins ; Virtual Pins ; LUT-Only LCs ; Register-Only LCs ; LUT/Register LCs ; Full Hierarchy Name                                                                                    ; Library Name ;
+-------------------------------------------+-------------+---------------------------+---------------+-------------+------+--------------+---------+-----------+------+--------------+--------------+-------------------+------------------+--------------------------------------------------------------------------------------------------------+--------------+
; |ml_fx2_stream_bridge                     ; 3076 (214)  ; 775 (155)                 ; 0 (0)         ; 56912       ; 22   ; 5            ; 1       ; 2         ; 31   ; 0            ; 2301 (59)    ; 69 (46)           ; 706 (109)        ; |ml_fx2_stream_bridge                                                                                  ; work         ;
;    |altsyncram:frame_ram|                 ; 0 (0)       ; 0 (0)                     ; 0 (0)         ; 1024        ; 1    ; 0            ; 0       ; 0         ; 0    ; 0            ; 0 (0)        ; 0 (0)             ; 0 (0)            ; |ml_fx2_stream_bridge|altsyncram:frame_ram                                                             ; work         ;
;       |altsyncram_vm01:auto_generated|    ; 0 (0)       ; 0 (0)                     ; 0 (0)         ; 1024        ; 1    ; 0            ; 0       ; 0         ; 0    ; 0            ; 0 (0)        ; 0 (0)             ; 0 (0)            ; |ml_fx2_stream_bridge|altsyncram:frame_ram|altsyncram_vm01:auto_generated                              ; work         ;
;          |altsyncram_peg1:altsyncram1|    ; 0 (0)       ; 0 (0)                     ; 0 (0)         ; 1024        ; 1    ; 0            ; 0       ; 0         ; 0    ; 0            ; 0 (0)        ; 0 (0)             ; 0 (0)            ; |ml_fx2_stream_bridge|altsyncram:frame_ram|altsyncram_vm01:auto_generated|altsyncram_peg1:altsyncram1  ; work         ;
;    |ml_inference:core_i|                  ; 2862 (2817) ; 620 (619)                 ; 0 (0)         ; 55888       ; 21   ; 5            ; 1       ; 2         ; 0    ; 0            ; 2242 (2197)  ; 23 (23)           ; 597 (597)        ; |ml_fx2_stream_bridge|ml_inference:core_i                                                              ; work         ;
;       |altsyncram:b1_rom|                 ; 0 (0)       ; 0 (0)                     ; 0 (0)         ; 1024        ; 1    ; 0            ; 0       ; 0         ; 0    ; 0            ; 0 (0)        ; 0 (0)             ; 0 (0)            ; |ml_fx2_stream_bridge|ml_inference:core_i|altsyncram:b1_rom                                            ; work         ;
;          |altsyncram_mct:auto_generated|  ; 0 (0)       ; 0 (0)                     ; 0 (0)         ; 1024        ; 1    ; 0            ; 0       ; 0         ; 0    ; 0            ; 0 (0)        ; 0 (0)             ; 0 (0)            ; |ml_fx2_stream_bridge|ml_inference:core_i|altsyncram:b1_rom|altsyncram_mct:auto_generated              ; work         ;
;       |altsyncram:b2_rom|                 ; 0 (0)       ; 0 (0)                     ; 0 (0)         ; 320         ; 1    ; 0            ; 0       ; 0         ; 0    ; 0            ; 0 (0)        ; 0 (0)             ; 0 (0)            ; |ml_fx2_stream_bridge|ml_inference:core_i|altsyncram:b2_rom                                            ; work         ;
;          |altsyncram_hct:auto_generated|  ; 0 (0)       ; 0 (0)                     ; 0 (0)         ; 320         ; 1    ; 0            ; 0       ; 0         ; 0    ; 0            ; 0 (0)        ; 0 (0)             ; 0 (0)            ; |ml_fx2_stream_bridge|ml_inference:core_i|altsyncram:b2_rom|altsyncram_hct:auto_generated              ; work         ;
;       |altsyncram:hidden_rtl_0|           ; 0 (0)       ; 0 (0)                     ; 0 (0)         ; 1024        ; 1    ; 0            ; 0       ; 0         ; 0    ; 0            ; 0 (0)        ; 0 (0)             ; 0 (0)            ; |ml_fx2_stream_bridge|ml_inference:core_i|altsyncram:hidden_rtl_0                                      ; work         ;
;          |altsyncram_sng1:auto_generated| ; 0 (0)       ; 0 (0)                     ; 0 (0)         ; 1024        ; 1    ; 0            ; 0       ; 0         ; 0    ; 0            ; 0 (0)        ; 0 (0)             ; 0 (0)            ; |ml_fx2_stream_bridge|ml_inference:core_i|altsyncram:hidden_rtl_0|altsyncram_sng1:auto_generated       ; work         ;
;       |altsyncram:input_mem_rtl_0|        ; 0 (0)       ; 0 (0)                     ; 0 (0)         ; 784         ; 1    ; 0            ; 0       ; 0         ; 0    ; 0            ; 0 (0)        ; 0 (0)             ; 0 (0)            ; |ml_fx2_stream_bridge|ml_inference:core_i|altsyncram:input_mem_rtl_0                                   ; work         ;
;          |altsyncram_mog1:auto_generated| ; 0 (0)       ; 0 (0)                     ; 0 (0)         ; 784         ; 1    ; 0            ; 0       ; 0         ; 0    ; 0            ; 0 (0)        ; 0 (0)             ; 0 (0)            ; |ml_fx2_stream_bridge|ml_inference:core_i|altsyncram:input_mem_rtl_0|altsyncram_mog1:auto_generated    ; work         ;
;       |altsyncram:l1_rom|                 ; 9 (0)       ; 1 (0)                     ; 0 (0)         ; 50176       ; 16   ; 0            ; 0       ; 0         ; 0    ; 0            ; 8 (0)        ; 0 (0)             ; 1 (0)            ; |ml_fx2_stream_bridge|ml_inference:core_i|altsyncram:l1_rom                                            ; work         ;
;          |altsyncram_vqt:auto_generated|  ; 9 (1)       ; 1 (1)                     ; 0 (0)         ; 50176       ; 16   ; 0            ; 0       ; 0         ; 0    ; 0            ; 8 (0)        ; 0 (0)             ; 1 (1)            ; |ml_fx2_stream_bridge|ml_inference:core_i|altsyncram:l1_rom|altsyncram_vqt:auto_generated              ; work         ;
;             |mux_hib:mux2|                ; 8 (8)       ; 0 (0)                     ; 0 (0)         ; 0           ; 0    ; 0            ; 0       ; 0         ; 0    ; 0            ; 8 (8)        ; 0 (0)             ; 0 (0)            ; |ml_fx2_stream_bridge|ml_inference:core_i|altsyncram:l1_rom|altsyncram_vqt:auto_generated|mux_hib:mux2 ; work         ;
;       |altsyncram:l2_rom|                 ; 0 (0)       ; 0 (0)                     ; 0 (0)         ; 2560        ; 1    ; 0            ; 0       ; 0         ; 0    ; 0            ; 0 (0)        ; 0 (0)             ; 0 (0)            ; |ml_fx2_stream_bridge|ml_inference:core_i|altsyncram:l2_rom                                            ; work         ;
;          |altsyncram_pnt:auto_generated|  ; 0 (0)       ; 0 (0)                     ; 0 (0)         ; 2560        ; 1    ; 0            ; 0       ; 0         ; 0    ; 0            ; 0 (0)        ; 0 (0)             ; 0 (0)            ; |ml_fx2_stream_bridge|ml_inference:core_i|altsyncram:l2_rom|altsyncram_pnt:auto_generated              ; work         ;
;       |lpm_mult:Mult0|                    ; 0 (0)       ; 0 (0)                     ; 0 (0)         ; 0           ; 0    ; 1            ; 1       ; 0         ; 0    ; 0            ; 0 (0)        ; 0 (0)             ; 0 (0)            ; |ml_fx2_stream_bridge|ml_inference:core_i|lpm_mult:Mult0                                               ; work         ;
;          |mult_fus:auto_generated|        ; 0 (0)       ; 0 (0)                     ; 0 (0)         ; 0           ; 0    ; 1            ; 1       ; 0         ; 0    ; 0            ; 0 (0)        ; 0 (0)             ; 0 (0)            ; |ml_fx2_stream_bridge|ml_inference:core_i|lpm_mult:Mult0|mult_fus:auto_generated                       ; work         ;
;       |lpm_mult:Mult1|                    ; 37 (0)      ; 0 (0)                     ; 0 (0)         ; 0           ; 0    ; 4            ; 0       ; 2         ; 0    ; 0            ; 37 (0)       ; 0 (0)             ; 0 (0)            ; |ml_fx2_stream_bridge|ml_inference:core_i|lpm_mult:Mult1                                               ; work         ;
;          |mult_vvs:auto_generated|        ; 37 (37)     ; 0 (0)                     ; 0 (0)         ; 0           ; 0    ; 4            ; 0       ; 2         ; 0    ; 0            ; 37 (37)      ; 0 (0)             ; 0 (0)            ; |ml_fx2_stream_bridge|ml_inference:core_i|lpm_mult:Mult1|mult_vvs:auto_generated                       ; work         ;
+-------------------------------------------+-------------+---------------------------+---------------+-------------+------+--------------+---------+-----------+------+--------------+--------------+-------------------+------------------+--------------------------------------------------------------------------------------------------------+--------------+
Note: For table entries with two numbers listed, the numbers in parentheses indicate the number of resources of the given type used by the specific entity alone. The numbers listed outside of parentheses indicate the total resources of the given type used by the specific entity and all of its sub-entities in the hierarchy.


+---------------------------------------------------------------------------------------+
; Delay Chain Summary                                                                   ;
+--------------+----------+---------------+---------------+-----------------------+-----+
; Name         ; Pin Type ; Pad to Core 0 ; Pad to Core 1 ; Pad to Input Register ; TCO ;
+--------------+----------+---------------+---------------+-----------------------+-----+
; FIFODATA[0]  ; Bidir    ; (6) 2523 ps   ; (6) 2523 ps   ; --                    ; --  ;
; FIFODATA[1]  ; Bidir    ; (6) 2523 ps   ; (6) 2523 ps   ; --                    ; --  ;
; FIFODATA[2]  ; Bidir    ; (6) 2523 ps   ; (6) 2523 ps   ; --                    ; --  ;
; FIFODATA[3]  ; Bidir    ; (6) 2523 ps   ; (6) 2523 ps   ; --                    ; --  ;
; FIFODATA[4]  ; Bidir    ; (6) 2523 ps   ; (6) 2523 ps   ; --                    ; --  ;
; FIFODATA[5]  ; Bidir    ; (6) 2523 ps   ; (6) 2523 ps   ; --                    ; --  ;
; FIFODATA[6]  ; Bidir    ; (6) 2523 ps   ; (6) 2523 ps   ; --                    ; --  ;
; FIFODATA[7]  ; Bidir    ; (6) 2523 ps   ; (6) 2523 ps   ; --                    ; --  ;
; FIFODATA[8]  ; Bidir    ; (6) 2523 ps   ; (6) 2523 ps   ; --                    ; --  ;
; FIFODATA[9]  ; Bidir    ; (6) 2523 ps   ; (6) 2523 ps   ; --                    ; --  ;
; FIFODATA[10] ; Bidir    ; (6) 2523 ps   ; (6) 2523 ps   ; --                    ; --  ;
; FIFODATA[11] ; Bidir    ; (6) 2523 ps   ; (6) 2523 ps   ; --                    ; --  ;
; FIFODATA[12] ; Bidir    ; (6) 2523 ps   ; (6) 2523 ps   ; --                    ; --  ;
; FIFODATA[13] ; Bidir    ; (6) 2514 ps   ; (6) 2514 ps   ; --                    ; --  ;
; FIFODATA[14] ; Bidir    ; (6) 2514 ps   ; (6) 2514 ps   ; --                    ; --  ;
; FIFODATA[15] ; Bidir    ; (6) 2514 ps   ; (6) 2514 ps   ; --                    ; --  ;
; FLAGB        ; Input    ; (0) 171 ps    ; (0) 171 ps    ; --                    ; --  ;
; FLAGC        ; Input    ; (0) 171 ps    ; (0) 171 ps    ; --                    ; --  ;
; SLOE         ; Output   ; --            ; --            ; --                    ; --  ;
; SLRD         ; Output   ; --            ; --            ; --                    ; --  ;
; FIFOADR[0]   ; Output   ; --            ; --            ; --                    ; --  ;
; FIFOADR[1]   ; Output   ; --            ; --            ; --                    ; --  ;
; SLWR         ; Output   ; --            ; --            ; --                    ; --  ;
; led[0]       ; Output   ; --            ; --            ; --                    ; --  ;
; led[1]       ; Output   ; --            ; --            ; --                    ; --  ;
; led[2]       ; Output   ; --            ; --            ; --                    ; --  ;
; led[3]       ; Output   ; --            ; --            ; --                    ; --  ;
; buzz         ; Output   ; --            ; --            ; --                    ; --  ;
; clk          ; Input    ; (0) 171 ps    ; (0) 171 ps    ; --                    ; --  ;
; rst          ; Input    ; (0) 171 ps    ; (0) 171 ps    ; --                    ; --  ;
; FLAGA        ; Input    ; (6) 2514 ps   ; (6) 2514 ps   ; --                    ; --  ;
+--------------+----------+---------------+---------------+-----------------------+-----+


+--------------------------------------------------------+
; Pad To Core Delay Chain Fanout                         ;
+--------------------------+-------------------+---------+
; Source Pin / Fanout      ; Pad To Core Index ; Setting ;
+--------------------------+-------------------+---------+
; FIFODATA[0]              ;                   ;         ;
;      - header_seen~7     ; 0                 ; 6       ;
;      - rx_word[0]~feeder ; 0                 ; 6       ;
; FIFODATA[1]              ;                   ;         ;
;      - header_seen~5     ; 0                 ; 6       ;
;      - rx_word[1]        ; 0                 ; 6       ;
; FIFODATA[2]              ;                   ;         ;
;      - header_seen~5     ; 0                 ; 6       ;
;      - rx_word[2]~feeder ; 0                 ; 6       ;
; FIFODATA[3]              ;                   ;         ;
;      - header_seen~5     ; 1                 ; 6       ;
;      - rx_word[3]        ; 1                 ; 6       ;
; FIFODATA[4]              ;                   ;         ;
;      - header_seen~5     ; 1                 ; 6       ;
; FIFODATA[5]              ;                   ;         ;
;      - header_seen~4     ; 1                 ; 6       ;
; FIFODATA[6]              ;                   ;         ;
;      - header_seen~4     ; 1                 ; 6       ;
; FIFODATA[7]              ;                   ;         ;
;      - header_seen~4     ; 1                 ; 6       ;
; FIFODATA[8]              ;                   ;         ;
;      - header_seen~4     ; 0                 ; 6       ;
;      - rx_word[8]        ; 0                 ; 6       ;
; FIFODATA[9]              ;                   ;         ;
;      - header_seen~3     ; 0                 ; 6       ;
;      - rx_word[9]        ; 0                 ; 6       ;
; FIFODATA[10]             ;                   ;         ;
;      - header_seen~3     ; 0                 ; 6       ;
;      - rx_word[10]       ; 0                 ; 6       ;
; FIFODATA[11]             ;                   ;         ;
;      - header_seen~3     ; 1                 ; 6       ;
;      - rx_word[11]       ; 1                 ; 6       ;
; FIFODATA[12]             ;                   ;         ;
;      - header_seen~3     ; 0                 ; 6       ;
; FIFODATA[13]             ;                   ;         ;
;      - header_seen~2     ; 1                 ; 6       ;
; FIFODATA[14]             ;                   ;         ;
;      - header_seen~2     ; 0                 ; 6       ;
; FIFODATA[15]             ;                   ;         ;
;      - header_seen~2     ; 0                 ; 6       ;
; FLAGB                    ;                   ;         ;
; FLAGC                    ;                   ;         ;
; clk                      ;                   ;         ;
; rst                      ;                   ;         ;
; FLAGA                    ;                   ;         ;
;      - Selector8~0       ; 0                 ; 6       ;
;      - Selector8~1       ; 0                 ; 6       ;
;      - Selector8~4       ; 0                 ; 6       ;
;      - rx_wait[4]~17     ; 0                 ; 6       ;
;      - rx_wait[4]~18     ; 0                 ; 6       ;
+--------------------------+-------------------+---------+


+-----------------------------------------------------------------------------------------------------------------------------------------------------------------------------------+
; Control Signals                                                                                                                                                                   ;
+-----------------------------------------+-------------------+---------+----------------------------+--------+----------------------+------------------+---------------------------+
; Name                                    ; Location          ; Fan-Out ; Usage                      ; Global ; Global Resource Used ; Global Line Name ; Enable Signal Source Name ;
+-----------------------------------------+-------------------+---------+----------------------------+--------+----------------------+------------------+---------------------------+
; SLWR~reg0                               ; LCFF_X27_Y4_N9    ; 17      ; Output enable              ; no     ; --                   ; --               ; --                        ;
; Selector34~1                            ; LCCOMB_X26_Y3_N6  ; 7       ; Sync. clear                ; no     ; --                   ; --               ; --                        ;
; Selector44~0                            ; LCCOMB_X27_Y6_N6  ; 16      ; Clock enable               ; no     ; --                   ; --               ; --                        ;
; clk                                     ; PIN_17            ; 797     ; Clock                      ; yes    ; Global Clock         ; GCLK2            ; --                        ;
; feed_index[1]~12                        ; LCCOMB_X7_Y2_N10  ; 8       ; Clock enable               ; no     ; --                   ; --               ; --                        ;
; feed_index[1]~27                        ; LCCOMB_X7_Y2_N24  ; 8       ; Sync. clear                ; no     ; --                   ; --               ; --                        ;
; ml_inference:core_i|Add0~14             ; LCCOMB_X9_Y3_N30  ; 17      ; Clock enable               ; no     ; --                   ; --               ; --                        ;
; ml_inference:core_i|Decoder0~10         ; LCCOMB_X10_Y3_N18 ; 33      ; Clock enable               ; no     ; --                   ; --               ; --                        ;
; ml_inference:core_i|Decoder0~11         ; LCCOMB_X10_Y3_N4  ; 33      ; Clock enable               ; no     ; --                   ; --               ; --                        ;
; ml_inference:core_i|Decoder0~14         ; LCCOMB_X10_Y3_N2  ; 33      ; Clock enable               ; no     ; --                   ; --               ; --                        ;
; ml_inference:core_i|Decoder0~15         ; LCCOMB_X10_Y3_N28 ; 33      ; Clock enable               ; no     ; --                   ; --               ; --                        ;
; ml_inference:core_i|Decoder0~17         ; LCCOMB_X10_Y3_N0  ; 33      ; Clock enable               ; no     ; --                   ; --               ; --                        ;
; ml_inference:core_i|Decoder0~18         ; LCCOMB_X10_Y3_N10 ; 33      ; Clock enable               ; no     ; --                   ; --               ; --                        ;
; ml_inference:core_i|Decoder0~20         ; LCCOMB_X10_Y3_N20 ; 33      ; Clock enable               ; no     ; --                   ; --               ; --                        ;
; ml_inference:core_i|Decoder0~21         ; LCCOMB_X10_Y3_N22 ; 33      ; Clock enable               ; no     ; --                   ; --               ; --                        ;
; ml_inference:core_i|Decoder0~23         ; LCCOMB_X10_Y3_N26 ; 33      ; Clock enable               ; no     ; --                   ; --               ; --                        ;
; ml_inference:core_i|Decoder0~24         ; LCCOMB_X10_Y3_N12 ; 33      ; Clock enable               ; no     ; --                   ; --               ; --                        ;
; ml_inference:core_i|acc[9]~7            ; LCCOMB_X7_Y3_N4   ; 40      ; Clock enable               ; no     ; --                   ; --               ; --                        ;
; ml_inference:core_i|cycle_ctr[29]~66    ; LCCOMB_X8_Y3_N2   ; 32      ; Clock enable               ; no     ; --                   ; --               ; --                        ;
; ml_inference:core_i|hidden~50           ; LCCOMB_X7_Y3_N22  ; 2       ; Write enable               ; no     ; --                   ; --               ; --                        ;
; ml_inference:core_i|input_mem~9         ; LCCOMB_X7_Y2_N22  ; 2       ; Write enable               ; no     ; --                   ; --               ; --                        ;
; ml_inference:core_i|neuron[9]~4         ; LCCOMB_X8_Y3_N10  ; 27      ; Clock enable               ; no     ; --                   ; --               ; --                        ;
; ml_inference:core_i|output_n[17]~100    ; LCCOMB_X8_Y3_N22  ; 32      ; Clock enable               ; no     ; --                   ; --               ; --                        ;
; ml_inference:core_i|output_n[17]~36     ; LCCOMB_X10_Y10_N2 ; 32      ; Sync. clear                ; no     ; --                   ; --               ; --                        ;
; ml_inference:core_i|pixel_idx[27]~13    ; LCCOMB_X6_Y3_N28  ; 24      ; Clock enable               ; no     ; --                   ; --               ; --                        ;
; ml_inference:core_i|result_cycles[16]~0 ; LCCOMB_X8_Y3_N16  ; 33      ; Clock enable               ; no     ; --                   ; --               ; --                        ;
; ml_inference:core_i|result_margin[14]~0 ; LCCOMB_X6_Y1_N6   ; 35      ; Clock enable               ; no     ; --                   ; --               ; --                        ;
; ml_inference:core_i|result_valid        ; LCFF_X6_Y1_N17    ; 66      ; Clock enable               ; no     ; --                   ; --               ; --                        ;
; ml_inference:core_i|state.O_MAC         ; LCFF_X8_Y3_N21    ; 65      ; Sync. load                 ; no     ; --                   ; --               ; --                        ;
; rst                                     ; PIN_88            ; 218     ; Sync. clear                ; no     ; --                   ; --               ; --                        ;
; rst                                     ; PIN_88            ; 147     ; Async. clear               ; yes    ; Global Clock         ; GCLK7            ; --                        ;
; rx_count[1]~11                          ; LCCOMB_X26_Y2_N16 ; 7       ; Clock enable               ; no     ; --                   ; --               ; --                        ;
; rx_state.RX_STORE_HIGH                  ; LCFF_X27_Y5_N17   ; 15      ; Sync. clear                ; no     ; --                   ; --               ; --                        ;
; rx_state~17                             ; LCCOMB_X27_Y5_N16 ; 3       ; Clock enable, Write enable ; no     ; --                   ; --               ; --                        ;
; rx_wait[4]~16                           ; LCCOMB_X27_Y1_N14 ; 6       ; Sync. clear                ; no     ; --                   ; --               ; --                        ;
; rx_wait[4]~25                           ; LCCOMB_X27_Y1_N30 ; 6       ; Clock enable               ; no     ; --                   ; --               ; --                        ;
; rx_word[8]~1                            ; LCCOMB_X27_Y1_N20 ; 8       ; Clock enable               ; no     ; --                   ; --               ; --                        ;
; tx_index[2]                             ; LCFF_X26_Y3_N29   ; 24      ; Sync. load                 ; no     ; --                   ; --               ; --                        ;
; tx_index[2]~0                           ; LCCOMB_X27_Y3_N28 ; 18      ; Clock enable               ; no     ; --                   ; --               ; --                        ;
; tx_wait[2]~0                            ; LCCOMB_X27_Y4_N28 ; 3       ; Clock enable               ; no     ; --                   ; --               ; --                        ;
+-----------------------------------------+-------------------+---------+----------------------------+--------+----------------------+------------------+---------------------------+


+-------------------------------------------------------------------------------------------------+
; Global & Other Fast Signals                                                                     ;
+------+----------+---------+----------------------+------------------+---------------------------+
; Name ; Location ; Fan-Out ; Global Resource Used ; Global Line Name ; Enable Signal Source Name ;
+------+----------+---------+----------------------+------------------+---------------------------+
; clk  ; PIN_17   ; 797     ; Global Clock         ; GCLK2            ; --                        ;
; rst  ; PIN_88   ; 147     ; Global Clock         ; GCLK7            ; --                        ;
+------+----------+---------+----------------------+------------------+---------------------------+


+------------------------------------------------------------------------------------------------+
; Non-Global High Fan-Out Signals                                                                ;
+--------------------------------------------------------------------------------------+---------+
; Name                                                                                 ; Fan-Out ;
+--------------------------------------------------------------------------------------+---------+
; rst                                                                                  ; 217     ;
; ml_inference:core_i|LessThan3~57                                                     ; 161     ;
; ml_inference:core_i|LessThan4~82                                                     ; 129     ;
; ml_inference:core_i|LessThan16~64                                                    ; 121     ;
; ml_inference:core_i|LessThan6~70                                                     ; 100     ;
; ml_inference:core_i|LessThan14~55                                                    ; 97      ;
; ml_inference:core_i|LessThan10~53                                                    ; 91      ;
; ml_inference:core_i|LessThan18~58                                                    ; 85      ;
; ml_inference:core_i|result_valid                                                     ; 66      ;
; ml_inference:core_i|state.O_MAC                                                      ; 65      ;
; ml_inference:core_i|LessThan17~60                                                    ; 63      ;
; ml_inference:core_i|lpm_mult:Mult0|mult_fus:auto_generated|mac_out2~DATAOUT12        ; 53      ;
; ml_inference:core_i|scan_second~447                                                  ; 52      ;
; ml_inference:core_i|LessThan12~63                                                    ; 52      ;
; ml_inference:core_i|scan_second~623                                                  ; 51      ;
; ml_inference:core_i|Equal1~10                                                        ; 51      ;
; ml_inference:core_i|LessThan8~68                                                     ; 51      ;
; ml_inference:core_i|scan_second~629                                                  ; 50      ;
; ml_inference:core_i|scan_second~181                                                  ; 50      ;
; ml_inference:core_i|scan_second~624                                                  ; 48      ;
; ml_inference:core_i|LessThan12~62                                                    ; 43      ;
; ml_inference:core_i|LessThan12~58                                                    ; 43      ;
; ml_inference:core_i|LessThan8~67                                                     ; 42      ;
; ml_inference:core_i|LessThan8~63                                                     ; 42      ;
; ml_inference:core_i|state.FINISH                                                     ; 41      ;
; ml_inference:core_i|acc[9]~7                                                         ; 40      ;
; ml_inference:core_i|state.H_MAC                                                      ; 37      ;
; ml_inference:core_i|Equal3~10                                                        ; 37      ;
; ml_inference:core_i|LessThan11~64                                                    ; 35      ;
; ml_inference:core_i|LessThan13~59                                                    ; 35      ;
; ml_inference:core_i|LessThan9~64                                                     ; 35      ;
; ml_inference:core_i|result_margin[14]~0                                              ; 35      ;
; ml_inference:core_i|LessThan4~80                                                     ; 35      ;
; ml_inference:core_i|LessThan4~75                                                     ; 34      ;
; ml_inference:core_i|LessThan7~76                                                     ; 33      ;
; ml_inference:core_i|result_cycles[16]~0                                              ; 33      ;
; ml_inference:core_i|Decoder0~24                                                      ; 33      ;
; ml_inference:core_i|Decoder0~23                                                      ; 33      ;
; ml_inference:core_i|Decoder0~21                                                      ; 33      ;
; ml_inference:core_i|Decoder0~20                                                      ; 33      ;
; ml_inference:core_i|Decoder0~18                                                      ; 33      ;
; ml_inference:core_i|Decoder0~17                                                      ; 33      ;
; ml_inference:core_i|Decoder0~15                                                      ; 33      ;
; ml_inference:core_i|Decoder0~14                                                      ; 33      ;
; ml_inference:core_i|Decoder0~11                                                      ; 33      ;
; ml_inference:core_i|Decoder0~10                                                      ; 33      ;
; ml_inference:core_i|output_n[17]~100                                                 ; 32      ;
; ml_inference:core_i|cycle_ctr[29]~66                                                 ; 32      ;
; ml_inference:core_i|hidden~16                                                        ; 32      ;
; ml_inference:core_i|output_n[17]~36                                                  ; 32      ;
; ml_inference:core_i|LessThan5~77                                                     ; 30      ;
; ml_inference:core_i|scan_second~445                                                  ; 29      ;
; ml_inference:core_i|neuron~0                                                         ; 28      ;
; ml_inference:core_i|neuron[9]~4                                                      ; 27      ;
; ml_inference:core_i|neuron[4]                                                        ; 26      ;
; ml_inference:core_i|neuron[3]                                                        ; 26      ;
; ml_inference:core_i|neuron[2]                                                        ; 26      ;
; ml_inference:core_i|neuron[1]                                                        ; 26      ;
; ml_inference:core_i|neuron[0]                                                        ; 26      ;
; ml_inference:core_i|scan_second~513                                                  ; 25      ;
; tx_state.TX_NEXT                                                                     ; 25      ;
; ml_inference:core_i|pixel_idx[27]~13                                                 ; 24      ;
; tx_index[2]                                                                          ; 24      ;
; tx_index[0]                                                                          ; 23      ;
; ml_inference:core_i|Equal1~8                                                         ; 22      ;
; tx_state.TX_WRITE                                                                    ; 22      ;
; ml_inference:core_i|LessThan19~67                                                    ; 20      ;
; tx_state.TX_SETUP                                                                    ; 20      ;
; ml_inference:core_i|Add4~64                                                          ; 20      ;
; ml_inference:core_i|Equal1~9                                                         ; 19      ;
; ml_inference:core_i|scan_second~573                                                  ; 18      ;
; ml_inference:core_i|scan_second~571                                                  ; 18      ;
; tx_index[2]~0                                                                        ; 18      ;
; tx_index[1]                                                                          ; 18      ;
; ml_inference:core_i|Add11~66                                                         ; 18      ;
; ml_inference:core_i|next_acc~5                                                       ; 17      ;
; ml_inference:core_i|pixel_idx~3                                                      ; 17      ;
; SLWR~reg0                                                                            ; 17      ;
; ml_inference:core_i|Add0~14                                                          ; 17      ;
; ml_inference:core_i|Add5~78                                                          ; 17      ;
; ml_inference:core_i|output_n[0]                                                      ; 17      ;
; ml_inference:core_i|Selector236~1                                                    ; 16      ;
; ml_inference:core_i|LessThan23~0                                                     ; 16      ;
; ml_inference:core_i|Selector237~0                                                    ; 16      ;
; Selector44~0                                                                         ; 16      ;
; LessThan0~1                                                                          ; 16      ;
; ml_inference:core_i|Add0~12                                                          ; 16      ;
; ml_inference:core_i|Add0~10                                                          ; 16      ;
; ml_inference:core_i|Add0~8                                                           ; 16      ;
; ml_inference:core_i|Add0~6                                                           ; 16      ;
; ml_inference:core_i|Add0~4                                                           ; 16      ;
; ml_inference:core_i|Add0~2                                                           ; 16      ;
; ml_inference:core_i|Add0~0                                                           ; 16      ;
; rx_state.RX_STORE_HIGH                                                               ; 15      ;
; Equal8~0                                                                             ; 13      ;
; ml_inference:core_i|scan_best~258                                                    ; 11      ;
; ml_inference:core_i|Add8~98                                                          ; 11      ;
; ml_inference:core_i|Add8~97                                                          ; 11      ;
; ml_inference:core_i|Add8~96                                                          ; 11      ;
; ml_inference:core_i|Add8~95                                                          ; 11      ;
; ml_inference:core_i|Add8~94                                                          ; 11      ;
; ml_inference:core_i|Add8~93                                                          ; 11      ;
; ml_inference:core_i|Add8~92                                                          ; 11      ;
; ml_inference:core_i|Add8~91                                                          ; 11      ;
; ml_inference:core_i|Add8~90                                                          ; 11      ;
; ml_inference:core_i|Add8~89                                                          ; 11      ;
; ml_inference:core_i|Add8~88                                                          ; 11      ;
; ml_inference:core_i|Add8~87                                                          ; 11      ;
; ml_inference:core_i|Add8~86                                                          ; 11      ;
; ml_inference:core_i|Add8~85                                                          ; 11      ;
; ml_inference:core_i|Add8~84                                                          ; 11      ;
; ml_inference:core_i|Add8~83                                                          ; 11      ;
; ml_inference:core_i|Add8~82                                                          ; 11      ;
; ml_inference:core_i|Add8~81                                                          ; 11      ;
; ml_inference:core_i|Add8~80                                                          ; 11      ;
; ml_inference:core_i|Add8~79                                                          ; 11      ;
; ml_inference:core_i|Add8~78                                                          ; 11      ;
; ml_inference:core_i|Add8~77                                                          ; 11      ;
; ml_inference:core_i|Add8~76                                                          ; 11      ;
; ml_inference:core_i|Add8~75                                                          ; 11      ;
; ml_inference:core_i|Add8~74                                                          ; 11      ;
; ml_inference:core_i|Add8~73                                                          ; 11      ;
; ml_inference:core_i|Add8~72                                                          ; 11      ;
; ml_inference:core_i|Add8~71                                                          ; 11      ;
; ml_inference:core_i|Add8~70                                                          ; 11      ;
; ml_inference:core_i|Add8~69                                                          ; 11      ;
; ml_inference:core_i|Add8~68                                                          ; 11      ;
; ml_inference:core_i|Add8~67                                                          ; 11      ;
; ml_inference:core_i|Add8~64                                                          ; 11      ;
; ml_inference:core_i|Decoder0~9                                                       ; 10      ;
; ml_inference:core_i|scores[4][25]                                                    ; 10      ;
; result_pending                                                                       ; 10      ;
; tx_state.TX_IDLE                                                                     ; 10      ;
; ml_inference:core_i|scores[4][18]                                                    ; 9       ;
; ml_inference:core_i|scores[3][7]                                                     ; 9       ;
; ml_inference:core_i|scores[0][12]                                                    ; 9       ;
; ml_inference:core_i|scores[1][12]                                                    ; 9       ;
; ml_inference:core_i|scores[0][11]                                                    ; 9       ;
; ml_inference:core_i|scores[1][11]                                                    ; 9       ;
; ml_inference:core_i|scores[0][16]                                                    ; 9       ;
; ml_inference:core_i|scores[1][16]                                                    ; 9       ;
; ml_inference:core_i|scores[0][19]                                                    ; 9       ;
; ml_inference:core_i|scores[1][19]                                                    ; 9       ;
; ml_inference:core_i|scores[0][18]                                                    ; 9       ;
; ml_inference:core_i|scores[1][18]                                                    ; 9       ;
; ml_inference:core_i|scores[0][25]                                                    ; 9       ;
; ml_inference:core_i|scores[1][25]                                                    ; 9       ;
; ml_inference:core_i|scores[0][30]                                                    ; 9       ;
; ml_inference:core_i|scores[1][30]                                                    ; 9       ;
; rx_state.RX_STORE_LOW                                                                ; 9       ;
; feed_index[1]~27                                                                     ; 8       ;
; rx_word[8]~1                                                                         ; 8       ;
; ml_inference:core_i|LessThan21~7                                                     ; 8       ;
; ml_inference:core_i|altsyncram:l1_rom|altsyncram_vqt:auto_generated|address_reg_a[0] ; 8       ;
; ml_inference:core_i|acc[0]~53                                                        ; 8       ;
; feed_index[1]~12                                                                     ; 8       ;
; ml_inference:core_i|Decoder0~12                                                      ; 8       ;
; ml_inference:core_i|scores[8][25]                                                    ; 8       ;
; ml_inference:core_i|scores[8][11]                                                    ; 8       ;
; ml_inference:core_i|scores[8][15]                                                    ; 8       ;
; ml_inference:core_i|scores[8][18]                                                    ; 8       ;
; ml_inference:core_i|scores[7][16]                                                    ; 8       ;
; ml_inference:core_i|scores[7][19]                                                    ; 8       ;
; ml_inference:core_i|scores[7][9]                                                     ; 8       ;
; ml_inference:core_i|scores[7][13]                                                    ; 8       ;
; ml_inference:core_i|scores[7][23]                                                    ; 8       ;
; ml_inference:core_i|scores[7][26]                                                    ; 8       ;
; ml_inference:core_i|scores[7][30]                                                    ; 8       ;
; ml_inference:core_i|scores[6][10]                                                    ; 8       ;
; ml_inference:core_i|scores[6][11]                                                    ; 8       ;
; ml_inference:core_i|scores[6][18]                                                    ; 8       ;
; ml_inference:core_i|scores[6][25]                                                    ; 8       ;
; ml_inference:core_i|LessThan10~49                                                    ; 8       ;
; ml_inference:core_i|scores[5][9]                                                     ; 8       ;
; ml_inference:core_i|scores[5][12]                                                    ; 8       ;
; ml_inference:core_i|scores[5][16]                                                    ; 8       ;
; ml_inference:core_i|scores[5][19]                                                    ; 8       ;
; ml_inference:core_i|scores[5][23]                                                    ; 8       ;
; ml_inference:core_i|scores[5][26]                                                    ; 8       ;
; ml_inference:core_i|scores[5][30]                                                    ; 8       ;
; ml_inference:core_i|scores[4][15]                                                    ; 8       ;
; ml_inference:core_i|scores[4][22]                                                    ; 8       ;
; ml_inference:core_i|scores[4][27]                                                    ; 8       ;
; ml_inference:core_i|scores[4][29]                                                    ; 8       ;
; ml_inference:core_i|scores[3][5]                                                     ; 8       ;
; ml_inference:core_i|scores[3][9]                                                     ; 8       ;
; ml_inference:core_i|scores[3][17]                                                    ; 8       ;
; ml_inference:core_i|scores[3][16]                                                    ; 8       ;
; ml_inference:core_i|scores[3][23]                                                    ; 8       ;
; ml_inference:core_i|scores[3][26]                                                    ; 8       ;
; ml_inference:core_i|scores[3][30]                                                    ; 8       ;
; ml_inference:core_i|scores[2][4]                                                     ; 8       ;
; ml_inference:core_i|scores[2][10]                                                    ; 8       ;
; ml_inference:core_i|scores[2][11]                                                    ; 8       ;
; ml_inference:core_i|scores[2][15]                                                    ; 8       ;
; ml_inference:core_i|scores[2][17]                                                    ; 8       ;
; ml_inference:core_i|scores[2][22]                                                    ; 8       ;
; ml_inference:core_i|scores[2][29]                                                    ; 8       ;
; ml_inference:core_i|scores[0][9]                                                     ; 8       ;
; ml_inference:core_i|scores[1][9]                                                     ; 8       ;
; ml_inference:core_i|scores[0][14]                                                    ; 8       ;
; ml_inference:core_i|scores[1][14]                                                    ; 8       ;
; ml_inference:core_i|scores[0][15]                                                    ; 8       ;
; ml_inference:core_i|scores[1][15]                                                    ; 8       ;
; ml_inference:core_i|scores[0][21]                                                    ; 8       ;
; ml_inference:core_i|scores[1][21]                                                    ; 8       ;
; ml_inference:core_i|scores[0][20]                                                    ; 8       ;
; ml_inference:core_i|scores[1][20]                                                    ; 8       ;
; ml_inference:core_i|scores[0][23]                                                    ; 8       ;
; ml_inference:core_i|scores[1][23]                                                    ; 8       ;
; ml_inference:core_i|scores[0][26]                                                    ; 8       ;
; ml_inference:core_i|scores[1][26]                                                    ; 8       ;
; ml_inference:core_i|scores[0][28]                                                    ; 8       ;
; ml_inference:core_i|scores[1][28]                                                    ; 8       ;
; ml_inference:core_i|scores[0][32]                                                    ; 8       ;
; ml_inference:core_i|scores[1][32]                                                    ; 8       ;
; tx_word_reg[6]~4                                                                     ; 8       ;
; rx_state.RX_CAPTURE                                                                  ; 8       ;
; ml_inference:core_i|output_n[2]                                                      ; 8       ;
; ml_inference:core_i|output_n[1]                                                      ; 8       ;
; Selector34~1                                                                         ; 7       ;
; rx_count[1]~11                                                                       ; 7       ;
; ml_inference:core_i|Equal4~1                                                         ; 7       ;
; ml_inference:core_i|scores[9][10]                                                    ; 7       ;
; ml_inference:core_i|scores[8][22]                                                    ; 7       ;
; ml_inference:core_i|scores[8][4]                                                     ; 7       ;
; ml_inference:core_i|scores[8][10]                                                    ; 7       ;
; ml_inference:core_i|scan_best~193                                                    ; 7       ;
; ml_inference:core_i|scores[8][29]                                                    ; 7       ;
; ml_inference:core_i|scores[7][21]                                                    ; 7       ;
; ml_inference:core_i|scores[7][5]                                                     ; 7       ;
; ml_inference:core_i|scores[7][12]                                                    ; 7       ;
; ml_inference:core_i|scores[7][14]                                                    ; 7       ;
; ml_inference:core_i|scores[7][28]                                                    ; 7       ;
; ml_inference:core_i|scan_best~161                                                    ; 7       ;
; ml_inference:core_i|scores[6][12]                                                    ; 7       ;
; ml_inference:core_i|scores[6][15]                                                    ; 7       ;
; ml_inference:core_i|scores[6][22]                                                    ; 7       ;
; ml_inference:core_i|scores[6][29]                                                    ; 7       ;
; ml_inference:core_i|scores[5][14]                                                    ; 7       ;
; ml_inference:core_i|scores[5][21]                                                    ; 7       ;
; ml_inference:core_i|scores[5][25]                                                    ; 7       ;
; ml_inference:core_i|scores[5][28]                                                    ; 7       ;
; ml_inference:core_i|scan_best~95                                                     ; 7       ;
; ml_inference:core_i|scores[4][4]                                                     ; 7       ;
; ml_inference:core_i|scores[4][7]                                                     ; 7       ;
; ml_inference:core_i|scores[4][11]                                                    ; 7       ;
; ml_inference:core_i|scores[4][14]                                                    ; 7       ;
; ml_inference:core_i|scores[4][21]                                                    ; 7       ;
; ml_inference:core_i|scan_best~63                                                     ; 7       ;
; ml_inference:core_i|scores[3][14]                                                    ; 7       ;
; ml_inference:core_i|scores[3][13]                                                    ; 7       ;
; ml_inference:core_i|scores[3][12]                                                    ; 7       ;
; ml_inference:core_i|scores[3][15]                                                    ; 7       ;
; ml_inference:core_i|scores[3][19]                                                    ; 7       ;
; ml_inference:core_i|scores[3][18]                                                    ; 7       ;
; ml_inference:core_i|scores[3][22]                                                    ; 7       ;
; ml_inference:core_i|scores[3][28]                                                    ; 7       ;
; ml_inference:core_i|scan_best~18                                                     ; 7       ;
; ml_inference:core_i|scan_best~15                                                     ; 7       ;
; ml_inference:core_i|scores[2][7]                                                     ; 7       ;
; ml_inference:core_i|scores[2][6]                                                     ; 7       ;
; ml_inference:core_i|scores[2][9]                                                     ; 7       ;
; ml_inference:core_i|scores[2][14]                                                    ; 7       ;
; ml_inference:core_i|scores[2][13]                                                    ; 7       ;
; ml_inference:core_i|scores[2][12]                                                    ; 7       ;
; ml_inference:core_i|scores[2][16]                                                    ; 7       ;
; ml_inference:core_i|scores[2][21]                                                    ; 7       ;
; ml_inference:core_i|scores[2][20]                                                    ; 7       ;
; ml_inference:core_i|scores[2][19]                                                    ; 7       ;
; ml_inference:core_i|scores[2][18]                                                    ; 7       ;
; ml_inference:core_i|scores[2][28]                                                    ; 7       ;
; ml_inference:core_i|scores[2][27]                                                    ; 7       ;
; ml_inference:core_i|scores[2][25]                                                    ; 7       ;
; ml_inference:core_i|scores[0][4]                                                     ; 7       ;
; ml_inference:core_i|scores[1][4]                                                     ; 7       ;
; ml_inference:core_i|scores[0][5]                                                     ; 7       ;
; ml_inference:core_i|scores[1][5]                                                     ; 7       ;
; ml_inference:core_i|scores[0][22]                                                    ; 7       ;
; ml_inference:core_i|scores[1][22]                                                    ; 7       ;
; ml_inference:core_i|scores[0][27]                                                    ; 7       ;
; ml_inference:core_i|scores[1][27]                                                    ; 7       ;
; ml_inference:core_i|scores[3][32]                                                    ; 7       ;
; ml_inference:core_i|scores[5][32]                                                    ; 7       ;
; ml_inference:core_i|scores[7][32]                                                    ; 7       ;
; frame_ready                                                                          ; 7       ;
; rx_wait[4]~25                                                                        ; 6       ;
; tx_word_reg[6]~5                                                                     ; 6       ;
; ml_inference:core_i|neuron~31                                                        ; 6       ;
; ml_inference:core_i|pixel_idx[7]                                                     ; 6       ;
; ml_inference:core_i|pixel_idx[6]                                                     ; 6       ;
; ml_inference:core_i|pixel_idx[1]                                                     ; 6       ;
; ml_inference:core_i|pixel_idx[0]                                                     ; 6       ;
; rx_wait[4]~16                                                                        ; 6       ;
; step_acc[0]                                                                          ; 6       ;
; ml_inference:core_i|scores[9][9]                                                     ; 6       ;
; ml_inference:core_i|scores[9][11]                                                    ; 6       ;
; ml_inference:core_i|scores[9][12]                                                    ; 6       ;
; ml_inference:core_i|scores[9][14]                                                    ; 6       ;
; ml_inference:core_i|scores[9][13]                                                    ; 6       ;
; ml_inference:core_i|scores[9][5]                                                     ; 6       ;
; ml_inference:core_i|scores[9][6]                                                     ; 6       ;
; ml_inference:core_i|scores[9][7]                                                     ; 6       ;
; ml_inference:core_i|scores[9][15]                                                    ; 6       ;
; ml_inference:core_i|scores[9][16]                                                    ; 6       ;
; ml_inference:core_i|scores[9][17]                                                    ; 6       ;
; ml_inference:core_i|scores[9][18]                                                    ; 6       ;
; ml_inference:core_i|scores[9][19]                                                    ; 6       ;
; ml_inference:core_i|scores[9][21]                                                    ; 6       ;
; ml_inference:core_i|scores[9][20]                                                    ; 6       ;
; ml_inference:core_i|scores[9][22]                                                    ; 6       ;
; ml_inference:core_i|scores[9][23]                                                    ; 6       ;
; ml_inference:core_i|scores[9][24]                                                    ; 6       ;
; ml_inference:core_i|scores[9][25]                                                    ; 6       ;
; ml_inference:core_i|scores[9][26]                                                    ; 6       ;
; ml_inference:core_i|scores[9][28]                                                    ; 6       ;
; ml_inference:core_i|scores[9][27]                                                    ; 6       ;
; ml_inference:core_i|scores[9][29]                                                    ; 6       ;
; ml_inference:core_i|scores[9][30]                                                    ; 6       ;
; ml_inference:core_i|scan_best~221                                                    ; 6       ;
; ml_inference:core_i|scores[8][23]                                                    ; 6       ;
; ml_inference:core_i|scores[8][24]                                                    ; 6       ;
; ml_inference:core_i|scan_best~218                                                    ; 6       ;
; ml_inference:core_i|scores[8][28]                                                    ; 6       ;
; ml_inference:core_i|scores[8][26]                                                    ; 6       ;
; ml_inference:core_i|scores[8][27]                                                    ; 6       ;
; ml_inference:core_i|scores[8][5]                                                     ; 6       ;
; ml_inference:core_i|scores[8][7]                                                     ; 6       ;
; ml_inference:core_i|scores[8][9]                                                     ; 6       ;
; ml_inference:core_i|scan_best~201                                                    ; 6       ;
; ml_inference:core_i|scores[8][14]                                                    ; 6       ;
; ml_inference:core_i|scores[8][13]                                                    ; 6       ;
; ml_inference:core_i|scores[8][12]                                                    ; 6       ;
; ml_inference:core_i|scan_best~198                                                    ; 6       ;
; ml_inference:core_i|scores[8][16]                                                    ; 6       ;
; ml_inference:core_i|scores[8][17]                                                    ; 6       ;
; ml_inference:core_i|scan_best~196                                                    ; 6       ;
; ml_inference:core_i|scores[8][21]                                                    ; 6       ;
; ml_inference:core_i|scores[8][19]                                                    ; 6       ;
; ml_inference:core_i|scores[8][20]                                                    ; 6       ;
; ml_inference:core_i|scores[8][30]                                                    ; 6       ;
; ml_inference:core_i|scores[8][31]                                                    ; 6       ;
; ml_inference:core_i|scores[7][15]                                                    ; 6       ;
; ml_inference:core_i|scan_best~188                                                    ; 6       ;
; ml_inference:core_i|scores[7][17]                                                    ; 6       ;
; ml_inference:core_i|scores[7][18]                                                    ; 6       ;
; ml_inference:core_i|scan_best~185                                                    ; 6       ;
; ml_inference:core_i|scores[7][20]                                                    ; 6       ;
; ml_inference:core_i|scores[7][4]                                                     ; 6       ;
; ml_inference:core_i|scores[7][7]                                                     ; 6       ;
; ml_inference:core_i|scan_best~173                                                    ; 6       ;
; ml_inference:core_i|scores[7][11]                                                    ; 6       ;
; ml_inference:core_i|scores[7][10]                                                    ; 6       ;
; ml_inference:core_i|scan_best~170                                                    ; 6       ;
; ml_inference:core_i|scan_best~168                                                    ; 6       ;
; ml_inference:core_i|scores[7][24]                                                    ; 6       ;
; ml_inference:core_i|scores[7][25]                                                    ; 6       ;
; ml_inference:core_i|scan_best~165                                                    ; 6       ;
; ml_inference:core_i|scores[7][27]                                                    ; 6       ;
; ml_inference:core_i|scores[7][29]                                                    ; 6       ;
; ml_inference:core_i|scores[7][31]                                                    ; 6       ;
; ml_inference:core_i|scan_best~158                                                    ; 6       ;
; ml_inference:core_i|scores[6][4]                                                     ; 6       ;
; ml_inference:core_i|scores[6][7]                                                     ; 6       ;
; ml_inference:core_i|scores[6][5]                                                     ; 6       ;
; ml_inference:core_i|scores[6][8]                                                     ; 6       ;
; ml_inference:core_i|scores[6][9]                                                     ; 6       ;
; ml_inference:core_i|scan_best~145                                                    ; 6       ;
; ml_inference:core_i|scan_best~144                                                    ; 6       ;
; ml_inference:core_i|scores[6][14]                                                    ; 6       ;
; ml_inference:core_i|scores[6][13]                                                    ; 6       ;
; ml_inference:core_i|scores[6][16]                                                    ; 6       ;
; ml_inference:core_i|scores[6][17]                                                    ; 6       ;
; ml_inference:core_i|scan_best~138                                                    ; 6       ;
; ml_inference:core_i|scores[6][21]                                                    ; 6       ;
; ml_inference:core_i|scores[6][19]                                                    ; 6       ;
; ml_inference:core_i|scores[6][20]                                                    ; 6       ;
; ml_inference:core_i|scan_best~134                                                    ; 6       ;
; ml_inference:core_i|scores[6][23]                                                    ; 6       ;
; ml_inference:core_i|scores[6][24]                                                    ; 6       ;
; ml_inference:core_i|scan_best~131                                                    ; 6       ;
; ml_inference:core_i|scores[6][28]                                                    ; 6       ;
; ml_inference:core_i|scores[6][26]                                                    ; 6       ;
; ml_inference:core_i|scores[6][27]                                                    ; 6       ;
; ml_inference:core_i|scan_best~128                                                    ; 6       ;
; ml_inference:core_i|scores[6][30]                                                    ; 6       ;
; ml_inference:core_i|scores[6][31]                                                    ; 6       ;
; ml_inference:core_i|scan_best~123                                                    ; 6       ;
; ml_inference:core_i|scores[5][10]                                                    ; 6       ;
; ml_inference:core_i|scores[5][11]                                                    ; 6       ;
; ml_inference:core_i|scan_best~120                                                    ; 6       ;
; ml_inference:core_i|scores[5][13]                                                    ; 6       ;
; ml_inference:core_i|scores[5][5]                                                     ; 6       ;
; ml_inference:core_i|scores[5][7]                                                     ; 6       ;
; ml_inference:core_i|scan_best~108                                                    ; 6       ;
; ml_inference:core_i|scores[5][15]                                                    ; 6       ;
; ml_inference:core_i|scores[5][17]                                                    ; 6       ;
; ml_inference:core_i|scores[5][18]                                                    ; 6       ;
; ml_inference:core_i|scan_best~105                                                    ; 6       ;
; ml_inference:core_i|scores[5][20]                                                    ; 6       ;
; ml_inference:core_i|scan_best~102                                                    ; 6       ;
; ml_inference:core_i|scores[5][22]                                                    ; 6       ;
; ml_inference:core_i|scores[5][24]                                                    ; 6       ;
; ml_inference:core_i|scan_best~99                                                     ; 6       ;
; ml_inference:core_i|scores[5][27]                                                    ; 6       ;
; ml_inference:core_i|scores[5][31]                                                    ; 6       ;
; ml_inference:core_i|scan_best~92                                                     ; 6       ;
; ml_inference:core_i|scores[4][3]                                                     ; 6       ;
; ml_inference:core_i|scores[4][2]                                                     ; 6       ;
; ml_inference:core_i|scores[4][5]                                                     ; 6       ;
; ml_inference:core_i|scores[4][6]                                                     ; 6       ;
; ml_inference:core_i|scores[4][9]                                                     ; 6       ;
; ml_inference:core_i|scores[4][12]                                                    ; 6       ;
; ml_inference:core_i|scan_best~78                                                     ; 6       ;
; ml_inference:core_i|scores[4][13]                                                    ; 6       ;
; ml_inference:core_i|scores[4][16]                                                    ; 6       ;
; ml_inference:core_i|scores[4][17]                                                    ; 6       ;
; ml_inference:core_i|scores[4][19]                                                    ; 6       ;
; ml_inference:core_i|scan_best~70                                                     ; 6       ;
; ml_inference:core_i|scores[4][20]                                                    ; 6       ;
; ml_inference:core_i|scores[4][23]                                                    ; 6       ;
; ml_inference:core_i|scores[4][24]                                                    ; 6       ;
; ml_inference:core_i|scores[4][26]                                                    ; 6       ;
; ml_inference:core_i|scores[4][28]                                                    ; 6       ;
; ml_inference:core_i|scan_best~62                                                     ; 6       ;
; ml_inference:core_i|scores[4][30]                                                    ; 6       ;
; ml_inference:core_i|scores[4][31]                                                    ; 6       ;
; ml_inference:core_i|scores[3][3]                                                     ; 6       ;
; ml_inference:core_i|scores[3][4]                                                     ; 6       ;
; ml_inference:core_i|scan_best~40                                                     ; 6       ;
; ml_inference:core_i|scan_best~38                                                     ; 6       ;
; ml_inference:core_i|scores[3][10]                                                    ; 6       ;
; ml_inference:core_i|scores[3][11]                                                    ; 6       ;
; ml_inference:core_i|scan_best~32                                                     ; 6       ;
; ml_inference:core_i|scores[3][21]                                                    ; 6       ;
; ml_inference:core_i|scores[3][20]                                                    ; 6       ;
; ml_inference:core_i|scan_best~27                                                     ; 6       ;
; ml_inference:core_i|scores[3][24]                                                    ; 6       ;
; ml_inference:core_i|scores[3][25]                                                    ; 6       ;
; ml_inference:core_i|scores[3][27]                                                    ; 6       ;
; ml_inference:core_i|scan_best~20                                                     ; 6       ;
; ml_inference:core_i|scores[3][29]                                                    ; 6       ;
; ml_inference:core_i|scores[3][31]                                                    ; 6       ;
; ml_inference:core_i|scan_best~14                                                     ; 6       ;
; ml_inference:core_i|scores[2][2]                                                     ; 6       ;
; ml_inference:core_i|scores[2][3]                                                     ; 6       ;
; ml_inference:core_i|scores[2][5]                                                     ; 6       ;
; ml_inference:core_i|scores[2][8]                                                     ; 6       ;
; ml_inference:core_i|scan_best~8                                                      ; 6       ;
; ml_inference:core_i|scan_best~6                                                      ; 6       ;
; ml_inference:core_i|scores[2][23]                                                    ; 6       ;
; ml_inference:core_i|scores[2][24]                                                    ; 6       ;
; ml_inference:core_i|scores[2][26]                                                    ; 6       ;
; ml_inference:core_i|scan_best~2                                                      ; 6       ;
; ml_inference:core_i|scores[2][30]                                                    ; 6       ;
; ml_inference:core_i|scores[2][31]                                                    ; 6       ;
; ml_inference:core_i|scores[0][2]                                                     ; 6       ;
; ml_inference:core_i|scores[1][2]                                                     ; 6       ;
; ml_inference:core_i|scores[0][3]                                                     ; 6       ;
; ml_inference:core_i|scores[1][3]                                                     ; 6       ;
; ml_inference:core_i|scores[0][8]                                                     ; 6       ;
; ml_inference:core_i|scores[1][8]                                                     ; 6       ;
; ml_inference:core_i|scores[0][10]                                                    ; 6       ;
; ml_inference:core_i|scores[1][10]                                                    ; 6       ;
; ml_inference:core_i|scores[0][13]                                                    ; 6       ;
; ml_inference:core_i|scores[1][13]                                                    ; 6       ;
; ml_inference:core_i|scores[0][29]                                                    ; 6       ;
; ml_inference:core_i|scores[1][29]                                                    ; 6       ;
; ml_inference:core_i|scores[2][32]                                                    ; 6       ;
; ml_inference:core_i|scores[4][32]                                                    ; 6       ;
; ml_inference:core_i|scores[6][32]                                                    ; 6       ;
; ml_inference:core_i|scores[8][32]                                                    ; 6       ;
; ml_inference:core_i|scores[9][32]                                                    ; 6       ;
; ml_inference:core_i|scores[9][31]                                                    ; 6       ;
; tx_packet_count_0_                                                                   ; 6       ;
; ml_inference:core_i|output_n[3]                                                      ; 6       ;
; step_acc[4]                                                                          ; 6       ;
; FLAGA                                                                                ; 5       ;
; ml_inference:core_i|scan_second~197                                                  ; 5       ;
; ml_inference:core_i|scan_second~185                                                  ; 5       ;
; ml_inference:core_i|scan_second~183                                                  ; 5       ;
; ml_inference:core_i|neuron~33                                                        ; 5       ;
; ml_inference:core_i|state.IDLE                                                       ; 5       ;
; ml_inference:core_i|pixel_idx[5]                                                     ; 5       ;
; ml_inference:core_i|pixel_idx[4]                                                     ; 5       ;
; ml_inference:core_i|pixel_idx[3]                                                     ; 5       ;
; ml_inference:core_i|pixel_idx[2]                                                     ; 5       ;
; ml_inference:core_i|Equal5~0                                                         ; 5       ;
; ml_inference:core_i|neuron[5]                                                        ; 5       ;
; ml_inference:core_i|scores[9][8]                                                     ; 5       ;
; ml_inference:core_i|scores[9][2]                                                     ; 5       ;
; ml_inference:core_i|scores[9][4]                                                     ; 5       ;
; ml_inference:core_i|scores[8][2]                                                     ; 5       ;
; ml_inference:core_i|scores[8][3]                                                     ; 5       ;
; ml_inference:core_i|scan_best~207                                                    ; 5       ;
; ml_inference:core_i|scores[8][6]                                                     ; 5       ;
; ml_inference:core_i|scan_best~203                                                    ; 5       ;
; ml_inference:core_i|scan_best~191                                                    ; 5       ;
; ml_inference:core_i|scan_best~190                                                    ; 5       ;
; ml_inference:core_i|scan_best~182                                                    ; 5       ;
; ml_inference:core_i|scores[7][2]                                                     ; 5       ;
; ml_inference:core_i|scores[7][3]                                                     ; 5       ;
; ml_inference:core_i|scan_best~177                                                    ; 5       ;
; ml_inference:core_i|scores[7][8]                                                     ; 5       ;
; ml_inference:core_i|scan_best~169                                                    ; 5       ;
; ml_inference:core_i|scores[7][22]                                                    ; 5       ;
; ml_inference:core_i|scan_best~162                                                    ; 5       ;
; ml_inference:core_i|scan_best~159                                                    ; 5       ;
; ml_inference:core_i|scan_best~155                                                    ; 5       ;
; ml_inference:core_i|scores[6][2]                                                     ; 5       ;
; ml_inference:core_i|scores[6][3]                                                     ; 5       ;
; ml_inference:core_i|scan_best~150                                                    ; 5       ;
; ml_inference:core_i|scores[6][6]                                                     ; 5       ;
; ml_inference:core_i|scan_best~141                                                    ; 5       ;
; ml_inference:core_i|scan_best~126                                                    ; 5       ;
; ml_inference:core_i|LessThan10~52                                                    ; 5       ;
; ml_inference:core_i|LessThan10~51                                                    ; 5       ;
; ml_inference:core_i|scores[5][8]                                                     ; 5       ;
; ml_inference:core_i|scan_best~118                                                    ; 5       ;
; ml_inference:core_i|scores[5][2]                                                     ; 5       ;
; ml_inference:core_i|scores[5][4]                                                     ; 5       ;
; ml_inference:core_i|scores[5][3]                                                     ; 5       ;
; ml_inference:core_i|scores[5][6]                                                     ; 5       ;
; ml_inference:core_i|scan_best~103                                                    ; 5       ;
; ml_inference:core_i|scan_best~96                                                     ; 5       ;
; ml_inference:core_i|scores[5][29]                                                    ; 5       ;
; ml_inference:core_i|scan_best~93                                                     ; 5       ;
; ml_inference:core_i|scan_best~91                                                     ; 5       ;
; ml_inference:core_i|scan_best~86                                                     ; 5       ;
; ml_inference:core_i|scan_best~83                                                     ; 5       ;
; ml_inference:core_i|scores[4][8]                                                     ; 5       ;
; ml_inference:core_i|scores[4][10]                                                    ; 5       ;
; ml_inference:core_i|scan_best~75                                                     ; 5       ;
; ml_inference:core_i|scan_best~74                                                     ; 5       ;
; ml_inference:core_i|scan_best~68                                                     ; 5       ;
; ml_inference:core_i|scan_best~60                                                     ; 5       ;
; ml_inference:core_i|scan_best~54                                                     ; 5       ;
; ml_inference:core_i|scan_best~51                                                     ; 5       ;
; ml_inference:core_i|scores[3][2]                                                     ; 5       ;
; ml_inference:core_i|scores[3][6]                                                     ; 5       ;
; ml_inference:core_i|scan_best~36                                                     ; 5       ;
; ml_inference:core_i|scores[3][8]                                                     ; 5       ;
; ml_inference:core_i|scan_best~34                                                     ; 5       ;
; ml_inference:core_i|scan_best~33                                                     ; 5       ;
; ml_inference:core_i|scan_best~30                                                     ; 5       ;
; ml_inference:core_i|scan_best~29                                                     ; 5       ;
; ml_inference:core_i|scan_best~23                                                     ; 5       ;
; ml_inference:core_i|scan_best~16                                                     ; 5       ;
; ml_inference:core_i|scan_best~13                                                     ; 5       ;
; ml_inference:core_i|scan_best~12                                                     ; 5       ;
; ml_inference:core_i|scan_best~10                                                     ; 5       ;
; ml_inference:core_i|scan_best~5                                                      ; 5       ;
; ml_inference:core_i|scan_best~4                                                      ; 5       ;
; ml_inference:core_i|scores[0][0]                                                     ; 5       ;
; ml_inference:core_i|scores[1][0]                                                     ; 5       ;
; ml_inference:core_i|scores[0][6]                                                     ; 5       ;
; ml_inference:core_i|scores[1][6]                                                     ; 5       ;
; ml_inference:core_i|scores[0][7]                                                     ; 5       ;
; ml_inference:core_i|scores[1][7]                                                     ; 5       ;
; ml_inference:core_i|scores[0][17]                                                    ; 5       ;
; ml_inference:core_i|scores[1][17]                                                    ; 5       ;
; tx_wait[0]                                                                           ; 5       ;
; rx_state.RX_LOW                                                                      ; 5       ;
; ml_inference:core_i|state.H_NEXT                                                     ; 5       ;
; feed_index[5]                                                                        ; 5       ;
; feed_index[4]                                                                        ; 5       ;
; feed_index[7]                                                                        ; 5       ;
; feed_index[6]                                                                        ; 5       ;
; feed_index[3]                                                                        ; 5       ;
; feed_index[2]                                                                        ; 5       ;
; feed_index[1]                                                                        ; 5       ;
; feed_index[0]                                                                        ; 5       ;
; step_acc[5]                                                                          ; 5       ;
; step_acc[1]                                                                          ; 5       ;
; ml_inference:core_i|scan_second~495                                                  ; 4       ;
; ml_inference:core_i|scan_second~460                                                  ; 4       ;
; ml_inference:core_i|scan_second~451                                                  ; 4       ;
; ml_inference:core_i|LessThan15~62                                                    ; 4       ;
; ml_inference:core_i|scan_second~404                                                  ; 4       ;
; ml_inference:core_i|scan_second~397                                                  ; 4       ;
; ml_inference:core_i|scan_second~374                                                  ; 4       ;
; ml_inference:core_i|scan_second~320                                                  ; 4       ;
; ml_inference:core_i|scan_second~247                                                  ; 4       ;
; ml_inference:core_i|scan_second~235                                                  ; 4       ;
; ml_inference:core_i|scan_second~200                                                  ; 4       ;
; ml_inference:core_i|LessThan9~12                                                     ; 4       ;
; ml_inference:core_i|scan_second~130                                                  ; 4       ;
; ml_inference:core_i|scan_second~115                                                  ; 4       ;
; ml_inference:core_i|input_mem~4                                                      ; 4       ;
; ml_inference:core_i|input_mem_rtl_0_bypass[0]                                        ; 4       ;
; tx_word_reg[6]~6                                                                     ; 4       ;
; Selector43~0                                                                         ; 4       ;
; ml_inference:core_i|WideOr6~0                                                        ; 4       ;
; ml_inference:core_i|neuron[7]                                                        ; 4       ;
; ml_inference:core_i|neuron[6]                                                        ; 4       ;
; frame_ready~0                                                                        ; 4       ;
; LessThan0~0                                                                          ; 4       ;
; ml_inference:core_i|scan_best~257                                                    ; 4       ;
; ml_inference:core_i|scan_best~256                                                    ; 4       ;
; ml_inference:core_i|scan_best~254                                                    ; 4       ;
; ml_inference:core_i|scan_best~253                                                    ; 4       ;
; ml_inference:core_i|scan_best~252                                                    ; 4       ;
; ml_inference:core_i|scan_best~250                                                    ; 4       ;
; ml_inference:core_i|scores[9][0]                                                     ; 4       ;
; ml_inference:core_i|scores[9][1]                                                     ; 4       ;
; ml_inference:core_i|scores[9][3]                                                     ; 4       ;
; ml_inference:core_i|scan_best~245                                                    ; 4       ;
; ml_inference:core_i|scan_best~242                                                    ; 4       ;
; ml_inference:core_i|scan_best~241                                                    ; 4       ;
; ml_inference:core_i|scan_best~240                                                    ; 4       ;
; ml_inference:core_i|scan_best~238                                                    ; 4       ;
; ml_inference:core_i|scan_best~237                                                    ; 4       ;
; ml_inference:core_i|scan_best~235                                                    ; 4       ;
; ml_inference:core_i|scan_best~234                                                    ; 4       ;
; ml_inference:core_i|scan_best~233                                                    ; 4       ;
; ml_inference:core_i|scan_best~231                                                    ; 4       ;
; ml_inference:core_i|scan_best~230                                                    ; 4       ;
; ml_inference:core_i|scan_best~228                                                    ; 4       ;
; ml_inference:core_i|scan_best~227                                                    ; 4       ;
; ml_inference:core_i|scan_best~226                                                    ; 4       ;
; ml_inference:core_i|scan_best~224                                                    ; 4       ;
; ml_inference:core_i|scan_best~223                                                    ; 4       ;
; ml_inference:core_i|scan_best~219                                                    ; 4       ;
; ml_inference:core_i|scan_best~216                                                    ; 4       ;
; ml_inference:core_i|scores[8][0]                                                     ; 4       ;
; ml_inference:core_i|scores[8][1]                                                     ; 4       ;
; ml_inference:core_i|scan_best~205                                                    ; 4       ;
; ml_inference:core_i|scores[8][8]                                                     ; 4       ;
; ml_inference:core_i|scan_best~199                                                    ; 4       ;
; ml_inference:core_i|scan_best~197                                                    ; 4       ;
; ml_inference:core_i|scan_best~194                                                    ; 4       ;
; ml_inference:core_i|scan_best~186                                                    ; 4       ;
; ml_inference:core_i|scan_best~183                                                    ; 4       ;
; ml_inference:core_i|scores[7][0]                                                     ; 4       ;
; ml_inference:core_i|scores[7][1]                                                     ; 4       ;
; ml_inference:core_i|scan_best~175                                                    ; 4       ;
; ml_inference:core_i|scores[7][6]                                                     ; 4       ;
; ml_inference:core_i|scan_best~174                                                    ; 4       ;
; ml_inference:core_i|scan_best~166                                                    ; 4       ;
; ml_inference:core_i|scan_best~163                                                    ; 4       ;
; ml_inference:core_i|LessThan10~54                                                    ; 4       ;
; ml_inference:core_i|scores[6][0]                                                     ; 4       ;
; ml_inference:core_i|scores[6][1]                                                     ; 4       ;
; ml_inference:core_i|scan_best~152                                                    ; 4       ;
; ml_inference:core_i|scan_best~142                                                    ; 4       ;
; ml_inference:core_i|scan_best~139                                                    ; 4       ;
; ml_inference:core_i|scan_best~136                                                    ; 4       ;
; ml_inference:core_i|scan_best~132                                                    ; 4       ;
; ml_inference:core_i|scan_best~129                                                    ; 4       ;
; ml_inference:core_i|scan_best~125                                                    ; 4       ;
; ml_inference:core_i|scan_best~121                                                    ; 4       ;
; ml_inference:core_i|scan_best~119                                                    ; 4       ;
; ml_inference:core_i|scores[5][0]                                                     ; 4       ;
; ml_inference:core_i|scores[5][1]                                                     ; 4       ;
; ml_inference:core_i|scan_best~114                                                    ; 4       ;
; ml_inference:core_i|scan_best~113                                                    ; 4       ;
; ml_inference:core_i|scan_best~111                                                    ; 4       ;
; ml_inference:core_i|scan_best~110                                                    ; 4       ;
; ml_inference:core_i|scan_best~106                                                    ; 4       ;
; ml_inference:core_i|scan_best~104                                                    ; 4       ;
; ml_inference:core_i|scan_best~100                                                    ; 4       ;
; ml_inference:core_i|scan_best~97                                                     ; 4       ;
; ml_inference:core_i|scan_best~89                                                     ; 4       ;
; ml_inference:core_i|scores[4][0]                                                     ; 4       ;
; ml_inference:core_i|scores[4][1]                                                     ; 4       ;
; ml_inference:core_i|scan_best~81                                                     ; 4       ;
; ml_inference:core_i|scan_best~80                                                     ; 4       ;
; ml_inference:core_i|scan_best~76                                                     ; 4       ;
; ml_inference:core_i|scan_best~71                                                     ; 4       ;
; ml_inference:core_i|scan_best~69                                                     ; 4       ;
; ml_inference:core_i|scan_best~66                                                     ; 4       ;
; ml_inference:core_i|scan_best~65                                                     ; 4       ;
; ml_inference:core_i|scan_best~59                                                     ; 4       ;
; ml_inference:core_i|scan_best~57                                                     ; 4       ;
; ml_inference:core_i|scan_best~53                                                     ; 4       ;
; ml_inference:core_i|scan_best~52                                                     ; 4       ;
; ml_inference:core_i|scan_best~50                                                     ; 4       ;
; ml_inference:core_i|scan_best~49                                                     ; 4       ;
; ml_inference:core_i|scores[3][0]                                                     ; 4       ;
; ml_inference:core_i|scores[3][1]                                                     ; 4       ;
; ml_inference:core_i|scan_best~43                                                     ; 4       ;
; ml_inference:core_i|scan_best~41                                                     ; 4       ;
; ml_inference:core_i|scan_best~39                                                     ; 4       ;
; ml_inference:core_i|scan_best~35                                                     ; 4       ;
; ml_inference:core_i|scan_best~31                                                     ; 4       ;
; ml_inference:core_i|scan_best~28                                                     ; 4       ;
; ml_inference:core_i|scan_best~26                                                     ; 4       ;
; ml_inference:core_i|scan_best~25                                                     ; 4       ;
; ml_inference:core_i|scan_best~22                                                     ; 4       ;
; ml_inference:core_i|scan_best~19                                                     ; 4       ;
; ml_inference:core_i|scores[2][0]                                                     ; 4       ;
; ml_inference:core_i|scores[2][1]                                                     ; 4       ;
; ml_inference:core_i|scan_best~9                                                      ; 4       ;
; ml_inference:core_i|scan_best~7                                                      ; 4       ;
; ml_inference:core_i|scan_best~3                                                      ; 4       ;
; ml_inference:core_i|scan_best~1                                                      ; 4       ;
; ml_inference:core_i|scan_best~0                                                      ; 4       ;
; ml_inference:core_i|scores[0][24]                                                    ; 4       ;
; ml_inference:core_i|scores[1][24]                                                    ; 4       ;
; ml_inference:core_i|scores[0][31]                                                    ; 4       ;
; ml_inference:core_i|scores[1][31]                                                    ; 4       ;
; rx_state~17                                                                          ; 4       ;
; Selector61~1                                                                         ; 4       ;
; Equal6~0                                                                             ; 4       ;
; tx_wait[1]                                                                           ; 4       ;
; rx_count[6]                                                                          ; 4       ;
; rx_count[5]                                                                          ; 4       ;
; step_acc[2]                                                                          ; 4       ;
; ml_inference:core_i|LessThan15~64                                                    ; 3       ;
; ml_inference:core_i|scan_second~642                                                  ; 3       ;
; ml_inference:core_i|scan_second~641                                                  ; 3       ;
; ml_inference:core_i|scan_second~640                                                  ; 3       ;
; ml_inference:core_i|scan_second~639                                                  ; 3       ;
; ml_inference:core_i|scan_second~637                                                  ; 3       ;
; ml_inference:core_i|scan_second~636                                                  ; 3       ;
; ml_inference:core_i|scan_second~635                                                  ; 3       ;
; ml_inference:core_i|scan_second~633                                                  ; 3       ;
; ml_inference:core_i|scan_second~631                                                  ; 3       ;
; ml_inference:core_i|scan_second~627                                                  ; 3       ;
; ml_inference:core_i|LessThan19~66                                                    ; 3       ;
; ml_inference:core_i|LessThan19~65                                                    ; 3       ;
; ml_inference:core_i|scan_second~547                                                  ; 3       ;
; ml_inference:core_i|scan_second~541                                                  ; 3       ;
; ml_inference:core_i|scan_second~540                                                  ; 3       ;
; ml_inference:core_i|scan_second~539                                                  ; 3       ;
; ml_inference:core_i|scan_second~538                                                  ; 3       ;
; ml_inference:core_i|scan_second~536                                                  ; 3       ;
; ml_inference:core_i|scan_second~535                                                  ; 3       ;
; ml_inference:core_i|scan_second~530                                                  ; 3       ;
; ml_inference:core_i|scan_second~529                                                  ; 3       ;
; ml_inference:core_i|scan_second~527                                                  ; 3       ;
; ml_inference:core_i|scan_second~526                                                  ; 3       ;
; ml_inference:core_i|scan_second~519                                                  ; 3       ;
; ml_inference:core_i|scan_second~518                                                  ; 3       ;
; ml_inference:core_i|scan_second~516                                                  ; 3       ;
; ml_inference:core_i|scan_second~515                                                  ; 3       ;
; ml_inference:core_i|scan_second~514                                                  ; 3       ;
; ml_inference:core_i|LessThan19~7                                                     ; 3       ;
; ml_inference:core_i|scan_second~505                                                  ; 3       ;
; ml_inference:core_i|scan_second~504                                                  ; 3       ;
; ml_inference:core_i|scan_second~499                                                  ; 3       ;
; ml_inference:core_i|scan_second~491                                                  ; 3       ;
; ml_inference:core_i|scan_second~490                                                  ; 3       ;
; ml_inference:core_i|scan_second~487                                                  ; 3       ;
; ml_inference:core_i|scan_second~485                                                  ; 3       ;
; ml_inference:core_i|scan_second~484                                                  ; 3       ;
; ml_inference:core_i|scan_second~483                                                  ; 3       ;
; ml_inference:core_i|scan_second~481                                                  ; 3       ;
; ml_inference:core_i|scan_second~477                                                  ; 3       ;
; ml_inference:core_i|scan_second~476                                                  ; 3       ;
; ml_inference:core_i|scan_second~475                                                  ; 3       ;
; ml_inference:core_i|scan_second~473                                                  ; 3       ;
; ml_inference:core_i|scan_second~471                                                  ; 3       ;
; ml_inference:core_i|scan_second~469                                                  ; 3       ;
; ml_inference:core_i|scan_second~468                                                  ; 3       ;
; ml_inference:core_i|scan_second~465                                                  ; 3       ;
; ml_inference:core_i|scan_second~464                                                  ; 3       ;
; ml_inference:core_i|scan_second~463                                                  ; 3       ;
; ml_inference:core_i|scan_second~462                                                  ; 3       ;
; ml_inference:core_i|scan_second~459                                                  ; 3       ;
; ml_inference:core_i|scan_second~457                                                  ; 3       ;
; ml_inference:core_i|scan_second~456                                                  ; 3       ;
; ml_inference:core_i|scan_second~455                                                  ; 3       ;
; ml_inference:core_i|scan_second~453                                                  ; 3       ;
; ml_inference:core_i|scan_second~452                                                  ; 3       ;
; ml_inference:core_i|scan_second~448                                                  ; 3       ;
; ml_inference:core_i|LessThan15~61                                                    ; 3       ;
; ml_inference:core_i|scan_second~429                                                  ; 3       ;
; ml_inference:core_i|scan_second~427                                                  ; 3       ;
; ml_inference:core_i|scan_second~423                                                  ; 3       ;
; ml_inference:core_i|scan_second~422                                                  ; 3       ;
; ml_inference:core_i|scan_second~419                                                  ; 3       ;
; ml_inference:core_i|scan_second~417                                                  ; 3       ;
; ml_inference:core_i|scan_second~416                                                  ; 3       ;
; ml_inference:core_i|scan_second~415                                                  ; 3       ;
; ml_inference:core_i|scan_second~413                                                  ; 3       ;
; ml_inference:core_i|scan_second~411                                                  ; 3       ;
; ml_inference:core_i|scan_second~410                                                  ; 3       ;
; ml_inference:core_i|scan_second~409                                                  ; 3       ;
; ml_inference:core_i|scan_second~408                                                  ; 3       ;
; ml_inference:core_i|scan_second~406                                                  ; 3       ;
; ml_inference:core_i|scan_second~403                                                  ; 3       ;
; ml_inference:core_i|scan_second~401                                                  ; 3       ;
; ml_inference:core_i|scan_second~400                                                  ; 3       ;
; ml_inference:core_i|scan_second~399                                                  ; 3       ;
; ml_inference:core_i|scan_second~398                                                  ; 3       ;
; ml_inference:core_i|scan_second~394                                                  ; 3       ;
; ml_inference:core_i|scan_second~392                                                  ; 3       ;
; ml_inference:core_i|scan_second~389                                                  ; 3       ;
; ml_inference:core_i|scan_second~388                                                  ; 3       ;
; ml_inference:core_i|scan_second~387                                                  ; 3       ;
; ml_inference:core_i|scan_second~382                                                  ; 3       ;
; ml_inference:core_i|scan_second~381                                                  ; 3       ;
; ml_inference:core_i|scan_second~380                                                  ; 3       ;
; ml_inference:core_i|LessThan15~6                                                     ; 3       ;
; ml_inference:core_i|scan_second~366                                                  ; 3       ;
; ml_inference:core_i|scan_second~359                                                  ; 3       ;
; ml_inference:core_i|scan_second~358                                                  ; 3       ;
; ml_inference:core_i|scan_second~355                                                  ; 3       ;
; ml_inference:core_i|scan_second~353                                                  ; 3       ;
; ml_inference:core_i|scan_second~352                                                  ; 3       ;
; ml_inference:core_i|scan_second~351                                                  ; 3       ;
; ml_inference:core_i|scan_second~349                                                  ; 3       ;
; ml_inference:core_i|scan_second~348                                                  ; 3       ;
; ml_inference:core_i|scan_second~347                                                  ; 3       ;
; ml_inference:core_i|scan_second~344                                                  ; 3       ;
; ml_inference:core_i|scan_second~342                                                  ; 3       ;
; ml_inference:core_i|scan_second~340                                                  ; 3       ;
; ml_inference:core_i|scan_second~339                                                  ; 3       ;
; ml_inference:core_i|scan_second~337                                                  ; 3       ;
; ml_inference:core_i|scan_second~336                                                  ; 3       ;
; ml_inference:core_i|scan_second~335                                                  ; 3       ;
; ml_inference:core_i|scan_second~334                                                  ; 3       ;
; ml_inference:core_i|scan_second~333                                                  ; 3       ;
; ml_inference:core_i|scan_second~329                                                  ; 3       ;
; ml_inference:core_i|scan_second~327                                                  ; 3       ;
; ml_inference:core_i|scan_second~324                                                  ; 3       ;
; ml_inference:core_i|scan_second~323                                                  ; 3       ;
; ml_inference:core_i|scan_second~322                                                  ; 3       ;
; ml_inference:core_i|scan_second~317                                                  ; 3       ;
; ml_inference:core_i|scan_second~316                                                  ; 3       ;
; ml_inference:core_i|scan_second~315                                                  ; 3       ;
; ml_inference:core_i|scan_second~305                                                  ; 3       ;
; ml_inference:core_i|scan_second~294                                                  ; 3       ;
; ml_inference:core_i|scan_second~289                                                  ; 3       ;
; ml_inference:core_i|scan_second~288                                                  ; 3       ;
; ml_inference:core_i|scan_second~285                                                  ; 3       ;
; ml_inference:core_i|scan_second~283                                                  ; 3       ;
; ml_inference:core_i|scan_second~282                                                  ; 3       ;
; ml_inference:core_i|scan_second~281                                                  ; 3       ;
; ml_inference:core_i|scan_second~279                                                  ; 3       ;
; ml_inference:core_i|scan_second~278                                                  ; 3       ;
; ml_inference:core_i|scan_second~277                                                  ; 3       ;
; ml_inference:core_i|scan_second~274                                                  ; 3       ;
; ml_inference:core_i|scan_second~272                                                  ; 3       ;
; ml_inference:core_i|scan_second~270                                                  ; 3       ;
; ml_inference:core_i|scan_second~269                                                  ; 3       ;
; ml_inference:core_i|scan_second~268                                                  ; 3       ;
; ml_inference:core_i|scan_second~264                                                  ; 3       ;
; ml_inference:core_i|scan_second~263                                                  ; 3       ;
; ml_inference:core_i|scan_second~262                                                  ; 3       ;
; ml_inference:core_i|scan_second~261                                                  ; 3       ;
; ml_inference:core_i|scan_second~257                                                  ; 3       ;
; ml_inference:core_i|scan_second~256                                                  ; 3       ;
; ml_inference:core_i|scan_second~254                                                  ; 3       ;
; ml_inference:core_i|scan_second~253                                                  ; 3       ;
; ml_inference:core_i|scan_second~252                                                  ; 3       ;
; ml_inference:core_i|scan_second~250                                                  ; 3       ;
; ml_inference:core_i|scan_second~241                                                  ; 3       ;
; ml_inference:core_i|scan_second~229                                                  ; 3       ;
; ml_inference:core_i|scan_second~227                                                  ; 3       ;
; ml_inference:core_i|scan_second~225                                                  ; 3       ;
; ml_inference:core_i|scan_second~224                                                  ; 3       ;
; ml_inference:core_i|scan_second~223                                                  ; 3       ;
; ml_inference:core_i|scan_second~222                                                  ; 3       ;
; ml_inference:core_i|scan_second~219                                                  ; 3       ;
; ml_inference:core_i|scan_second~213                                                  ; 3       ;
; ml_inference:core_i|scan_second~212                                                  ; 3       ;
; ml_inference:core_i|scan_second~211                                                  ; 3       ;
; ml_inference:core_i|scan_second~208                                                  ; 3       ;
; ml_inference:core_i|scan_second~207                                                  ; 3       ;
; ml_inference:core_i|scan_second~206                                                  ; 3       ;
; ml_inference:core_i|scan_second~204                                                  ; 3       ;
; ml_inference:core_i|scan_second~203                                                  ; 3       ;
; ml_inference:core_i|scan_second~202                                                  ; 3       ;
; ml_inference:core_i|scan_second~195                                                  ; 3       ;
; ml_inference:core_i|scan_second~193                                                  ; 3       ;
; ml_inference:core_i|scan_second~192                                                  ; 3       ;
; ml_inference:core_i|LessThan9~10                                                     ; 3       ;
; ml_inference:core_i|scan_second~190                                                  ; 3       ;
; ml_inference:core_i|scan_second~189                                                  ; 3       ;
; ml_inference:core_i|scan_second~188                                                  ; 3       ;
; ml_inference:core_i|scan_second~172                                                  ; 3       ;
; ml_inference:core_i|scan_second~171                                                  ; 3       ;
; ml_inference:core_i|scan_second~163                                                  ; 3       ;
; ml_inference:core_i|scan_second~156                                                  ; 3       ;
; ml_inference:core_i|scan_second~150                                                  ; 3       ;
; ml_inference:core_i|scan_second~146                                                  ; 3       ;
; ml_inference:core_i|scan_second~144                                                  ; 3       ;
; ml_inference:core_i|scan_second~142                                                  ; 3       ;
; ml_inference:core_i|LessThan7~48                                                     ; 3       ;
; ml_inference:core_i|scan_second~140                                                  ; 3       ;
; ml_inference:core_i|scan_second~137                                                  ; 3       ;
; ml_inference:core_i|scan_second~135                                                  ; 3       ;
; ml_inference:core_i|scan_second~133                                                  ; 3       ;
; ml_inference:core_i|scan_second~128                                                  ; 3       ;
; ml_inference:core_i|scan_second~125                                                  ; 3       ;
; ml_inference:core_i|scan_second~123                                                  ; 3       ;
; ml_inference:core_i|scan_second~122                                                  ; 3       ;
; ml_inference:core_i|scan_second~119                                                  ; 3       ;
; ml_inference:core_i|LessThan7~27                                                     ; 3       ;
; ml_inference:core_i|scan_second~113                                                  ; 3       ;
; ml_inference:core_i|scan_second~111                                                  ; 3       ;
; ml_inference:core_i|LessThan7~15                                                     ; 3       ;
; ml_inference:core_i|scan_second~107                                                  ; 3       ;
; ml_inference:core_i|scan_second~105                                                  ; 3       ;
; ml_inference:core_i|LessThan7~11                                                     ; 3       ;
; ml_inference:core_i|scan_second~102                                                  ; 3       ;
; ml_inference:core_i|scan_second~100                                                  ; 3       ;
; ml_inference:core_i|scan_second~98                                                   ; 3       ;
; ml_inference:core_i|scan_second~96                                                   ; 3       ;
; ml_inference:core_i|LessThan5~76                                                     ; 3       ;
; ml_inference:core_i|LessThan5~67                                                     ; 3       ;
; ml_inference:core_i|LessThan5~33                                                     ; 3       ;
; ml_inference:core_i|LessThan5~26                                                     ; 3       ;
; ml_inference:core_i|scan_second~86                                                   ; 3       ;
; ml_inference:core_i|LessThan5~19                                                     ; 3       ;
; ml_inference:core_i|scan_second~85                                                   ; 3       ;
; ml_inference:core_i|LessThan5~12                                                     ; 3       ;
; ml_inference:core_i|LessThan5~8                                                      ; 3       ;
; ml_inference:core_i|LessThan5~7                                                      ; 3       ;
; ml_inference:core_i|scan_second~83                                                   ; 3       ;
; ml_inference:core_i|Equal2~1                                                         ; 3       ;
; ml_inference:core_i|Equal2~0                                                         ; 3       ;
; ml_valid~0                                                                           ; 3       ;
; ml_inference:core_i|Decoder0~25                                                      ; 3       ;
; ml_inference:core_i|Decoder0~22                                                      ; 3       ;
; ml_inference:core_i|Decoder0~8                                                       ; 3       ;
; ml_inference:core_i|neuron[12]                                                       ; 3       ;
; ml_inference:core_i|neuron[11]                                                       ; 3       ;
; ml_inference:core_i|neuron[10]                                                       ; 3       ;
; ml_inference:core_i|neuron[9]                                                        ; 3       ;
; ml_inference:core_i|neuron[8]                                                        ; 3       ;
; ml_inference:core_i|Equal0~2                                                         ; 3       ;
; ml_inference:core_i|Equal0~1                                                         ; 3       ;
; ml_inference:core_i|Equal0~0                                                         ; 3       ;
; always1~1                                                                            ; 3       ;
; header_seen                                                                          ; 3       ;
; ml_inference:core_i|LessThan18~36                                                    ; 3       ;
; ml_inference:core_i|scan_best~249                                                    ; 3       ;
; ml_inference:core_i|scan_best~248                                                    ; 3       ;
; ml_inference:core_i|scan_best~247                                                    ; 3       ;
; ml_inference:core_i|scan_best~246                                                    ; 3       ;
; ml_inference:core_i|scan_best~225                                                    ; 3       ;
; ml_inference:core_i|scan_best~222                                                    ; 3       ;
; ml_inference:core_i|scan_best~215                                                    ; 3       ;
; ml_inference:core_i|scan_best~214                                                    ; 3       ;
; ml_inference:core_i|scan_best~213                                                    ; 3       ;
; ml_inference:core_i|scan_best~211                                                    ; 3       ;
; ml_inference:core_i|scan_best~210                                                    ; 3       ;
; ml_inference:core_i|scan_best~209                                                    ; 3       ;
; ml_inference:core_i|scan_best~208                                                    ; 3       ;
; ml_inference:core_i|scan_best~206                                                    ; 3       ;
; ml_inference:core_i|scan_best~204                                                    ; 3       ;
; ml_inference:core_i|scan_best~189                                                    ; 3       ;
; ml_inference:core_i|scan_best~181                                                    ; 3       ;
; ml_inference:core_i|scan_best~180                                                    ; 3       ;
; ml_inference:core_i|scan_best~179                                                    ; 3       ;
; ml_inference:core_i|scan_best~178                                                    ; 3       ;
; ml_inference:core_i|scan_best~176                                                    ; 3       ;
; ml_inference:core_i|scan_best~171                                                    ; 3       ;
; ml_inference:core_i|LessThan14~17                                                    ; 3       ;
; ml_inference:core_i|scan_best~160                                                    ; 3       ;
; ml_inference:core_i|scan_best~157                                                    ; 3       ;
; ml_inference:core_i|scan_best~156                                                    ; 3       ;
; ml_inference:core_i|scan_best~154                                                    ; 3       ;
; ml_inference:core_i|scan_best~153                                                    ; 3       ;
; ml_inference:core_i|scan_best~151                                                    ; 3       ;
; ml_inference:core_i|scan_best~148                                                    ; 3       ;
; ml_inference:core_i|scan_best~147                                                    ; 3       ;
; ml_inference:core_i|scan_best~146                                                    ; 3       ;
; ml_inference:core_i|scan_best~135                                                    ; 3       ;
; ml_inference:core_i|scan_best~124                                                    ; 3       ;
; ml_inference:core_i|scan_best~117                                                    ; 3       ;
; ml_inference:core_i|scan_best~116                                                    ; 3       ;
; ml_inference:core_i|scan_best~115                                                    ; 3       ;
; ml_inference:core_i|scan_best~94                                                     ; 3       ;
; ml_inference:core_i|scan_best~90                                                     ; 3       ;
; ml_inference:core_i|scan_best~87                                                     ; 3       ;
; ml_inference:core_i|scan_best~85                                                     ; 3       ;
; ml_inference:core_i|scan_best~84                                                     ; 3       ;
; ml_inference:core_i|scan_best~82                                                     ; 3       ;
; ml_inference:core_i|LessThan8~36                                                     ; 3       ;
; ml_inference:core_i|LessThan8~31                                                     ; 3       ;
; ml_inference:core_i|scan_best~73                                                     ; 3       ;
; ml_inference:core_i|scan_best~72                                                     ; 3       ;
; ml_inference:core_i|LessThan8~17                                                     ; 3       ;
; ml_inference:core_i|scan_best~67                                                     ; 3       ;
; ml_inference:core_i|scan_best~64                                                     ; 3       ;
; ml_inference:core_i|scan_best~61                                                     ; 3       ;
; ml_inference:core_i|scan_best~58                                                     ; 3       ;
; ml_inference:core_i|scan_best~56                                                     ; 3       ;
; ml_inference:core_i|scan_best~55                                                     ; 3       ;
; ml_inference:core_i|scan_best~48                                                     ; 3       ;
; ml_inference:core_i|scan_best~47                                                     ; 3       ;
; ml_inference:core_i|scan_best~45                                                     ; 3       ;
; ml_inference:core_i|scan_best~44                                                     ; 3       ;
; ml_inference:core_i|scan_best~42                                                     ; 3       ;
; ml_inference:core_i|scan_best~37                                                     ; 3       ;
; ml_inference:core_i|LessThan6~21                                                     ; 3       ;
; ml_inference:core_i|LessThan6~20                                                     ; 3       ;
; ml_inference:core_i|scan_best~24                                                     ; 3       ;
; ml_inference:core_i|scan_best~21                                                     ; 3       ;
; ml_inference:core_i|scan_best~11                                                     ; 3       ;
; ml_inference:core_i|LessThan4~49                                                     ; 3       ;
; ml_inference:core_i|LessThan4~42                                                     ; 3       ;
; ml_inference:core_i|LessThan4~24                                                     ; 3       ;
; ml_inference:core_i|LessThan4~23                                                     ; 3       ;
; ml_inference:core_i|LessThan4~19                                                     ; 3       ;
; ml_inference:core_i|LessThan4~7                                                      ; 3       ;
+--------------------------------------------------------------------------------------+---------+


+-----------------------------------------------------------------------------------------------------------------------------------------------------------------------------------------------------------------------------------------------------------------------------------------------------------------------------------------------------------------------------------------------------------------------------------------------------------------------------------------------------------------------------------------------------------------------------------------------------------------------------------------------------------------------------------------------------------------------------------------------------------------------+
; Fitter RAM Summary                                                                                                                                                                                                                                                                                                                                                                                                                                                                                                                                                                                                                                                                                                                                                    ;
+--------------------------------------------------------------------------------------------+------+------------------+--------------+--------------+--------------+--------------+--------------+------------------------+-------------------------+------------------------+-------------------------+-------+-----------------------------+-----------------------------+-----------------------------+-----------------------------+---------------------+------+--------------------------------+------------------------------------------------------------------------------------------------------------------------------------------------------------------------------------------------------+----------------------+-----------------+-----------------+
; Name                                                                                       ; Type ; Mode             ; Clock Mode   ; Port A Depth ; Port A Width ; Port B Depth ; Port B Width ; Port A Input Registers ; Port A Output Registers ; Port B Input Registers ; Port B Output Registers ; Size  ; Implementation Port A Depth ; Implementation Port A Width ; Implementation Port B Depth ; Implementation Port B Width ; Implementation Bits ; M4Ks ; MIF                            ; Location                                                                                                                                                                                             ; Mixed Width RDW Mode ; Port A RDW Mode ; Port B RDW Mode ;
+--------------------------------------------------------------------------------------------+------+------------------+--------------+--------------+--------------+--------------+--------------+------------------------+-------------------------+------------------------+-------------------------+-------+-----------------------------+-----------------------------+-----------------------------+-----------------------------+---------------------+------+--------------------------------+------------------------------------------------------------------------------------------------------------------------------------------------------------------------------------------------------+----------------------+-----------------+-----------------+
; altsyncram:frame_ram|altsyncram_vm01:auto_generated|altsyncram_peg1:altsyncram1|ALTSYNCRAM ; AUTO ; True Dual Port   ; Dual Clocks  ; 256          ; 4            ; 256          ; 4            ; yes                    ; no                      ; yes                    ; no                      ; 1024  ; 256                         ; 4                           ; 256                         ; 4                           ; 1024                ; 1    ; None                           ; M4K_X23_Y2                                                                                                                                                                                           ; Don't care           ; Don't care      ; Don't care      ;
; ml_inference:core_i|altsyncram:b1_rom|altsyncram_mct:auto_generated|ALTSYNCRAM             ; AUTO ; ROM              ; Single Clock ; 32           ; 32           ; --           ; --           ; yes                    ; no                      ; --                     ; --                      ; 1024  ; 32                          ; 32                          ; --                          ; --                          ; 1024                ; 1    ; ../../artifacts/bias_l1.mif    ; M4K_X23_Y3                                                                                                                                                                                           ; Don't care           ; Don't care      ; Don't care      ;
; ml_inference:core_i|altsyncram:b2_rom|altsyncram_hct:auto_generated|ALTSYNCRAM             ; AUTO ; ROM              ; Single Clock ; 10           ; 32           ; --           ; --           ; yes                    ; no                      ; --                     ; --                      ; 320   ; 10                          ; 32                          ; --                          ; --                          ; 320                 ; 1    ; ../../artifacts/bias_l2.mif    ; M4K_X11_Y3                                                                                                                                                                                           ; Don't care           ; Don't care      ; Don't care      ;
; ml_inference:core_i|altsyncram:hidden_rtl_0|altsyncram_sng1:auto_generated|ALTSYNCRAM      ; AUTO ; Simple Dual Port ; Single Clock ; 32           ; 32           ; 32           ; 32           ; yes                    ; no                      ; yes                    ; no                      ; 1024  ; 32                          ; 32                          ; 32                          ; 32                          ; 1024                ; 1    ; None                           ; M4K_X11_Y1                                                                                                                                                                                           ; Old data             ; Don't care      ; Don't care      ;
; ml_inference:core_i|altsyncram:input_mem_rtl_0|altsyncram_mog1:auto_generated|ALTSYNCRAM   ; AUTO ; Simple Dual Port ; Single Clock ; 196          ; 4            ; 196          ; 4            ; yes                    ; no                      ; yes                    ; no                      ; 784   ; 196                         ; 4                           ; 196                         ; 4                           ; 784                 ; 1    ; None                           ; M4K_X11_Y2                                                                                                                                                                                           ; Old data             ; Don't care      ; Don't care      ;
; ml_inference:core_i|altsyncram:l1_rom|altsyncram_vqt:auto_generated|ALTSYNCRAM             ; AUTO ; ROM              ; Single Clock ; 6272         ; 8            ; --           ; --           ; yes                    ; no                      ; --                     ; --                      ; 50176 ; 6272                        ; 8                           ; --                          ; --                          ; 50176               ; 16   ; ../../artifacts/weights_l1.mif ; M4K_X11_Y12, M4K_X23_Y4, M4K_X11_Y4, M4K_X23_Y5, M4K_X23_Y12, M4K_X11_Y7, M4K_X23_Y9, M4K_X23_Y11, M4K_X11_Y9, M4K_X11_Y10, M4K_X23_Y10, M4K_X11_Y11, M4K_X11_Y8, M4K_X23_Y8, M4K_X23_Y6, M4K_X23_Y7 ; Don't care           ; Don't care      ; Don't care      ;
; ml_inference:core_i|altsyncram:l2_rom|altsyncram_pnt:auto_generated|ALTSYNCRAM             ; AUTO ; ROM              ; Single Clock ; 320          ; 8            ; --           ; --           ; yes                    ; no                      ; --                     ; --                      ; 2560  ; 320                         ; 8                           ; --                          ; --                          ; 2560                ; 1    ; ../../artifacts/weights_l2.mif ; M4K_X11_Y5                                                                                                                                                                                           ; Don't care           ; Don't care      ; Don't care      ;
+--------------------------------------------------------------------------------------------+------+------------------+--------------+--------------+--------------+--------------+--------------+------------------------+-------------------------+------------------------+-------------------------+-------+-----------------------------+-----------------------------+-----------------------------+-----------------------------+---------------------+------+--------------------------------+------------------------------------------------------------------------------------------------------------------------------------------------------------------------------------------------------+----------------------+-----------------+-----------------+
Note: Fitter may spread logical memories into multiple blocks to improve timing. The actual required RAM blocks can be found in the Fitter Resource Usage section.


+-----------------------------------------------------------------------------------------------+
; Fitter DSP Block Usage Summary                                                                ;
+---------------------------------------+-------------+---------------------+-------------------+
; Statistic                             ; Number Used ; Available per Block ; Maximum Available ;
+---------------------------------------+-------------+---------------------+-------------------+
; Simple Multipliers (9-bit)            ; 1           ; 2                   ; 26                ;
; Simple Multipliers (18-bit)           ; 2           ; 1                   ; 13                ;
; Embedded Multiplier Blocks            ; 3           ; --                  ; 13                ;
; Embedded Multiplier 9-bit elements    ; 5           ; 2                   ; 26                ;
; Signed Embedded Multipliers           ; 2           ; --                  ; --                ;
; Unsigned Embedded Multipliers         ; 0           ; --                  ; --                ;
; Mixed Sign Embedded Multipliers       ; 1           ; --                  ; --                ;
; Variable Sign Embedded Multipliers    ; 0           ; --                  ; --                ;
; Dedicated Input Shift Register Chains ; 0           ; --                  ; --                ;
+---------------------------------------+-------------+---------------------+-------------------+


+-----------------------------------------------------------------------------------------------------------------------------------------------------------------------------------------------------------------------------------------------------------------------+
; DSP Block Details                                                                                                                                                                                                                                                     ;
+-------------------------------------------------------------------------+----------------------------+-------------------+---------------------+--------------------------------+-----------------------+-----------------------+-------------------+-----------------+
; Name                                                                    ; Mode                       ; Location          ; Sign Representation ; Has Input Shift Register Chain ; Data A Input Register ; Data B Input Register ; Pipeline Register ; Output Register ;
+-------------------------------------------------------------------------+----------------------------+-------------------+---------------------+--------------------------------+-----------------------+-----------------------+-------------------+-----------------+
; ml_inference:core_i|lpm_mult:Mult1|mult_vvs:auto_generated|mac_out4     ; Simple Multiplier (18-bit) ; DSPOUT_X16_Y2_N2  ;                     ; No                             ;                       ;                       ;                   ; no              ;
;    ml_inference:core_i|lpm_mult:Mult1|mult_vvs:auto_generated|mac_mult3 ;                            ; DSPMULT_X16_Y2_N0 ; Signed              ;                                ; no                    ; no                    ; no                ;                 ;
; ml_inference:core_i|lpm_mult:Mult1|mult_vvs:auto_generated|w254w[0]     ; Simple Multiplier (18-bit) ; DSPOUT_X16_Y4_N2  ;                     ; No                             ;                       ;                       ;                   ; no              ;
;    ml_inference:core_i|lpm_mult:Mult1|mult_vvs:auto_generated|mac_mult1 ;                            ; DSPMULT_X16_Y4_N0 ; Variable            ;                                ; no                    ; no                    ; no                ;                 ;
; ml_inference:core_i|lpm_mult:Mult0|mult_fus:auto_generated|mac_out2     ; Simple Multiplier (9-bit)  ; DSPOUT_X16_Y5_N2  ;                     ; No                             ;                       ;                       ;                   ; no              ;
;    ml_inference:core_i|lpm_mult:Mult0|mult_fus:auto_generated|mac_mult1 ;                            ; DSPMULT_X16_Y5_N0 ; Signed              ;                                ; no                    ; no                    ; no                ;                 ;
+-------------------------------------------------------------------------+----------------------------+-------------------+---------------------+--------------------------------+-----------------------+-----------------------+-------------------+-----------------+


+-------------------------------------------------------+
; Other Routing Usage Summary                           ;
+-----------------------------+-------------------------+
; Other Routing Resource Type ; Usage                   ;
+-----------------------------+-------------------------+
; Block interconnects         ; 5,082 / 15,666 ( 32 % ) ;
; C16 interconnects           ; 26 / 812 ( 3 % )        ;
; C4 interconnects            ; 2,741 / 11,424 ( 24 % ) ;
; Direct links                ; 652 / 15,666 ( 4 % )    ;
; Global clocks               ; 2 / 8 ( 25 % )          ;
; Local interconnects         ; 1,849 / 4,608 ( 40 % )  ;
; R24 interconnects           ; 49 / 652 ( 8 % )        ;
; R4 interconnects            ; 3,376 / 13,328 ( 25 % ) ;
+-----------------------------+-------------------------+


+-----------------------------------------------------------------------------+
; LAB Logic Elements                                                          ;
+---------------------------------------------+-------------------------------+
; Number of Logic Elements  (Average = 13.79) ; Number of LABs  (Total = 223) ;
+---------------------------------------------+-------------------------------+
; 1                                           ; 5                             ;
; 2                                           ; 5                             ;
; 3                                           ; 4                             ;
; 4                                           ; 5                             ;
; 5                                           ; 0                             ;
; 6                                           ; 1                             ;
; 7                                           ; 1                             ;
; 8                                           ; 4                             ;
; 9                                           ; 4                             ;
; 10                                          ; 3                             ;
; 11                                          ; 5                             ;
; 12                                          ; 7                             ;
; 13                                          ; 10                            ;
; 14                                          ; 12                            ;
; 15                                          ; 31                            ;
; 16                                          ; 126                           ;
+---------------------------------------------+-------------------------------+


+--------------------------------------------------------------------+
; LAB-wide Signals                                                   ;
+------------------------------------+-------------------------------+
; LAB-wide Signals  (Average = 1.70) ; Number of LABs  (Total = 223) ;
+------------------------------------+-------------------------------+
; 1 Async. clear                     ; 20                            ;
; 1 Clock                            ; 171                           ;
; 1 Clock enable                     ; 107                           ;
; 1 Sync. clear                      ; 27                            ;
; 1 Sync. load                       ; 3                             ;
; 2 Clock enables                    ; 52                            ;
+------------------------------------+-------------------------------+


+------------------------------------------------------------------------------+
; LAB Signals Sourced                                                          ;
+----------------------------------------------+-------------------------------+
; Number of Signals Sourced  (Average = 17.16) ; Number of LABs  (Total = 223) ;
+----------------------------------------------+-------------------------------+
; 0                                            ; 0                             ;
; 1                                            ; 4                             ;
; 2                                            ; 3                             ;
; 3                                            ; 3                             ;
; 4                                            ; 3                             ;
; 5                                            ; 0                             ;
; 6                                            ; 3                             ;
; 7                                            ; 0                             ;
; 8                                            ; 6                             ;
; 9                                            ; 3                             ;
; 10                                           ; 0                             ;
; 11                                           ; 4                             ;
; 12                                           ; 3                             ;
; 13                                           ; 4                             ;
; 14                                           ; 9                             ;
; 15                                           ; 12                            ;
; 16                                           ; 30                            ;
; 17                                           ; 25                            ;
; 18                                           ; 35                            ;
; 19                                           ; 20                            ;
; 20                                           ; 15                            ;
; 21                                           ; 5                             ;
; 22                                           ; 6                             ;
; 23                                           ; 5                             ;
; 24                                           ; 2                             ;
; 25                                           ; 4                             ;
; 26                                           ; 3                             ;
; 27                                           ; 3                             ;
; 28                                           ; 5                             ;
; 29                                           ; 0                             ;
; 30                                           ; 2                             ;
; 31                                           ; 1                             ;
; 32                                           ; 5                             ;
+----------------------------------------------+-------------------------------+


+---------------------------------------------------------------------------------+
; LAB Signals Sourced Out                                                         ;
+-------------------------------------------------+-------------------------------+
; Number of Signals Sourced Out  (Average = 9.42) ; Number of LABs  (Total = 223) ;
+-------------------------------------------------+-------------------------------+
; 0                                               ; 0                             ;
; 1                                               ; 6                             ;
; 2                                               ; 4                             ;
; 3                                               ; 6                             ;
; 4                                               ; 11                            ;
; 5                                               ; 9                             ;
; 6                                               ; 10                            ;
; 7                                               ; 14                            ;
; 8                                               ; 22                            ;
; 9                                               ; 35                            ;
; 10                                              ; 27                            ;
; 11                                              ; 16                            ;
; 12                                              ; 17                            ;
; 13                                              ; 13                            ;
; 14                                              ; 9                             ;
; 15                                              ; 5                             ;
; 16                                              ; 16                            ;
; 17                                              ; 1                             ;
; 18                                              ; 1                             ;
; 19                                              ; 0                             ;
; 20                                              ; 1                             ;
+-------------------------------------------------+-------------------------------+


+------------------------------------------------------------------------------+
; LAB Distinct Inputs                                                          ;
+----------------------------------------------+-------------------------------+
; Number of Distinct Inputs  (Average = 19.60) ; Number of LABs  (Total = 223) ;
+----------------------------------------------+-------------------------------+
; 0                                            ; 0                             ;
; 1                                            ; 0                             ;
; 2                                            ; 0                             ;
; 3                                            ; 4                             ;
; 4                                            ; 4                             ;
; 5                                            ; 4                             ;
; 6                                            ; 2                             ;
; 7                                            ; 5                             ;
; 8                                            ; 0                             ;
; 9                                            ; 3                             ;
; 10                                           ; 2                             ;
; 11                                           ; 3                             ;
; 12                                           ; 4                             ;
; 13                                           ; 3                             ;
; 14                                           ; 6                             ;
; 15                                           ; 5                             ;
; 16                                           ; 11                            ;
; 17                                           ; 16                            ;
; 18                                           ; 11                            ;
; 19                                           ; 15                            ;
; 20                                           ; 15                            ;
; 21                                           ; 17                            ;
; 22                                           ; 9                             ;
; 23                                           ; 15                            ;
; 24                                           ; 14                            ;
; 25                                           ; 14                            ;
; 26                                           ; 9                             ;
; 27                                           ; 6                             ;
; 28                                           ; 9                             ;
; 29                                           ; 7                             ;
; 30                                           ; 3                             ;
; 31                                           ; 3                             ;
; 32                                           ; 0                             ;
; 33                                           ; 3                             ;
+----------------------------------------------+-------------------------------+


+--------------------------------------------------------------------+
; Fitter Device Options                                              ;
+----------------------------------------------+---------------------+
; Option                                       ; Setting             ;
+----------------------------------------------+---------------------+
; Enable user-supplied start-up clock (CLKUSR) ; Off                 ;
; Enable device-wide reset (DEV_CLRn)          ; Off                 ;
; Enable device-wide output enable (DEV_OE)    ; Off                 ;
; Enable INIT_DONE output                      ; Off                 ;
; Configuration scheme                         ; Active Serial       ;
; Error detection CRC                          ; Off                 ;
; nCEO                                         ; Unreserved          ;
; ASDO,nCSO                                    ; As input tri-stated ;
; Reserve all unused pins                      ; As input tri-stated ;
; Base pin-out file on sameframe device        ; Off                 ;
+----------------------------------------------+---------------------+


+------------------------------------+
; Operating Settings and Conditions  ;
+---------------------------+--------+
; Setting                   ; Value  ;
+---------------------------+--------+
; Nominal Core Voltage      ; 1.20 V ;
; Low Junction Temperature  ; 0 °C   ;
; High Junction Temperature ; 85 °C  ;
+---------------------------+--------+


+-----------------+
; Fitter Messages ;
+-----------------+
Info (20030): Parallel compilation is enabled and will use 6 of the 6 processors detected
Info (119006): Selected device EP2C5T144C8 for design "fx2_ml_bridge"
Info (171003): Fitter is performing an Auto Fit compilation, which may decrease Fitter effort to reduce compilation time
Warning (292013): Feature LogicLock is only available with a valid subscription license. You can purchase a software subscription to gain full access to this feature.
Info (176444): Device migration not selected. If you intend to use device migration later, you may need to change the pin assignments as they may be incompatible with other devices
    Info (176445): Device EP2C5T144I8 is compatible
    Info (176445): Device EP2C8T144C8 is compatible
    Info (176445): Device EP2C8T144I8 is compatible
Info (169124): Fitter converted 2 user pins into dedicated programming pins
    Info (169125): Pin ~ASDO~ is reserved at location 1
    Info (169125): Pin ~nCSO~ is reserved at location 2
Info (176045): Design uses memory blocks. Violating setup or hold times of memory block address registers for either read or write operations could cause memory contents to be corrupted. Make sure that all memory block address registers meet the setup and hold time requirements.
Info (332104): Reading SDC File: 'fx2_ml_bridge.sdc'
Info (332129): Detected timing requirements -- optimizing circuit to achieve only the specified requirements
Info (332111): Found 1 clocks
    Info (332111):   Period   Clock Name
    Info (332111): ======== ============
    Info (332111):   20.000          clk
Info (176353): Automatically promoted node clk (placed in PIN 17 (CLK0, LVDSCLK0p, Input))
    Info (176355): Automatically promoted destinations to use location or clock signal Global Clock CLKCTRL_G2
Info (176353): Automatically promoted node rst (placed in PIN 88 (CLK7, LVDSCLK3n, Input))
    Info (176355): Automatically promoted destinations to use location or clock signal Global Clock CLKCTRL_G7
    Info (176356): Following destination nodes may be non-global or may not use global or regional clocks
        Info (176357): Destination node ml_inference:core_i|acc[39]
        Info (176357): Destination node ml_inference:core_i|acc[35]
        Info (176357): Destination node ml_inference:core_i|acc[34]
        Info (176357): Destination node ml_inference:core_i|acc[33]
        Info (176357): Destination node ml_inference:core_i|acc[32]
        Info (176357): Destination node ml_inference:core_i|acc[31]
        Info (176357): Destination node ml_inference:core_i|acc[30]
        Info (176357): Destination node ml_inference:core_i|acc[29]
        Info (176357): Destination node ml_inference:core_i|acc[28]
        Info (176357): Destination node ml_inference:core_i|acc[27]
        Info (176358): Non-global destination nodes limited to 10 nodes
Info (176233): Starting register packing
Info (176235): Finished register packing
    Extra Info (176219): No registers were packed into other blocks
Info (171121): Fitter preparation operations ending: elapsed time is 00:00:01
Info (170189): Fitter placement preparation operations beginning
Info (170190): Fitter placement preparation operations ending: elapsed time is 00:00:01
Info (170191): Fitter placement operations beginning
Info (170137): Fitter placement was successful
Info (170192): Fitter placement operations ending: elapsed time is 00:00:02
Info (170193): Fitter routing operations beginning
Info (170195): Router estimated average interconnect usage is 22% of the available device resources
    Info (170196): Router estimated peak interconnect usage is 23% of the available device resources in the region that extends from location X14_Y0 to location X28_Y14
Info (170194): Fitter routing operations ending: elapsed time is 00:00:02
Info (170199): The Fitter performed an Auto Fit compilation.  Optimizations were skipped to reduce compilation time.
    Info (170201): Optimizations that may affect the design's routability were skipped
    Info (170200): Optimizations that may affect the design's timing were skipped
Info (11888): Total time spent on timing analysis during the Fitter is 1.56 seconds.
Info (306004): Started post-fitting delay annotation
Warning (306006): Found 26 output pins without output pin load capacitance assignment
    Info (306007): Pin "FIFODATA[0]" has no specified output pin load capacitance -- assuming default load capacitance of 0 pF for timing analysis
    Info (306007): Pin "FIFODATA[1]" has no specified output pin load capacitance -- assuming default load capacitance of 0 pF for timing analysis
    Info (306007): Pin "FIFODATA[2]" has no specified output pin load capacitance -- assuming default load capacitance of 0 pF for timing analysis
    Info (306007): Pin "FIFODATA[3]" has no specified output pin load capacitance -- assuming default load capacitance of 0 pF for timing analysis
    Info (306007): Pin "FIFODATA[4]" has no specified output pin load capacitance -- assuming default load capacitance of 0 pF for timing analysis
    Info (306007): Pin "FIFODATA[5]" has no specified output pin load capacitance -- assuming default load capacitance of 0 pF for timing analysis
    Info (306007): Pin "FIFODATA[6]" has no specified output pin load capacitance -- assuming default load capacitance of 0 pF for timing analysis
    Info (306007): Pin "FIFODATA[7]" has no specified output pin load capacitance -- assuming default load capacitance of 0 pF for timing analysis
    Info (306007): Pin "FIFODATA[8]" has no specified output pin load capacitance -- assuming default load capacitance of 0 pF for timing analysis
    Info (306007): Pin "FIFODATA[9]" has no specified output pin load capacitance -- assuming default load capacitance of 0 pF for timing analysis
    Info (306007): Pin "FIFODATA[10]" has no specified output pin load capacitance -- assuming default load capacitance of 0 pF for timing analysis
    Info (306007): Pin "FIFODATA[11]" has no specified output pin load capacitance -- assuming default load capacitance of 0 pF for timing analysis
    Info (306007): Pin "FIFODATA[12]" has no specified output pin load capacitance -- assuming default load capacitance of 0 pF for timing analysis
    Info (306007): Pin "FIFODATA[13]" has no specified output pin load capacitance -- assuming default load capacitance of 0 pF for timing analysis
    Info (306007): Pin "FIFODATA[14]" has no specified output pin load capacitance -- assuming default load capacitance of 0 pF for timing analysis
    Info (306007): Pin "FIFODATA[15]" has no specified output pin load capacitance -- assuming default load capacitance of 0 pF for timing analysis
    Info (306007): Pin "SLOE" has no specified output pin load capacitance -- assuming default load capacitance of 0 pF for timing analysis
    Info (306007): Pin "SLRD" has no specified output pin load capacitance -- assuming default load capacitance of 0 pF for timing analysis
    Info (306007): Pin "FIFOADR[0]" has no specified output pin load capacitance -- assuming default load capacitance of 0 pF for timing analysis
    Info (306007): Pin "FIFOADR[1]" has no specified output pin load capacitance -- assuming default load capacitance of 0 pF for timing analysis
    Info (306007): Pin "SLWR" has no specified output pin load capacitance -- assuming default load capacitance of 0 pF for timing analysis
    Info (306007): Pin "led[0]" has no specified output pin load capacitance -- assuming default load capacitance of 0 pF for timing analysis
    Info (306007): Pin "led[1]" has no specified output pin load capacitance -- assuming default load capacitance of 0 pF for timing analysis
    Info (306007): Pin "led[2]" has no specified output pin load capacitance -- assuming default load capacitance of 0 pF for timing analysis
    Info (306007): Pin "led[3]" has no specified output pin load capacitance -- assuming default load capacitance of 0 pF for timing analysis
    Info (306007): Pin "buzz" has no specified output pin load capacitance -- assuming default load capacitance of 0 pF for timing analysis
Info (306005): Delay annotation completed successfully
Info (306004): Started post-fitting delay annotation
Info (306005): Delay annotation completed successfully
Info (11218): Fitter post-fit operations ending: elapsed time is 00:00:01
Info (176045): Design uses memory blocks. Violating setup or hold times of memory block address registers for either read or write operations could cause memory contents to be corrupted. Make sure that all memory block address registers meet the setup and hold time requirements.
Info (144001): Generated suppressed messages file D:/fpga/cyclone2-handwriting-ml/rtl/fx2_ml_bridge/fx2_ml_bridge.fit.smsg
Info: Quartus II 64-Bit Fitter was successful. 0 errors, 2 warnings
    Info: Peak virtual memory: 5312 megabytes
    Info: Processing ended: Sat Oct 03 09:24:59 2026
    Info: Elapsed time: 00:00:11
    Info: Total CPU time (on all processors): 00:00:13


+----------------------------+
; Fitter Suppressed Messages ;
+----------------------------+
The suppressed messages can be found in D:/fpga/cyclone2-handwriting-ml/rtl/fx2_ml_bridge/fx2_ml_bridge.fit.smsg.


