Analysis & Synthesis report for fx2_ml_bridge
Sat Oct 03 02:00:01 2026
Quartus II 64-Bit Version 13.0.1 Build 232 06/12/2013 Service Pack 1 SJ Web Edition


---------------------
; Table of Contents ;
---------------------
  1. Legal Notice
  2. Analysis & Synthesis Summary
  3. Analysis & Synthesis Settings
  4. Parallel Compilation
  5. Analysis & Synthesis Source Files Read
  6. Analysis & Synthesis Resource Usage Summary
  7. Analysis & Synthesis Resource Utilization by Entity
  8. Analysis & Synthesis RAM Summary
  9. Analysis & Synthesis DSP Block Usage Summary
 10. State Machine - |ml_fx2_stream_bridge|tx_state
 11. State Machine - |ml_fx2_stream_bridge|rx_state
 12. State Machine - |ml_fx2_stream_bridge|ml_inference:core_i|state
 13. Registers Removed During Synthesis
 14. General Register Statistics
 15. Inverted Register Statistics
 16. Registers Added for RAM Pass-Through Logic
 17. Multiplexer Restructuring Statistics (Restructuring Performed)
 18. Source assignments for altsyncram:frame_ram|altsyncram_vm01:auto_generated
 19. Source assignments for altsyncram:frame_ram|altsyncram_vm01:auto_generated|altsyncram_peg1:altsyncram1
 20. Source assignments for ml_inference:core_i|altsyncram:l1_rom|altsyncram_vqt:auto_generated
 21. Source assignments for ml_inference:core_i|altsyncram:l2_rom|altsyncram_pnt:auto_generated
 22. Source assignments for ml_inference:core_i|altsyncram:b1_rom|altsyncram_mct:auto_generated
 23. Source assignments for ml_inference:core_i|altsyncram:b2_rom|altsyncram_hct:auto_generated
 24. Source assignments for ml_inference:core_i|altsyncram:hidden_rtl_0|altsyncram_4og1:auto_generated
 25. Source assignments for ml_inference:core_i|altsyncram:input_mem_rtl_0|altsyncram_mog1:auto_generated
 26. Parameter Settings for User Entity Instance: altsyncram:frame_ram
 27. Parameter Settings for User Entity Instance: ml_inference:core_i
 28. Parameter Settings for User Entity Instance: ml_inference:core_i|altsyncram:l1_rom
 29. Parameter Settings for User Entity Instance: ml_inference:core_i|altsyncram:l2_rom
 30. Parameter Settings for User Entity Instance: ml_inference:core_i|altsyncram:b1_rom
 31. Parameter Settings for User Entity Instance: ml_inference:core_i|altsyncram:b2_rom
 32. Parameter Settings for Inferred Entity Instance: ml_inference:core_i|altsyncram:hidden_rtl_0
 33. Parameter Settings for Inferred Entity Instance: ml_inference:core_i|altsyncram:input_mem_rtl_0
 34. Parameter Settings for Inferred Entity Instance: ml_inference:core_i|lpm_mult:Mult1
 35. Parameter Settings for Inferred Entity Instance: ml_inference:core_i|lpm_mult:Mult2
 36. Parameter Settings for Inferred Entity Instance: ml_inference:core_i|lpm_mult:Mult0
 37. altsyncram Parameter Settings by Entity Instance
 38. lpm_mult Parameter Settings by Entity Instance
 39. Port Connectivity Checks: "ml_inference:core_i"
 40. Elapsed Time Per Partition
 41. Analysis & Synthesis Messages
 42. Analysis & Synthesis Suppressed Messages



----------------
; Legal Notice ;
----------------
Copyright (C) 1991-2013 Altera Corporation
Your use of Altera Corporation's design tools, logic functions 
and other software and tools, and its AMPP partner logic 
functions, and any output files from any of the foregoing 
(including device programming or simulation files), and any 
associated documentation or information are expressly subject 
to the terms and conditions of the Altera Program License 
Subscription Agreement, Altera MegaCore Function License 
Agreement, or other applicable license agreement, including, 
without limitation, that your use is for the sole purpose of 
programming logic devices manufactured by Altera and sold by 
Altera or its authorized distributors.  Please refer to the 
applicable agreement for further details.



+--------------------------------------------------------------------------------------+
; Analysis & Synthesis Summary                                                         ;
+------------------------------------+-------------------------------------------------+
; Analysis & Synthesis Status        ; Successful - Sat Oct 03 02:00:01 2026           ;
; Quartus II 64-Bit Version          ; 13.0.1 Build 232 06/12/2013 SP 1 SJ Web Edition ;
; Revision Name                      ; fx2_ml_bridge                                   ;
; Top-level Entity Name              ; ml_fx2_stream_bridge                            ;
; Family                             ; Cyclone II                                      ;
; Total logic elements               ; 4,759                                           ;
;     Total combinational functions  ; 4,089                                           ;
;     Dedicated logic registers      ; 1,141                                           ;
; Total registers                    ; 1141                                            ;
; Total pins                         ; 31                                              ;
; Total virtual pins                 ; 0                                               ;
; Total memory bits                  ; 57,904                                          ;
; Embedded Multiplier 9-bit elements ; 9                                               ;
; Total PLLs                         ; 0                                               ;
+------------------------------------+-------------------------------------------------+


+------------------------------------------------------------------------------------------------------------------------+
; Analysis & Synthesis Settings                                                                                          ;
+----------------------------------------------------------------------------+----------------------+--------------------+
; Option                                                                     ; Setting              ; Default Value      ;
+----------------------------------------------------------------------------+----------------------+--------------------+
; Device                                                                     ; EP2C5T144C8          ;                    ;
; Top-level entity name                                                      ; ml_fx2_stream_bridge ; fx2_ml_bridge      ;
; Family name                                                                ; Cyclone II           ; Cyclone IV GX      ;
; Use smart compilation                                                      ; Off                  ; Off                ;
; Enable parallel Assembler and TimeQuest Timing Analyzer during compilation ; On                   ; On                 ;
; Enable compact report table                                                ; Off                  ; Off                ;
; Restructure Multiplexers                                                   ; Auto                 ; Auto               ;
; Create Debugging Nodes for IP Cores                                        ; Off                  ; Off                ;
; Preserve fewer node names                                                  ; On                   ; On                 ;
; Disable OpenCore Plus hardware evaluation                                  ; Off                  ; Off                ;
; Verilog Version                                                            ; Verilog_2001         ; Verilog_2001       ;
; VHDL Version                                                               ; VHDL_1993            ; VHDL_1993          ;
; State Machine Processing                                                   ; Auto                 ; Auto               ;
; Safe State Machine                                                         ; Off                  ; Off                ;
; Extract Verilog State Machines                                             ; On                   ; On                 ;
; Extract VHDL State Machines                                                ; On                   ; On                 ;
; Ignore Verilog initial constructs                                          ; Off                  ; Off                ;
; Iteration limit for constant Verilog loops                                 ; 5000                 ; 5000               ;
; Iteration limit for non-constant Verilog loops                             ; 250                  ; 250                ;
; Add Pass-Through Logic to Inferred RAMs                                    ; On                   ; On                 ;
; Infer RAMs from Raw Logic                                                  ; On                   ; On                 ;
; Parallel Synthesis                                                         ; On                   ; On                 ;
; DSP Block Balancing                                                        ; Auto                 ; Auto               ;
; NOT Gate Push-Back                                                         ; On                   ; On                 ;
; Power-Up Don't Care                                                        ; On                   ; On                 ;
; Remove Redundant Logic Cells                                               ; Off                  ; Off                ;
; Remove Duplicate Registers                                                 ; On                   ; On                 ;
; Ignore CARRY Buffers                                                       ; Off                  ; Off                ;
; Ignore CASCADE Buffers                                                     ; Off                  ; Off                ;
; Ignore GLOBAL Buffers                                                      ; Off                  ; Off                ;
; Ignore ROW GLOBAL Buffers                                                  ; Off                  ; Off                ;
; Ignore LCELL Buffers                                                       ; Off                  ; Off                ;
; Ignore SOFT Buffers                                                        ; On                   ; On                 ;
; Limit AHDL Integers to 32 Bits                                             ; Off                  ; Off                ;
; Optimization Technique                                                     ; Balanced             ; Balanced           ;
; Carry Chain Length                                                         ; 70                   ; 70                 ;
; Auto Carry Chains                                                          ; On                   ; On                 ;
; Auto Open-Drain Pins                                                       ; On                   ; On                 ;
; Perform WYSIWYG Primitive Resynthesis                                      ; Off                  ; Off                ;
; Auto ROM Replacement                                                       ; On                   ; On                 ;
; Auto RAM Replacement                                                       ; On                   ; On                 ;
; Auto Shift Register Replacement                                            ; Auto                 ; Auto               ;
; Allow Shift Register Merging across Hierarchies                            ; Auto                 ; Auto               ;
; Auto Clock Enable Replacement                                              ; On                   ; On                 ;
; Strict RAM Replacement                                                     ; Off                  ; Off                ;
; Allow Synchronous Control Signals                                          ; On                   ; On                 ;
; Force Use of Synchronous Clear Signals                                     ; Off                  ; Off                ;
; Auto RAM to Logic Cell Conversion                                          ; Off                  ; Off                ;
; Auto Resource Sharing                                                      ; Off                  ; Off                ;
; Allow Any RAM Size For Recognition                                         ; Off                  ; Off                ;
; Allow Any ROM Size For Recognition                                         ; Off                  ; Off                ;
; Allow Any Shift Register Size For Recognition                              ; Off                  ; Off                ;
; Use LogicLock Constraints during Resource Balancing                        ; On                   ; On                 ;
; Ignore translate_off and synthesis_off directives                          ; Off                  ; Off                ;
; Timing-Driven Synthesis                                                    ; Off                  ; Off                ;
; Report Parameter Settings                                                  ; On                   ; On                 ;
; Report Source Assignments                                                  ; On                   ; On                 ;
; Report Connectivity Checks                                                 ; On                   ; On                 ;
; Ignore Maximum Fan-Out Assignments                                         ; Off                  ; Off                ;
; Synchronization Register Chain Length                                      ; 2                    ; 2                  ;
; PowerPlay Power Optimization                                               ; Normal compilation   ; Normal compilation ;
; HDL message level                                                          ; Level2               ; Level2             ;
; Suppress Register Optimization Related Messages                            ; Off                  ; Off                ;
; Number of Removed Registers Reported in Synthesis Report                   ; 5000                 ; 5000               ;
; Number of Swept Nodes Reported in Synthesis Report                         ; 5000                 ; 5000               ;
; Number of Inverted Registers Reported in Synthesis Report                  ; 100                  ; 100                ;
; Clock MUX Protection                                                       ; On                   ; On                 ;
; Auto Gated Clock Conversion                                                ; Off                  ; Off                ;
; Block Design Naming                                                        ; Auto                 ; Auto               ;
; SDC constraint protection                                                  ; Off                  ; Off                ;
; Synthesis Effort                                                           ; Auto                 ; Auto               ;
; Shift Register Replacement - Allow Asynchronous Clear Signal               ; On                   ; On                 ;
; Pre-Mapping Resynthesis Optimization                                       ; Off                  ; Off                ;
; Analysis & Synthesis Message Level                                         ; Medium               ; Medium             ;
; Disable Register Merging Across Hierarchies                                ; Auto                 ; Auto               ;
; Resource Aware Inference For Block RAM                                     ; On                   ; On                 ;
; Synthesis Seed                                                             ; 1                    ; 1                  ;
+----------------------------------------------------------------------------+----------------------+--------------------+


+------------------------------------------+
; Parallel Compilation                     ;
+----------------------------+-------------+
; Processors                 ; Number      ;
+----------------------------+-------------+
; Number detected on machine ; 6           ;
; Maximum allowed            ; 6           ;
;                            ;             ;
; Average used               ; 1.00        ;
; Maximum used               ; 1           ;
;                            ;             ;
; Usage by Processor         ; % Time Used ;
;     Processor 1            ; 100.0%      ;
;     Processors 2-6         ;   0.0%      ;
+----------------------------+-------------+


+-------------------------------------------------------------------------------------------------------------------------------------------------------------------------------------+
; Analysis & Synthesis Source Files Read                                                                                                                                              ;
+----------------------------------+-----------------+----------------------------------+-----------------------------------------------------------------------------------+---------+
; File Name with User-Entered Path ; Used in Netlist ; File Type                        ; File Name with Absolute Path                                                      ; Library ;
+----------------------------------+-----------------+----------------------------------+-----------------------------------------------------------------------------------+---------+
; ml_fx2_stream_bridge.sv          ; yes             ; User SystemVerilog HDL File      ; D:/fpga/cyclone2-handwriting-ml/rtl/fx2_ml_bridge/ml_fx2_stream_bridge.sv         ;         ;
; ../ml_inference.sv               ; yes             ; User SystemVerilog HDL File      ; D:/fpga/cyclone2-handwriting-ml/rtl/ml_inference.sv                               ;         ;
; ../../artifacts/weights_l1.mif   ; yes             ; User Memory Initialization File  ; D:/fpga/cyclone2-handwriting-ml/artifacts/weights_l1.mif                          ;         ;
; ../../artifacts/weights_l2.mif   ; yes             ; User Memory Initialization File  ; D:/fpga/cyclone2-handwriting-ml/artifacts/weights_l2.mif                          ;         ;
; ../../artifacts/bias_l1.mif      ; yes             ; User Memory Initialization File  ; D:/fpga/cyclone2-handwriting-ml/artifacts/bias_l1.mif                             ;         ;
; ../../artifacts/bias_l2.mif      ; yes             ; User Memory Initialization File  ; D:/fpga/cyclone2-handwriting-ml/artifacts/bias_l2.mif                             ;         ;
; altsyncram.tdf                   ; yes             ; Megafunction                     ; d:/program/altera/13.0sp1/quartus/libraries/megafunctions/altsyncram.tdf          ;         ;
; stratix_ram_block.inc            ; yes             ; Megafunction                     ; d:/program/altera/13.0sp1/quartus/libraries/megafunctions/stratix_ram_block.inc   ;         ;
; lpm_mux.inc                      ; yes             ; Megafunction                     ; d:/program/altera/13.0sp1/quartus/libraries/megafunctions/lpm_mux.inc             ;         ;
; lpm_decode.inc                   ; yes             ; Megafunction                     ; d:/program/altera/13.0sp1/quartus/libraries/megafunctions/lpm_decode.inc          ;         ;
; aglobal130.inc                   ; yes             ; Megafunction                     ; d:/program/altera/13.0sp1/quartus/libraries/megafunctions/aglobal130.inc          ;         ;
; a_rdenreg.inc                    ; yes             ; Megafunction                     ; d:/program/altera/13.0sp1/quartus/libraries/megafunctions/a_rdenreg.inc           ;         ;
; altrom.inc                       ; yes             ; Megafunction                     ; d:/program/altera/13.0sp1/quartus/libraries/megafunctions/altrom.inc              ;         ;
; altram.inc                       ; yes             ; Megafunction                     ; d:/program/altera/13.0sp1/quartus/libraries/megafunctions/altram.inc              ;         ;
; altdpram.inc                     ; yes             ; Megafunction                     ; d:/program/altera/13.0sp1/quartus/libraries/megafunctions/altdpram.inc            ;         ;
; db/altsyncram_vm01.tdf           ; yes             ; Auto-Generated Megafunction      ; D:/fpga/cyclone2-handwriting-ml/rtl/fx2_ml_bridge/db/altsyncram_vm01.tdf          ;         ;
; db/altsyncram_peg1.tdf           ; yes             ; Auto-Generated Megafunction      ; D:/fpga/cyclone2-handwriting-ml/rtl/fx2_ml_bridge/db/altsyncram_peg1.tdf          ;         ;
; db/altsyncram_vqt.tdf            ; yes             ; Auto-Generated Megafunction      ; D:/fpga/cyclone2-handwriting-ml/rtl/fx2_ml_bridge/db/altsyncram_vqt.tdf           ;         ;
; db/decode_1oa.tdf                ; yes             ; Auto-Generated Megafunction      ; D:/fpga/cyclone2-handwriting-ml/rtl/fx2_ml_bridge/db/decode_1oa.tdf               ;         ;
; db/mux_hib.tdf                   ; yes             ; Auto-Generated Megafunction      ; D:/fpga/cyclone2-handwriting-ml/rtl/fx2_ml_bridge/db/mux_hib.tdf                  ;         ;
; db/altsyncram_pnt.tdf            ; yes             ; Auto-Generated Megafunction      ; D:/fpga/cyclone2-handwriting-ml/rtl/fx2_ml_bridge/db/altsyncram_pnt.tdf           ;         ;
; db/altsyncram_mct.tdf            ; yes             ; Auto-Generated Megafunction      ; D:/fpga/cyclone2-handwriting-ml/rtl/fx2_ml_bridge/db/altsyncram_mct.tdf           ;         ;
; db/altsyncram_hct.tdf            ; yes             ; Auto-Generated Megafunction      ; D:/fpga/cyclone2-handwriting-ml/rtl/fx2_ml_bridge/db/altsyncram_hct.tdf           ;         ;
; db/altsyncram_4og1.tdf           ; yes             ; Auto-Generated Megafunction      ; D:/fpga/cyclone2-handwriting-ml/rtl/fx2_ml_bridge/db/altsyncram_4og1.tdf          ;         ;
; db/altsyncram_mog1.tdf           ; yes             ; Auto-Generated Megafunction      ; D:/fpga/cyclone2-handwriting-ml/rtl/fx2_ml_bridge/db/altsyncram_mog1.tdf          ;         ;
; lpm_mult.tdf                     ; yes             ; Megafunction                     ; d:/program/altera/13.0sp1/quartus/libraries/megafunctions/lpm_mult.tdf            ;         ;
; lpm_add_sub.inc                  ; yes             ; Megafunction                     ; d:/program/altera/13.0sp1/quartus/libraries/megafunctions/lpm_add_sub.inc         ;         ;
; multcore.inc                     ; yes             ; Megafunction                     ; d:/program/altera/13.0sp1/quartus/libraries/megafunctions/multcore.inc            ;         ;
; bypassff.inc                     ; yes             ; Megafunction                     ; d:/program/altera/13.0sp1/quartus/libraries/megafunctions/bypassff.inc            ;         ;
; altshift.inc                     ; yes             ; Megafunction                     ; d:/program/altera/13.0sp1/quartus/libraries/megafunctions/altshift.inc            ;         ;
; db/mult_fus.tdf                  ; yes             ; Auto-Generated Megafunction      ; D:/fpga/cyclone2-handwriting-ml/rtl/fx2_ml_bridge/db/mult_fus.tdf                 ;         ;
; db/mult_90t.tdf                  ; yes             ; Auto-Generated Megafunction      ; D:/fpga/cyclone2-handwriting-ml/rtl/fx2_ml_bridge/db/mult_90t.tdf                 ;         ;
; multcore.tdf                     ; yes             ; Megafunction                     ; d:/program/altera/13.0sp1/quartus/libraries/megafunctions/multcore.tdf            ;         ;
; csa_add.inc                      ; yes             ; Megafunction                     ; d:/program/altera/13.0sp1/quartus/libraries/megafunctions/csa_add.inc             ;         ;
; mpar_add.inc                     ; yes             ; Megafunction                     ; d:/program/altera/13.0sp1/quartus/libraries/megafunctions/mpar_add.inc            ;         ;
; muleabz.inc                      ; yes             ; Megafunction                     ; d:/program/altera/13.0sp1/quartus/libraries/megafunctions/muleabz.inc             ;         ;
; mul_lfrg.inc                     ; yes             ; Megafunction                     ; d:/program/altera/13.0sp1/quartus/libraries/megafunctions/mul_lfrg.inc            ;         ;
; mul_boothc.inc                   ; yes             ; Megafunction                     ; d:/program/altera/13.0sp1/quartus/libraries/megafunctions/mul_boothc.inc          ;         ;
; alt_ded_mult.inc                 ; yes             ; Megafunction                     ; d:/program/altera/13.0sp1/quartus/libraries/megafunctions/alt_ded_mult.inc        ;         ;
; alt_ded_mult_y.inc               ; yes             ; Megafunction                     ; d:/program/altera/13.0sp1/quartus/libraries/megafunctions/alt_ded_mult_y.inc      ;         ;
; dffpipe.inc                      ; yes             ; Megafunction                     ; d:/program/altera/13.0sp1/quartus/libraries/megafunctions/dffpipe.inc             ;         ;
; mpar_add.tdf                     ; yes             ; Megafunction                     ; d:/program/altera/13.0sp1/quartus/libraries/megafunctions/mpar_add.tdf            ;         ;
; lpm_add_sub.tdf                  ; yes             ; Megafunction                     ; d:/program/altera/13.0sp1/quartus/libraries/megafunctions/lpm_add_sub.tdf         ;         ;
; addcore.inc                      ; yes             ; Megafunction                     ; d:/program/altera/13.0sp1/quartus/libraries/megafunctions/addcore.inc             ;         ;
; look_add.inc                     ; yes             ; Megafunction                     ; d:/program/altera/13.0sp1/quartus/libraries/megafunctions/look_add.inc            ;         ;
; alt_stratix_add_sub.inc          ; yes             ; Megafunction                     ; d:/program/altera/13.0sp1/quartus/libraries/megafunctions/alt_stratix_add_sub.inc ;         ;
; db/add_sub_rfh.tdf               ; yes             ; Auto-Generated Megafunction      ; D:/fpga/cyclone2-handwriting-ml/rtl/fx2_ml_bridge/db/add_sub_rfh.tdf              ;         ;
; db/add_sub_15h.tdf               ; yes             ; Auto-Generated Megafunction      ; D:/fpga/cyclone2-handwriting-ml/rtl/fx2_ml_bridge/db/add_sub_15h.tdf              ;         ;
; db/add_sub_vfh.tdf               ; yes             ; Auto-Generated Megafunction      ; D:/fpga/cyclone2-handwriting-ml/rtl/fx2_ml_bridge/db/add_sub_vfh.tdf              ;         ;
; altshift.tdf                     ; yes             ; Megafunction                     ; d:/program/altera/13.0sp1/quartus/libraries/megafunctions/altshift.tdf            ;         ;
+----------------------------------+-----------------+----------------------------------+-----------------------------------------------------------------------------------+---------+


+-----------------------------------------------------+
; Analysis & Synthesis Resource Usage Summary         ;
+---------------------------------------------+-------+
; Resource                                    ; Usage ;
+---------------------------------------------+-------+
; Estimated Total logic elements              ; 4,759 ;
;                                             ;       ;
; Total combinational functions               ; 4089  ;
; Logic element usage by number of LUT inputs ;       ;
;     -- 4 input functions                    ; 984   ;
;     -- 3 input functions                    ; 2788  ;
;     -- <=2 input functions                  ; 317   ;
;                                             ;       ;
; Logic elements by mode                      ;       ;
;     -- normal mode                          ; 2484  ;
;     -- arithmetic mode                      ; 1605  ;
;                                             ;       ;
; Total registers                             ; 1141  ;
;     -- Dedicated logic registers            ; 1141  ;
;     -- I/O registers                        ; 0     ;
;                                             ;       ;
; I/O pins                                    ; 31    ;
; Total memory bits                           ; 57904 ;
; Embedded Multiplier 9-bit elements          ; 9     ;
; Maximum fan-out node                        ; clk   ;
; Maximum fan-out                             ; 1300  ;
; Total fan-out                               ; 18341 ;
; Average fan-out                             ; 3.38  ;
+---------------------------------------------+-------+


+-------------------------------------------------------------------------------------------------------------------------------------------------------------------------------------------------------------------------------------------------------------------------------------------------------------------------------------------------+
; Analysis & Synthesis Resource Utilization by Entity                                                                                                                                                                                                                                                                                             ;
+---------------------------------------------------+-------------------+--------------+-------------+--------------+---------+-----------+------+--------------+------------------------------------------------------------------------------------------------------------------------------------------------------------------+--------------+
; Compilation Hierarchy Node                        ; LC Combinationals ; LC Registers ; Memory Bits ; DSP Elements ; DSP 9x9 ; DSP 18x18 ; Pins ; Virtual Pins ; Full Hierarchy Name                                                                                                                                              ; Library Name ;
+---------------------------------------------------+-------------------+--------------+-------------+--------------+---------+-----------+------+--------------+------------------------------------------------------------------------------------------------------------------------------------------------------------------+--------------+
; |ml_fx2_stream_bridge                             ; 4089 (173)        ; 1141 (156)   ; 57904       ; 9            ; 1       ; 4         ; 31   ; 0            ; |ml_fx2_stream_bridge                                                                                                                                            ; work         ;
;    |altsyncram:frame_ram|                         ; 0 (0)             ; 0 (0)        ; 1024        ; 0            ; 0       ; 0         ; 0    ; 0            ; |ml_fx2_stream_bridge|altsyncram:frame_ram                                                                                                                       ; work         ;
;       |altsyncram_vm01:auto_generated|            ; 0 (0)             ; 0 (0)        ; 1024        ; 0            ; 0       ; 0         ; 0    ; 0            ; |ml_fx2_stream_bridge|altsyncram:frame_ram|altsyncram_vm01:auto_generated                                                                                        ; work         ;
;          |altsyncram_peg1:altsyncram1|            ; 0 (0)             ; 0 (0)        ; 1024        ; 0            ; 0       ; 0         ; 0    ; 0            ; |ml_fx2_stream_bridge|altsyncram:frame_ram|altsyncram_vm01:auto_generated|altsyncram_peg1:altsyncram1                                                            ; work         ;
;    |ml_inference:core_i|                          ; 3916 (3806)       ; 985 (984)    ; 56880       ; 9            ; 1       ; 4         ; 0    ; 0            ; |ml_fx2_stream_bridge|ml_inference:core_i                                                                                                                        ; work         ;
;       |altsyncram:b1_rom|                         ; 0 (0)             ; 0 (0)        ; 1024        ; 0            ; 0       ; 0         ; 0    ; 0            ; |ml_fx2_stream_bridge|ml_inference:core_i|altsyncram:b1_rom                                                                                                      ; work         ;
;          |altsyncram_mct:auto_generated|          ; 0 (0)             ; 0 (0)        ; 1024        ; 0            ; 0       ; 0         ; 0    ; 0            ; |ml_fx2_stream_bridge|ml_inference:core_i|altsyncram:b1_rom|altsyncram_mct:auto_generated                                                                        ; work         ;
;       |altsyncram:b2_rom|                         ; 0 (0)             ; 0 (0)        ; 320         ; 0            ; 0       ; 0         ; 0    ; 0            ; |ml_fx2_stream_bridge|ml_inference:core_i|altsyncram:b2_rom                                                                                                      ; work         ;
;          |altsyncram_hct:auto_generated|          ; 0 (0)             ; 0 (0)        ; 320         ; 0            ; 0       ; 0         ; 0    ; 0            ; |ml_fx2_stream_bridge|ml_inference:core_i|altsyncram:b2_rom|altsyncram_hct:auto_generated                                                                        ; work         ;
;       |altsyncram:hidden_rtl_0|                   ; 0 (0)             ; 0 (0)        ; 2016        ; 0            ; 0       ; 0         ; 0    ; 0            ; |ml_fx2_stream_bridge|ml_inference:core_i|altsyncram:hidden_rtl_0                                                                                                ; work         ;
;          |altsyncram_4og1:auto_generated|         ; 0 (0)             ; 0 (0)        ; 2016        ; 0            ; 0       ; 0         ; 0    ; 0            ; |ml_fx2_stream_bridge|ml_inference:core_i|altsyncram:hidden_rtl_0|altsyncram_4og1:auto_generated                                                                 ; work         ;
;       |altsyncram:input_mem_rtl_0|                ; 0 (0)             ; 0 (0)        ; 784         ; 0            ; 0       ; 0         ; 0    ; 0            ; |ml_fx2_stream_bridge|ml_inference:core_i|altsyncram:input_mem_rtl_0                                                                                             ; work         ;
;          |altsyncram_mog1:auto_generated|         ; 0 (0)             ; 0 (0)        ; 784         ; 0            ; 0       ; 0         ; 0    ; 0            ; |ml_fx2_stream_bridge|ml_inference:core_i|altsyncram:input_mem_rtl_0|altsyncram_mog1:auto_generated                                                              ; work         ;
;       |altsyncram:l1_rom|                         ; 8 (0)             ; 1 (0)        ; 50176       ; 0            ; 0       ; 0         ; 0    ; 0            ; |ml_fx2_stream_bridge|ml_inference:core_i|altsyncram:l1_rom                                                                                                      ; work         ;
;          |altsyncram_vqt:auto_generated|          ; 8 (0)             ; 1 (1)        ; 50176       ; 0            ; 0       ; 0         ; 0    ; 0            ; |ml_fx2_stream_bridge|ml_inference:core_i|altsyncram:l1_rom|altsyncram_vqt:auto_generated                                                                        ; work         ;
;             |mux_hib:mux2|                        ; 8 (8)             ; 0 (0)        ; 0           ; 0            ; 0       ; 0         ; 0    ; 0            ; |ml_fx2_stream_bridge|ml_inference:core_i|altsyncram:l1_rom|altsyncram_vqt:auto_generated|mux_hib:mux2                                                           ; work         ;
;       |altsyncram:l2_rom|                         ; 0 (0)             ; 0 (0)        ; 2560        ; 0            ; 0       ; 0         ; 0    ; 0            ; |ml_fx2_stream_bridge|ml_inference:core_i|altsyncram:l2_rom                                                                                                      ; work         ;
;          |altsyncram_pnt:auto_generated|          ; 0 (0)             ; 0 (0)        ; 2560        ; 0            ; 0       ; 0         ; 0    ; 0            ; |ml_fx2_stream_bridge|ml_inference:core_i|altsyncram:l2_rom|altsyncram_pnt:auto_generated                                                                        ; work         ;
;       |lpm_mult:Mult0|                            ; 17 (0)            ; 0 (0)        ; 0           ; 0            ; 0       ; 0         ; 0    ; 0            ; |ml_fx2_stream_bridge|ml_inference:core_i|lpm_mult:Mult0                                                                                                         ; work         ;
;          |multcore:mult_core|                     ; 17 (7)            ; 0 (0)        ; 0           ; 0            ; 0       ; 0         ; 0    ; 0            ; |ml_fx2_stream_bridge|ml_inference:core_i|lpm_mult:Mult0|multcore:mult_core                                                                                      ; work         ;
;             |mpar_add:padder|                     ; 10 (0)            ; 0 (0)        ; 0           ; 0            ; 0       ; 0         ; 0    ; 0            ; |ml_fx2_stream_bridge|ml_inference:core_i|lpm_mult:Mult0|multcore:mult_core|mpar_add:padder                                                                      ; work         ;
;                |lpm_add_sub:adder[0]|             ; 7 (0)             ; 0 (0)        ; 0           ; 0            ; 0       ; 0         ; 0    ; 0            ; |ml_fx2_stream_bridge|ml_inference:core_i|lpm_mult:Mult0|multcore:mult_core|mpar_add:padder|lpm_add_sub:adder[0]                                                 ; work         ;
;                   |add_sub_15h:auto_generated|    ; 7 (7)             ; 0 (0)        ; 0           ; 0            ; 0       ; 0         ; 0    ; 0            ; |ml_fx2_stream_bridge|ml_inference:core_i|lpm_mult:Mult0|multcore:mult_core|mpar_add:padder|lpm_add_sub:adder[0]|add_sub_15h:auto_generated                      ; work         ;
;                |mpar_add:sub_par_add|             ; 3 (0)             ; 0 (0)        ; 0           ; 0            ; 0       ; 0         ; 0    ; 0            ; |ml_fx2_stream_bridge|ml_inference:core_i|lpm_mult:Mult0|multcore:mult_core|mpar_add:padder|mpar_add:sub_par_add                                                 ; work         ;
;                   |lpm_add_sub:adder[0]|          ; 3 (0)             ; 0 (0)        ; 0           ; 0            ; 0       ; 0         ; 0    ; 0            ; |ml_fx2_stream_bridge|ml_inference:core_i|lpm_mult:Mult0|multcore:mult_core|mpar_add:padder|mpar_add:sub_par_add|lpm_add_sub:adder[0]                            ; work         ;
;                      |add_sub_vfh:auto_generated| ; 3 (3)             ; 0 (0)        ; 0           ; 0            ; 0       ; 0         ; 0    ; 0            ; |ml_fx2_stream_bridge|ml_inference:core_i|lpm_mult:Mult0|multcore:mult_core|mpar_add:padder|mpar_add:sub_par_add|lpm_add_sub:adder[0]|add_sub_vfh:auto_generated ; work         ;
;       |lpm_mult:Mult1|                            ; 0 (0)             ; 0 (0)        ; 0           ; 1            ; 1       ; 0         ; 0    ; 0            ; |ml_fx2_stream_bridge|ml_inference:core_i|lpm_mult:Mult1                                                                                                         ; work         ;
;          |mult_fus:auto_generated|                ; 0 (0)             ; 0 (0)        ; 0           ; 1            ; 1       ; 0         ; 0    ; 0            ; |ml_fx2_stream_bridge|ml_inference:core_i|lpm_mult:Mult1|mult_fus:auto_generated                                                                                 ; work         ;
;       |lpm_mult:Mult2|                            ; 85 (0)            ; 0 (0)        ; 0           ; 8            ; 0       ; 4         ; 0    ; 0            ; |ml_fx2_stream_bridge|ml_inference:core_i|lpm_mult:Mult2                                                                                                         ; work         ;
;          |mult_90t:auto_generated|                ; 85 (85)           ; 0 (0)        ; 0           ; 8            ; 0       ; 4         ; 0    ; 0            ; |ml_fx2_stream_bridge|ml_inference:core_i|lpm_mult:Mult2|mult_90t:auto_generated                                                                                 ; work         ;
+---------------------------------------------------+-------------------+--------------+-------------+--------------+---------+-----------+------+--------------+------------------------------------------------------------------------------------------------------------------------------------------------------------------+--------------+
Note: For table entries with two numbers listed, the numbers in parentheses indicate the number of resources of the given type used by the specific entity alone. The numbers listed outside of parentheses indicate the total resources of the given type used by the specific entity and all of its sub-entities in the hierarchy.


+---------------------------------------------------------------------------------------------------------------------------------------------------------------------------------------------------------------------------+
; Analysis & Synthesis RAM Summary                                                                                                                                                                                          ;
+--------------------------------------------------------------------------------------------+------+------------------+--------------+--------------+--------------+--------------+-------+--------------------------------+
; Name                                                                                       ; Type ; Mode             ; Port A Depth ; Port A Width ; Port B Depth ; Port B Width ; Size  ; MIF                            ;
+--------------------------------------------------------------------------------------------+------+------------------+--------------+--------------+--------------+--------------+-------+--------------------------------+
; altsyncram:frame_ram|altsyncram_vm01:auto_generated|altsyncram_peg1:altsyncram1|ALTSYNCRAM ; AUTO ; True Dual Port   ; 256          ; 4            ; 256          ; 4            ; 1024  ; None                           ;
; ml_inference:core_i|altsyncram:b1_rom|altsyncram_mct:auto_generated|ALTSYNCRAM             ; AUTO ; ROM              ; 32           ; 32           ; --           ; --           ; 1024  ; ../../artifacts/bias_l1.mif    ;
; ml_inference:core_i|altsyncram:b2_rom|altsyncram_hct:auto_generated|ALTSYNCRAM             ; AUTO ; ROM              ; 10           ; 32           ; --           ; --           ; 320   ; ../../artifacts/bias_l2.mif    ;
; ml_inference:core_i|altsyncram:hidden_rtl_0|altsyncram_4og1:auto_generated|ALTSYNCRAM      ; AUTO ; Simple Dual Port ; 32           ; 63           ; 32           ; 63           ; 2016  ; None                           ;
; ml_inference:core_i|altsyncram:input_mem_rtl_0|altsyncram_mog1:auto_generated|ALTSYNCRAM   ; AUTO ; Simple Dual Port ; 196          ; 4            ; 196          ; 4            ; 784   ; None                           ;
; ml_inference:core_i|altsyncram:l1_rom|altsyncram_vqt:auto_generated|ALTSYNCRAM             ; AUTO ; ROM              ; 6272         ; 8            ; --           ; --           ; 50176 ; ../../artifacts/weights_l1.mif ;
; ml_inference:core_i|altsyncram:l2_rom|altsyncram_pnt:auto_generated|ALTSYNCRAM             ; AUTO ; ROM              ; 320          ; 8            ; --           ; --           ; 2560  ; ../../artifacts/weights_l2.mif ;
+--------------------------------------------------------------------------------------------+------+------------------+--------------+--------------+--------------+--------------+-------+--------------------------------+


+-----------------------------------------------------+
; Analysis & Synthesis DSP Block Usage Summary        ;
+---------------------------------------+-------------+
; Statistic                             ; Number Used ;
+---------------------------------------+-------------+
; Simple Multipliers (9-bit)            ; 1           ;
; Simple Multipliers (18-bit)           ; 4           ;
; Embedded Multiplier Blocks            ; --          ;
; Embedded Multiplier 9-bit elements    ; 9           ;
; Signed Embedded Multipliers           ; 2           ;
; Unsigned Embedded Multipliers         ; 0           ;
; Mixed Sign Embedded Multipliers       ; 3           ;
; Variable Sign Embedded Multipliers    ; 0           ;
; Dedicated Input Shift Register Chains ; 0           ;
+---------------------------------------+-------------+
Note: number of Embedded Multiplier Blocks used is only available after a successful fit.


Encoding Type:  One-Hot
+-------------------------------------------------------------------------------------------------+
; State Machine - |ml_fx2_stream_bridge|tx_state                                                  ;
+-------------------+------------------+-------------------+-------------------+------------------+
; Name              ; tx_state.TX_NEXT ; tx_state.TX_WRITE ; tx_state.TX_SETUP ; tx_state.TX_IDLE ;
+-------------------+------------------+-------------------+-------------------+------------------+
; tx_state.TX_IDLE  ; 0                ; 0                 ; 0                 ; 0                ;
; tx_state.TX_SETUP ; 0                ; 0                 ; 1                 ; 1                ;
; tx_state.TX_WRITE ; 0                ; 1                 ; 0                 ; 1                ;
; tx_state.TX_NEXT  ; 1                ; 0                 ; 0                 ; 1                ;
+-------------------+------------------+-------------------+-------------------+------------------+


Encoding Type:  One-Hot
+-------------------------------------------------------------------------------------------------------------------------------------------------------+
; State Machine - |ml_fx2_stream_bridge|rx_state                                                                                                        ;
+------------------------+------------------------+-----------------------+---------------------+-----------------+------------------+------------------+
; Name                   ; rx_state.RX_STORE_HIGH ; rx_state.RX_STORE_LOW ; rx_state.RX_CAPTURE ; rx_state.RX_LOW ; rx_state.RX_WAIT ; rx_state.RX_IDLE ;
+------------------------+------------------------+-----------------------+---------------------+-----------------+------------------+------------------+
; rx_state.RX_IDLE       ; 0                      ; 0                     ; 0                   ; 0               ; 0                ; 0                ;
; rx_state.RX_WAIT       ; 0                      ; 0                     ; 0                   ; 0               ; 1                ; 1                ;
; rx_state.RX_LOW        ; 0                      ; 0                     ; 0                   ; 1               ; 0                ; 1                ;
; rx_state.RX_CAPTURE    ; 0                      ; 0                     ; 1                   ; 0               ; 0                ; 1                ;
; rx_state.RX_STORE_LOW  ; 0                      ; 1                     ; 0                   ; 0               ; 0                ; 1                ;
; rx_state.RX_STORE_HIGH ; 1                      ; 0                     ; 0                   ; 0               ; 0                ; 1                ;
+------------------------+------------------------+-----------------------+---------------------+-----------------+------------------+------------------+


Encoding Type:  One-Hot
+-------------------------------------------------------------------------------------------------------------------------------------------------------------+
; State Machine - |ml_fx2_stream_bridge|ml_inference:core_i|state                                                                                             ;
+--------------------+--------------+-------------+---------------+--------------+-------------+---------------+------------+------------+--------------------+
; Name               ; state.FINISH ; state.O_MAC ; state.O_SETUP ; state.H_NEXT ; state.H_MAC ; state.H_SETUP ; state.LOAD ; state.IDLE ; state.REJECT_FRAME ;
+--------------------+--------------+-------------+---------------+--------------+-------------+---------------+------------+------------+--------------------+
; state.IDLE         ; 0            ; 0           ; 0             ; 0            ; 0           ; 0             ; 0          ; 0          ; 0                  ;
; state.LOAD         ; 0            ; 0           ; 0             ; 0            ; 0           ; 0             ; 1          ; 1          ; 0                  ;
; state.H_SETUP      ; 0            ; 0           ; 0             ; 0            ; 0           ; 1             ; 0          ; 1          ; 0                  ;
; state.H_MAC        ; 0            ; 0           ; 0             ; 0            ; 1           ; 0             ; 0          ; 1          ; 0                  ;
; state.H_NEXT       ; 0            ; 0           ; 0             ; 1            ; 0           ; 0             ; 0          ; 1          ; 0                  ;
; state.O_SETUP      ; 0            ; 0           ; 1             ; 0            ; 0           ; 0             ; 0          ; 1          ; 0                  ;
; state.O_MAC        ; 0            ; 1           ; 0             ; 0            ; 0           ; 0             ; 0          ; 1          ; 0                  ;
; state.FINISH       ; 1            ; 0           ; 0             ; 0            ; 0           ; 0             ; 0          ; 1          ; 0                  ;
; state.REJECT_FRAME ; 0            ; 0           ; 0             ; 0            ; 0           ; 0             ; 0          ; 1          ; 1                  ;
+--------------------+--------------+-------------+---------------+--------------+-------------+---------------+------------+------------+--------------------+


+-----------------------------------------------------------------------------------------------+
; Registers Removed During Synthesis                                                            ;
+------------------------------------------------+----------------------------------------------+
; Register name                                  ; Reason for Removal                           ;
+------------------------------------------------+----------------------------------------------+
; ml_inference:core_i|input_mem_rtl_0_bypass[2]  ; Merged with ml_inference:core_i|pixel_idx[0] ;
; ml_inference:core_i|input_mem_rtl_0_bypass[4]  ; Merged with ml_inference:core_i|pixel_idx[1] ;
; ml_inference:core_i|input_mem_rtl_0_bypass[6]  ; Merged with ml_inference:core_i|pixel_idx[2] ;
; ml_inference:core_i|input_mem_rtl_0_bypass[8]  ; Merged with ml_inference:core_i|pixel_idx[3] ;
; ml_inference:core_i|input_mem_rtl_0_bypass[10] ; Merged with ml_inference:core_i|pixel_idx[4] ;
; ml_inference:core_i|input_mem_rtl_0_bypass[12] ; Merged with ml_inference:core_i|pixel_idx[5] ;
; ml_inference:core_i|input_mem_rtl_0_bypass[14] ; Merged with ml_inference:core_i|pixel_idx[6] ;
; ml_inference:core_i|input_mem_rtl_0_bypass[16] ; Merged with ml_inference:core_i|pixel_idx[7] ;
; ml_inference:core_i|hidden_rtl_0_bypass[2]     ; Merged with ml_inference:core_i|neuron[0]    ;
; ml_inference:core_i|hidden_rtl_0_bypass[4]     ; Merged with ml_inference:core_i|neuron[1]    ;
; ml_inference:core_i|hidden_rtl_0_bypass[6]     ; Merged with ml_inference:core_i|neuron[2]    ;
; ml_inference:core_i|hidden_rtl_0_bypass[8]     ; Merged with ml_inference:core_i|neuron[3]    ;
; ml_inference:core_i|hidden_rtl_0_bypass[10]    ; Merged with ml_inference:core_i|neuron[4]    ;
; tx_state~7                                     ; Lost fanout                                  ;
; tx_state~8                                     ; Lost fanout                                  ;
; rx_state~8                                     ; Lost fanout                                  ;
; rx_state~9                                     ; Lost fanout                                  ;
; rx_state~10                                    ; Lost fanout                                  ;
; ml_inference:core_i|state~11                   ; Lost fanout                                  ;
; ml_inference:core_i|state~12                   ; Lost fanout                                  ;
; ml_inference:core_i|state~13                   ; Lost fanout                                  ;
; ml_inference:core_i|state.REJECT_FRAME         ; Stuck at GND due to stuck port data_in       ;
; Total Number of Removed Registers = 22         ;                                              ;
+------------------------------------------------+----------------------------------------------+


+------------------------------------------------------+
; General Register Statistics                          ;
+----------------------------------------------+-------+
; Statistic                                    ; Value ;
+----------------------------------------------+-------+
; Total registers                              ; 1141  ;
; Number of registers using Synchronous Clear  ; 187   ;
; Number of registers using Synchronous Load   ; 4     ;
; Number of registers using Asynchronous Clear ; 148   ;
; Number of registers using Asynchronous Load  ; 0     ;
; Number of registers using Clock Enable       ; 1014  ;
; Number of registers using Preset             ; 0     ;
+----------------------------------------------+-------+


+--------------------------------------------------+
; Inverted Register Statistics                     ;
+----------------------------------------+---------+
; Inverted Register                      ; Fan out ;
+----------------------------------------+---------+
; SLOE~reg0                              ; 1       ;
; SLRD~reg0                              ; 1       ;
; SLWR~reg0                              ; 17      ;
; led[0]~reg0                            ; 1       ;
; led[1]~reg0                            ; 1       ;
; led[2]~reg0                            ; 1       ;
; led[3]~reg0                            ; 1       ;
; Total number of inverted registers = 7 ;         ;
+----------------------------------------+---------+


+--------------------------------------------------------------------------------------+
; Registers Added for RAM Pass-Through Logic                                           ;
+------------------------------------------------+-------------------------------------+
; Register Name                                  ; RAM Name                            ;
+------------------------------------------------+-------------------------------------+
; ml_inference:core_i|hidden_rtl_0_bypass[0]     ; ml_inference:core_i|hidden_rtl_0    ;
; ml_inference:core_i|hidden_rtl_0_bypass[1]     ; ml_inference:core_i|hidden_rtl_0    ;
; ml_inference:core_i|hidden_rtl_0_bypass[2]     ; ml_inference:core_i|hidden_rtl_0    ;
; ml_inference:core_i|hidden_rtl_0_bypass[3]     ; ml_inference:core_i|hidden_rtl_0    ;
; ml_inference:core_i|hidden_rtl_0_bypass[4]     ; ml_inference:core_i|hidden_rtl_0    ;
; ml_inference:core_i|hidden_rtl_0_bypass[5]     ; ml_inference:core_i|hidden_rtl_0    ;
; ml_inference:core_i|hidden_rtl_0_bypass[6]     ; ml_inference:core_i|hidden_rtl_0    ;
; ml_inference:core_i|hidden_rtl_0_bypass[7]     ; ml_inference:core_i|hidden_rtl_0    ;
; ml_inference:core_i|hidden_rtl_0_bypass[8]     ; ml_inference:core_i|hidden_rtl_0    ;
; ml_inference:core_i|hidden_rtl_0_bypass[9]     ; ml_inference:core_i|hidden_rtl_0    ;
; ml_inference:core_i|hidden_rtl_0_bypass[10]    ; ml_inference:core_i|hidden_rtl_0    ;
; ml_inference:core_i|hidden_rtl_0_bypass[11]    ; ml_inference:core_i|hidden_rtl_0    ;
; ml_inference:core_i|hidden_rtl_0_bypass[12]    ; ml_inference:core_i|hidden_rtl_0    ;
; ml_inference:core_i|hidden_rtl_0_bypass[13]    ; ml_inference:core_i|hidden_rtl_0    ;
; ml_inference:core_i|hidden_rtl_0_bypass[14]    ; ml_inference:core_i|hidden_rtl_0    ;
; ml_inference:core_i|hidden_rtl_0_bypass[15]    ; ml_inference:core_i|hidden_rtl_0    ;
; ml_inference:core_i|hidden_rtl_0_bypass[16]    ; ml_inference:core_i|hidden_rtl_0    ;
; ml_inference:core_i|hidden_rtl_0_bypass[17]    ; ml_inference:core_i|hidden_rtl_0    ;
; ml_inference:core_i|hidden_rtl_0_bypass[18]    ; ml_inference:core_i|hidden_rtl_0    ;
; ml_inference:core_i|hidden_rtl_0_bypass[19]    ; ml_inference:core_i|hidden_rtl_0    ;
; ml_inference:core_i|hidden_rtl_0_bypass[20]    ; ml_inference:core_i|hidden_rtl_0    ;
; ml_inference:core_i|hidden_rtl_0_bypass[21]    ; ml_inference:core_i|hidden_rtl_0    ;
; ml_inference:core_i|hidden_rtl_0_bypass[22]    ; ml_inference:core_i|hidden_rtl_0    ;
; ml_inference:core_i|hidden_rtl_0_bypass[23]    ; ml_inference:core_i|hidden_rtl_0    ;
; ml_inference:core_i|hidden_rtl_0_bypass[24]    ; ml_inference:core_i|hidden_rtl_0    ;
; ml_inference:core_i|hidden_rtl_0_bypass[25]    ; ml_inference:core_i|hidden_rtl_0    ;
; ml_inference:core_i|hidden_rtl_0_bypass[26]    ; ml_inference:core_i|hidden_rtl_0    ;
; ml_inference:core_i|hidden_rtl_0_bypass[27]    ; ml_inference:core_i|hidden_rtl_0    ;
; ml_inference:core_i|hidden_rtl_0_bypass[28]    ; ml_inference:core_i|hidden_rtl_0    ;
; ml_inference:core_i|hidden_rtl_0_bypass[29]    ; ml_inference:core_i|hidden_rtl_0    ;
; ml_inference:core_i|hidden_rtl_0_bypass[30]    ; ml_inference:core_i|hidden_rtl_0    ;
; ml_inference:core_i|hidden_rtl_0_bypass[31]    ; ml_inference:core_i|hidden_rtl_0    ;
; ml_inference:core_i|hidden_rtl_0_bypass[32]    ; ml_inference:core_i|hidden_rtl_0    ;
; ml_inference:core_i|hidden_rtl_0_bypass[33]    ; ml_inference:core_i|hidden_rtl_0    ;
; ml_inference:core_i|hidden_rtl_0_bypass[34]    ; ml_inference:core_i|hidden_rtl_0    ;
; ml_inference:core_i|hidden_rtl_0_bypass[35]    ; ml_inference:core_i|hidden_rtl_0    ;
; ml_inference:core_i|hidden_rtl_0_bypass[36]    ; ml_inference:core_i|hidden_rtl_0    ;
; ml_inference:core_i|hidden_rtl_0_bypass[37]    ; ml_inference:core_i|hidden_rtl_0    ;
; ml_inference:core_i|hidden_rtl_0_bypass[38]    ; ml_inference:core_i|hidden_rtl_0    ;
; ml_inference:core_i|hidden_rtl_0_bypass[39]    ; ml_inference:core_i|hidden_rtl_0    ;
; ml_inference:core_i|hidden_rtl_0_bypass[40]    ; ml_inference:core_i|hidden_rtl_0    ;
; ml_inference:core_i|hidden_rtl_0_bypass[41]    ; ml_inference:core_i|hidden_rtl_0    ;
; ml_inference:core_i|hidden_rtl_0_bypass[42]    ; ml_inference:core_i|hidden_rtl_0    ;
; ml_inference:core_i|hidden_rtl_0_bypass[43]    ; ml_inference:core_i|hidden_rtl_0    ;
; ml_inference:core_i|hidden_rtl_0_bypass[44]    ; ml_inference:core_i|hidden_rtl_0    ;
; ml_inference:core_i|hidden_rtl_0_bypass[45]    ; ml_inference:core_i|hidden_rtl_0    ;
; ml_inference:core_i|hidden_rtl_0_bypass[46]    ; ml_inference:core_i|hidden_rtl_0    ;
; ml_inference:core_i|hidden_rtl_0_bypass[47]    ; ml_inference:core_i|hidden_rtl_0    ;
; ml_inference:core_i|hidden_rtl_0_bypass[48]    ; ml_inference:core_i|hidden_rtl_0    ;
; ml_inference:core_i|hidden_rtl_0_bypass[49]    ; ml_inference:core_i|hidden_rtl_0    ;
; ml_inference:core_i|hidden_rtl_0_bypass[50]    ; ml_inference:core_i|hidden_rtl_0    ;
; ml_inference:core_i|hidden_rtl_0_bypass[51]    ; ml_inference:core_i|hidden_rtl_0    ;
; ml_inference:core_i|hidden_rtl_0_bypass[52]    ; ml_inference:core_i|hidden_rtl_0    ;
; ml_inference:core_i|hidden_rtl_0_bypass[53]    ; ml_inference:core_i|hidden_rtl_0    ;
; ml_inference:core_i|hidden_rtl_0_bypass[54]    ; ml_inference:core_i|hidden_rtl_0    ;
; ml_inference:core_i|hidden_rtl_0_bypass[55]    ; ml_inference:core_i|hidden_rtl_0    ;
; ml_inference:core_i|hidden_rtl_0_bypass[56]    ; ml_inference:core_i|hidden_rtl_0    ;
; ml_inference:core_i|hidden_rtl_0_bypass[57]    ; ml_inference:core_i|hidden_rtl_0    ;
; ml_inference:core_i|hidden_rtl_0_bypass[58]    ; ml_inference:core_i|hidden_rtl_0    ;
; ml_inference:core_i|hidden_rtl_0_bypass[59]    ; ml_inference:core_i|hidden_rtl_0    ;
; ml_inference:core_i|hidden_rtl_0_bypass[60]    ; ml_inference:core_i|hidden_rtl_0    ;
; ml_inference:core_i|hidden_rtl_0_bypass[61]    ; ml_inference:core_i|hidden_rtl_0    ;
; ml_inference:core_i|hidden_rtl_0_bypass[62]    ; ml_inference:core_i|hidden_rtl_0    ;
; ml_inference:core_i|hidden_rtl_0_bypass[63]    ; ml_inference:core_i|hidden_rtl_0    ;
; ml_inference:core_i|hidden_rtl_0_bypass[64]    ; ml_inference:core_i|hidden_rtl_0    ;
; ml_inference:core_i|hidden_rtl_0_bypass[65]    ; ml_inference:core_i|hidden_rtl_0    ;
; ml_inference:core_i|hidden_rtl_0_bypass[66]    ; ml_inference:core_i|hidden_rtl_0    ;
; ml_inference:core_i|hidden_rtl_0_bypass[67]    ; ml_inference:core_i|hidden_rtl_0    ;
; ml_inference:core_i|hidden_rtl_0_bypass[68]    ; ml_inference:core_i|hidden_rtl_0    ;
; ml_inference:core_i|hidden_rtl_0_bypass[69]    ; ml_inference:core_i|hidden_rtl_0    ;
; ml_inference:core_i|hidden_rtl_0_bypass[70]    ; ml_inference:core_i|hidden_rtl_0    ;
; ml_inference:core_i|hidden_rtl_0_bypass[71]    ; ml_inference:core_i|hidden_rtl_0    ;
; ml_inference:core_i|hidden_rtl_0_bypass[72]    ; ml_inference:core_i|hidden_rtl_0    ;
; ml_inference:core_i|hidden_rtl_0_bypass[73]    ; ml_inference:core_i|hidden_rtl_0    ;
; ml_inference:core_i|input_mem_rtl_0_bypass[0]  ; ml_inference:core_i|input_mem_rtl_0 ;
; ml_inference:core_i|input_mem_rtl_0_bypass[1]  ; ml_inference:core_i|input_mem_rtl_0 ;
; ml_inference:core_i|input_mem_rtl_0_bypass[2]  ; ml_inference:core_i|input_mem_rtl_0 ;
; ml_inference:core_i|input_mem_rtl_0_bypass[3]  ; ml_inference:core_i|input_mem_rtl_0 ;
; ml_inference:core_i|input_mem_rtl_0_bypass[4]  ; ml_inference:core_i|input_mem_rtl_0 ;
; ml_inference:core_i|input_mem_rtl_0_bypass[5]  ; ml_inference:core_i|input_mem_rtl_0 ;
; ml_inference:core_i|input_mem_rtl_0_bypass[6]  ; ml_inference:core_i|input_mem_rtl_0 ;
; ml_inference:core_i|input_mem_rtl_0_bypass[7]  ; ml_inference:core_i|input_mem_rtl_0 ;
; ml_inference:core_i|input_mem_rtl_0_bypass[8]  ; ml_inference:core_i|input_mem_rtl_0 ;
; ml_inference:core_i|input_mem_rtl_0_bypass[9]  ; ml_inference:core_i|input_mem_rtl_0 ;
; ml_inference:core_i|input_mem_rtl_0_bypass[10] ; ml_inference:core_i|input_mem_rtl_0 ;
; ml_inference:core_i|input_mem_rtl_0_bypass[11] ; ml_inference:core_i|input_mem_rtl_0 ;
; ml_inference:core_i|input_mem_rtl_0_bypass[12] ; ml_inference:core_i|input_mem_rtl_0 ;
; ml_inference:core_i|input_mem_rtl_0_bypass[13] ; ml_inference:core_i|input_mem_rtl_0 ;
; ml_inference:core_i|input_mem_rtl_0_bypass[14] ; ml_inference:core_i|input_mem_rtl_0 ;
; ml_inference:core_i|input_mem_rtl_0_bypass[15] ; ml_inference:core_i|input_mem_rtl_0 ;
; ml_inference:core_i|input_mem_rtl_0_bypass[16] ; ml_inference:core_i|input_mem_rtl_0 ;
; ml_inference:core_i|input_mem_rtl_0_bypass[17] ; ml_inference:core_i|input_mem_rtl_0 ;
; ml_inference:core_i|input_mem_rtl_0_bypass[18] ; ml_inference:core_i|input_mem_rtl_0 ;
; ml_inference:core_i|input_mem_rtl_0_bypass[19] ; ml_inference:core_i|input_mem_rtl_0 ;
; ml_inference:core_i|input_mem_rtl_0_bypass[20] ; ml_inference:core_i|input_mem_rtl_0 ;
+------------------------------------------------+-------------------------------------+


+---------------------------------------------------------------------------------------------------------------------------------------------------------------------------+
; Multiplexer Restructuring Statistics (Restructuring Performed)                                                                                                            ;
+--------------------+-----------+---------------+----------------------+------------------------+------------+-------------------------------------------------------------+
; Multiplexer Inputs ; Bus Width ; Baseline Area ; Area if Restructured ; Saving if Restructured ; Registered ; Example Multiplexer Output                                  ;
+--------------------+-----------+---------------+----------------------+------------------------+------------+-------------------------------------------------------------+
; 3:1                ; 29 bits   ; 58 LEs        ; 29 LEs               ; 29 LEs                 ; Yes        ; |ml_fx2_stream_bridge|ml_inference:core_i|result_margin[10] ;
; 4:1                ; 32 bits   ; 64 LEs        ; 32 LEs               ; 32 LEs                 ; Yes        ; |ml_fx2_stream_bridge|ml_inference:core_i|result_cycles[29] ;
; 4:1                ; 32 bits   ; 64 LEs        ; 32 LEs               ; 32 LEs                 ; Yes        ; |ml_fx2_stream_bridge|ml_inference:core_i|cycle_ctr[1]      ;
; 4:1                ; 8 bits    ; 16 LEs        ; 8 LEs                ; 8 LEs                  ; Yes        ; |ml_fx2_stream_bridge|feed_index[7]                         ;
; 5:1                ; 7 bits    ; 21 LEs        ; 7 LEs                ; 14 LEs                 ; Yes        ; |ml_fx2_stream_bridge|rx_count[1]                           ;
; 6:1                ; 3 bits    ; 12 LEs        ; 3 LEs                ; 9 LEs                  ; Yes        ; |ml_fx2_stream_bridge|tx_index[0]                           ;
; 6:1                ; 2 bits    ; 8 LEs         ; 2 LEs                ; 6 LEs                  ; Yes        ; |ml_fx2_stream_bridge|tx_packet_count[1]                    ;
; 7:1                ; 3 bits    ; 12 LEs        ; 3 LEs                ; 9 LEs                  ; Yes        ; |ml_fx2_stream_bridge|tx_wait[2]                            ;
; 7:1                ; 64 bits   ; 256 LEs       ; 128 LEs              ; 128 LEs                ; Yes        ; |ml_fx2_stream_bridge|ml_inference:core_i|acc[28]           ;
; 8:1                ; 6 bits    ; 30 LEs        ; 6 LEs                ; 24 LEs                 ; Yes        ; |ml_fx2_stream_bridge|rx_wait[0]                            ;
; 8:1                ; 32 bits   ; 160 LEs       ; 32 LEs               ; 128 LEs                ; Yes        ; |ml_fx2_stream_bridge|ml_inference:core_i|output_n[6]       ;
; 13:1               ; 7 bits    ; 56 LEs        ; 21 LEs               ; 35 LEs                 ; Yes        ; |ml_fx2_stream_bridge|tx_word_reg[14]                       ;
; 13:1               ; 4 bits    ; 32 LEs        ; 16 LEs               ; 16 LEs                 ; Yes        ; |ml_fx2_stream_bridge|tx_word_reg[5]                        ;
; 13:1               ; 4 bits    ; 32 LEs        ; 16 LEs               ; 16 LEs                 ; Yes        ; |ml_fx2_stream_bridge|tx_word_reg[0]                        ;
; 10:1               ; 24 bits   ; 144 LEs       ; 24 LEs               ; 120 LEs                ; Yes        ; |ml_fx2_stream_bridge|ml_inference:core_i|pixel_idx[18]     ;
; 11:1               ; 19 bits   ; 133 LEs       ; 19 LEs               ; 114 LEs                ; Yes        ; |ml_fx2_stream_bridge|ml_inference:core_i|neuron[21]        ;
; 4:1                ; 16 bits   ; 32 LEs        ; 32 LEs               ; 0 LEs                  ; Yes        ; |ml_fx2_stream_bridge|fifo_out_data[7]                      ;
; 11:1               ; 8 bits    ; 56 LEs        ; 8 LEs                ; 48 LEs                 ; Yes        ; |ml_fx2_stream_bridge|ml_inference:core_i|neuron[11]        ;
; 3:1                ; 2 bits    ; 4 LEs         ; 2 LEs                ; 2 LEs                  ; No         ; |ml_fx2_stream_bridge|ml_inference:core_i|state             ;
; 3:1                ; 64 bits   ; 128 LEs       ; 128 LEs              ; 0 LEs                  ; No         ; |ml_fx2_stream_bridge|ml_inference:core_i|scan_second       ;
; 3:1                ; 64 bits   ; 128 LEs       ; 128 LEs              ; 0 LEs                  ; No         ; |ml_fx2_stream_bridge|ml_inference:core_i|scan_second       ;
; 3:1                ; 64 bits   ; 128 LEs       ; 128 LEs              ; 0 LEs                  ; No         ; |ml_fx2_stream_bridge|ml_inference:core_i|scan_second       ;
; 3:1                ; 64 bits   ; 128 LEs       ; 128 LEs              ; 0 LEs                  ; No         ; |ml_fx2_stream_bridge|ml_inference:core_i|scan_second       ;
; 3:1                ; 64 bits   ; 128 LEs       ; 128 LEs              ; 0 LEs                  ; No         ; |ml_fx2_stream_bridge|ml_inference:core_i|scan_second       ;
; 3:1                ; 64 bits   ; 128 LEs       ; 128 LEs              ; 0 LEs                  ; No         ; |ml_fx2_stream_bridge|ml_inference:core_i|scan_second       ;
; 3:1                ; 64 bits   ; 128 LEs       ; 128 LEs              ; 0 LEs                  ; No         ; |ml_fx2_stream_bridge|ml_inference:core_i|scan_second       ;
; 3:1                ; 64 bits   ; 128 LEs       ; 128 LEs              ; 0 LEs                  ; No         ; |ml_fx2_stream_bridge|ml_inference:core_i|scan_second       ;
; 3:1                ; 8 bits    ; 16 LEs        ; 16 LEs               ; 0 LEs                  ; No         ; |ml_fx2_stream_bridge|ml_inference:core_i|result_confidence ;
; 3:1                ; 16 bits   ; 32 LEs        ; 32 LEs               ; 0 LEs                  ; No         ; |ml_fx2_stream_bridge|ml_inference:core_i|result_margin     ;
; 3:1                ; 2 bits    ; 4 LEs         ; 4 LEs                ; 0 LEs                  ; No         ; |ml_fx2_stream_bridge|ml_inference:core_i|state             ;
; 7:1                ; 2 bits    ; 8 LEs         ; 6 LEs                ; 2 LEs                  ; No         ; |ml_fx2_stream_bridge|Selector62                            ;
; 8:1                ; 2 bits    ; 10 LEs        ; 6 LEs                ; 4 LEs                  ; No         ; |ml_fx2_stream_bridge|Selector60                            ;
; 8:1                ; 3 bits    ; 15 LEs        ; 12 LEs               ; 3 LEs                  ; No         ; |ml_fx2_stream_bridge|Selector7                             ;
; 10:1               ; 8 bits    ; 48 LEs        ; 16 LEs               ; 32 LEs                 ; No         ; |ml_fx2_stream_bridge|ml_inference:core_i|pixel_idx         ;
; 11:1               ; 5 bits    ; 35 LEs        ; 10 LEs               ; 25 LEs                 ; No         ; |ml_fx2_stream_bridge|ml_inference:core_i|neuron            ;
+--------------------+-----------+---------------+----------------------+------------------------+------------+-------------------------------------------------------------+


+----------------------------------------------------------------------------+
; Source assignments for altsyncram:frame_ram|altsyncram_vm01:auto_generated ;
+---------------------------------+--------------------+------+--------------+
; Assignment                      ; Value              ; From ; To           ;
+---------------------------------+--------------------+------+--------------+
; OPTIMIZE_POWER_DURING_SYNTHESIS ; NORMAL_COMPILATION ; -    ; -            ;
+---------------------------------+--------------------+------+--------------+


+--------------------------------------------------------------------------------------------------------+
; Source assignments for altsyncram:frame_ram|altsyncram_vm01:auto_generated|altsyncram_peg1:altsyncram1 ;
+---------------------------------+--------------------+------+------------------------------------------+
; Assignment                      ; Value              ; From ; To                                       ;
+---------------------------------+--------------------+------+------------------------------------------+
; OPTIMIZE_POWER_DURING_SYNTHESIS ; NORMAL_COMPILATION ; -    ; -                                        ;
+---------------------------------+--------------------+------+------------------------------------------+


+--------------------------------------------------------------------------------------------+
; Source assignments for ml_inference:core_i|altsyncram:l1_rom|altsyncram_vqt:auto_generated ;
+---------------------------------+--------------------+------+------------------------------+
; Assignment                      ; Value              ; From ; To                           ;
+---------------------------------+--------------------+------+------------------------------+
; OPTIMIZE_POWER_DURING_SYNTHESIS ; NORMAL_COMPILATION ; -    ; -                            ;
+---------------------------------+--------------------+------+------------------------------+


+--------------------------------------------------------------------------------------------+
; Source assignments for ml_inference:core_i|altsyncram:l2_rom|altsyncram_pnt:auto_generated ;
+---------------------------------+--------------------+------+------------------------------+
; Assignment                      ; Value              ; From ; To                           ;
+---------------------------------+--------------------+------+------------------------------+
; OPTIMIZE_POWER_DURING_SYNTHESIS ; NORMAL_COMPILATION ; -    ; -                            ;
+---------------------------------+--------------------+------+------------------------------+


+--------------------------------------------------------------------------------------------+
; Source assignments for ml_inference:core_i|altsyncram:b1_rom|altsyncram_mct:auto_generated ;
+---------------------------------+--------------------+------+------------------------------+
; Assignment                      ; Value              ; From ; To                           ;
+---------------------------------+--------------------+------+------------------------------+
; OPTIMIZE_POWER_DURING_SYNTHESIS ; NORMAL_COMPILATION ; -    ; -                            ;
+---------------------------------+--------------------+------+------------------------------+


+--------------------------------------------------------------------------------------------+
; Source assignments for ml_inference:core_i|altsyncram:b2_rom|altsyncram_hct:auto_generated ;
+---------------------------------+--------------------+------+------------------------------+
; Assignment                      ; Value              ; From ; To                           ;
+---------------------------------+--------------------+------+------------------------------+
; OPTIMIZE_POWER_DURING_SYNTHESIS ; NORMAL_COMPILATION ; -    ; -                            ;
+---------------------------------+--------------------+------+------------------------------+


+---------------------------------------------------------------------------------------------------+
; Source assignments for ml_inference:core_i|altsyncram:hidden_rtl_0|altsyncram_4og1:auto_generated ;
+---------------------------------+--------------------+------+-------------------------------------+
; Assignment                      ; Value              ; From ; To                                  ;
+---------------------------------+--------------------+------+-------------------------------------+
; OPTIMIZE_POWER_DURING_SYNTHESIS ; NORMAL_COMPILATION ; -    ; -                                   ;
+---------------------------------+--------------------+------+-------------------------------------+


+------------------------------------------------------------------------------------------------------+
; Source assignments for ml_inference:core_i|altsyncram:input_mem_rtl_0|altsyncram_mog1:auto_generated ;
+---------------------------------+--------------------+------+----------------------------------------+
; Assignment                      ; Value              ; From ; To                                     ;
+---------------------------------+--------------------+------+----------------------------------------+
; OPTIMIZE_POWER_DURING_SYNTHESIS ; NORMAL_COMPILATION ; -    ; -                                      ;
+---------------------------------+--------------------+------+----------------------------------------+


+----------------------------------------------------------------------------+
; Parameter Settings for User Entity Instance: altsyncram:frame_ram          ;
+------------------------------------+----------------------+----------------+
; Parameter Name                     ; Value                ; Type           ;
+------------------------------------+----------------------+----------------+
; BYTE_SIZE_BLOCK                    ; 8                    ; Untyped        ;
; AUTO_CARRY_CHAINS                  ; ON                   ; AUTO_CARRY     ;
; IGNORE_CARRY_BUFFERS               ; OFF                  ; IGNORE_CARRY   ;
; AUTO_CASCADE_CHAINS                ; ON                   ; AUTO_CASCADE   ;
; IGNORE_CASCADE_BUFFERS             ; OFF                  ; IGNORE_CASCADE ;
; WIDTH_BYTEENA                      ; 1                    ; Untyped        ;
; OPERATION_MODE                     ; DUAL_PORT            ; Untyped        ;
; WIDTH_A                            ; 4                    ; Signed Integer ;
; WIDTHAD_A                          ; 8                    ; Signed Integer ;
; NUMWORDS_A                         ; 256                  ; Signed Integer ;
; OUTDATA_REG_A                      ; UNREGISTERED         ; Untyped        ;
; ADDRESS_ACLR_A                     ; NONE                 ; Untyped        ;
; OUTDATA_ACLR_A                     ; NONE                 ; Untyped        ;
; WRCONTROL_ACLR_A                   ; NONE                 ; Untyped        ;
; INDATA_ACLR_A                      ; NONE                 ; Untyped        ;
; BYTEENA_ACLR_A                     ; NONE                 ; Untyped        ;
; WIDTH_B                            ; 4                    ; Signed Integer ;
; WIDTHAD_B                          ; 8                    ; Signed Integer ;
; NUMWORDS_B                         ; 256                  ; Signed Integer ;
; INDATA_REG_B                       ; CLOCK1               ; Untyped        ;
; WRCONTROL_WRADDRESS_REG_B          ; CLOCK1               ; Untyped        ;
; RDCONTROL_REG_B                    ; CLOCK1               ; Untyped        ;
; ADDRESS_REG_B                      ; CLOCK1               ; Untyped        ;
; OUTDATA_REG_B                      ; UNREGISTERED         ; Untyped        ;
; BYTEENA_REG_B                      ; CLOCK1               ; Untyped        ;
; INDATA_ACLR_B                      ; NONE                 ; Untyped        ;
; WRCONTROL_ACLR_B                   ; NONE                 ; Untyped        ;
; ADDRESS_ACLR_B                     ; NONE                 ; Untyped        ;
; OUTDATA_ACLR_B                     ; NONE                 ; Untyped        ;
; RDCONTROL_ACLR_B                   ; NONE                 ; Untyped        ;
; BYTEENA_ACLR_B                     ; NONE                 ; Untyped        ;
; WIDTH_BYTEENA_A                    ; 1                    ; Untyped        ;
; WIDTH_BYTEENA_B                    ; 1                    ; Untyped        ;
; RAM_BLOCK_TYPE                     ; AUTO                 ; Untyped        ;
; BYTE_SIZE                          ; 8                    ; Untyped        ;
; READ_DURING_WRITE_MODE_MIXED_PORTS ; DONT_CARE            ; Untyped        ;
; READ_DURING_WRITE_MODE_PORT_A      ; NEW_DATA_NO_NBE_READ ; Untyped        ;
; READ_DURING_WRITE_MODE_PORT_B      ; NEW_DATA_NO_NBE_READ ; Untyped        ;
; INIT_FILE                          ; UNUSED               ; Untyped        ;
; INIT_FILE_LAYOUT                   ; PORT_A               ; Untyped        ;
; MAXIMUM_DEPTH                      ; 0                    ; Untyped        ;
; CLOCK_ENABLE_INPUT_A               ; NORMAL               ; Untyped        ;
; CLOCK_ENABLE_INPUT_B               ; NORMAL               ; Untyped        ;
; CLOCK_ENABLE_OUTPUT_A              ; NORMAL               ; Untyped        ;
; CLOCK_ENABLE_OUTPUT_B              ; NORMAL               ; Untyped        ;
; CLOCK_ENABLE_CORE_A                ; USE_INPUT_CLKEN      ; Untyped        ;
; CLOCK_ENABLE_CORE_B                ; USE_INPUT_CLKEN      ; Untyped        ;
; ENABLE_ECC                         ; FALSE                ; Untyped        ;
; ECC_PIPELINE_STAGE_ENABLED         ; FALSE                ; Untyped        ;
; WIDTH_ECCSTATUS                    ; 3                    ; Untyped        ;
; DEVICE_FAMILY                      ; Cyclone II           ; Untyped        ;
; CBXI_PARAMETER                     ; altsyncram_vm01      ; Untyped        ;
+------------------------------------+----------------------+----------------+
Note: In order to hide this table in the UI and the text report file, please set the "Show Parameter Settings in Synthesis Report" option in "Analysis and Synthesis Settings -> More Settings" to "Off".


+------------------------------------------------------------------+
; Parameter Settings for User Entity Instance: ml_inference:core_i ;
+----------------------+-------+-----------------------------------+
; Parameter Name       ; Value ; Type                              ;
+----------------------+-------+-----------------------------------+
; CONFIDENCE_THRESHOLD ; 0     ; Signed Integer                    ;
; MARGIN_THRESHOLD     ; 0     ; Signed Integer                    ;
+----------------------+-------+-----------------------------------+
Note: In order to hide this table in the UI and the text report file, please set the "Show Parameter Settings in Synthesis Report" option in "Analysis and Synthesis Settings -> More Settings" to "Off".


+--------------------------------------------------------------------------------------+
; Parameter Settings for User Entity Instance: ml_inference:core_i|altsyncram:l1_rom   ;
+------------------------------------+--------------------------------+----------------+
; Parameter Name                     ; Value                          ; Type           ;
+------------------------------------+--------------------------------+----------------+
; BYTE_SIZE_BLOCK                    ; 8                              ; Untyped        ;
; AUTO_CARRY_CHAINS                  ; ON                             ; AUTO_CARRY     ;
; IGNORE_CARRY_BUFFERS               ; OFF                            ; IGNORE_CARRY   ;
; AUTO_CASCADE_CHAINS                ; ON                             ; AUTO_CASCADE   ;
; IGNORE_CASCADE_BUFFERS             ; OFF                            ; IGNORE_CASCADE ;
; WIDTH_BYTEENA                      ; 1                              ; Untyped        ;
; OPERATION_MODE                     ; ROM                            ; Untyped        ;
; WIDTH_A                            ; 8                              ; Signed Integer ;
; WIDTHAD_A                          ; 13                             ; Signed Integer ;
; NUMWORDS_A                         ; 6272                           ; Signed Integer ;
; OUTDATA_REG_A                      ; UNREGISTERED                   ; Untyped        ;
; ADDRESS_ACLR_A                     ; NONE                           ; Untyped        ;
; OUTDATA_ACLR_A                     ; NONE                           ; Untyped        ;
; WRCONTROL_ACLR_A                   ; NONE                           ; Untyped        ;
; INDATA_ACLR_A                      ; NONE                           ; Untyped        ;
; BYTEENA_ACLR_A                     ; NONE                           ; Untyped        ;
; WIDTH_B                            ; 1                              ; Untyped        ;
; WIDTHAD_B                          ; 1                              ; Untyped        ;
; NUMWORDS_B                         ; 1                              ; Untyped        ;
; INDATA_REG_B                       ; CLOCK1                         ; Untyped        ;
; WRCONTROL_WRADDRESS_REG_B          ; CLOCK1                         ; Untyped        ;
; RDCONTROL_REG_B                    ; CLOCK1                         ; Untyped        ;
; ADDRESS_REG_B                      ; CLOCK1                         ; Untyped        ;
; OUTDATA_REG_B                      ; UNREGISTERED                   ; Untyped        ;
; BYTEENA_REG_B                      ; CLOCK1                         ; Untyped        ;
; INDATA_ACLR_B                      ; NONE                           ; Untyped        ;
; WRCONTROL_ACLR_B                   ; NONE                           ; Untyped        ;
; ADDRESS_ACLR_B                     ; NONE                           ; Untyped        ;
; OUTDATA_ACLR_B                     ; NONE                           ; Untyped        ;
; RDCONTROL_ACLR_B                   ; NONE                           ; Untyped        ;
; BYTEENA_ACLR_B                     ; NONE                           ; Untyped        ;
; WIDTH_BYTEENA_A                    ; 1                              ; Untyped        ;
; WIDTH_BYTEENA_B                    ; 1                              ; Untyped        ;
; RAM_BLOCK_TYPE                     ; AUTO                           ; Untyped        ;
; BYTE_SIZE                          ; 8                              ; Untyped        ;
; READ_DURING_WRITE_MODE_MIXED_PORTS ; DONT_CARE                      ; Untyped        ;
; READ_DURING_WRITE_MODE_PORT_A      ; NEW_DATA_NO_NBE_READ           ; Untyped        ;
; READ_DURING_WRITE_MODE_PORT_B      ; NEW_DATA_NO_NBE_READ           ; Untyped        ;
; INIT_FILE                          ; ../../artifacts/weights_l1.mif ; Untyped        ;
; INIT_FILE_LAYOUT                   ; PORT_A                         ; Untyped        ;
; MAXIMUM_DEPTH                      ; 0                              ; Untyped        ;
; CLOCK_ENABLE_INPUT_A               ; NORMAL                         ; Untyped        ;
; CLOCK_ENABLE_INPUT_B               ; NORMAL                         ; Untyped        ;
; CLOCK_ENABLE_OUTPUT_A              ; NORMAL                         ; Untyped        ;
; CLOCK_ENABLE_OUTPUT_B              ; NORMAL                         ; Untyped        ;
; CLOCK_ENABLE_CORE_A                ; USE_INPUT_CLKEN                ; Untyped        ;
; CLOCK_ENABLE_CORE_B                ; USE_INPUT_CLKEN                ; Untyped        ;
; ENABLE_ECC                         ; FALSE                          ; Untyped        ;
; ECC_PIPELINE_STAGE_ENABLED         ; FALSE                          ; Untyped        ;
; WIDTH_ECCSTATUS                    ; 3                              ; Untyped        ;
; DEVICE_FAMILY                      ; Cyclone II                     ; Untyped        ;
; CBXI_PARAMETER                     ; altsyncram_vqt                 ; Untyped        ;
+------------------------------------+--------------------------------+----------------+
Note: In order to hide this table in the UI and the text report file, please set the "Show Parameter Settings in Synthesis Report" option in "Analysis and Synthesis Settings -> More Settings" to "Off".


+--------------------------------------------------------------------------------------+
; Parameter Settings for User Entity Instance: ml_inference:core_i|altsyncram:l2_rom   ;
+------------------------------------+--------------------------------+----------------+
; Parameter Name                     ; Value                          ; Type           ;
+------------------------------------+--------------------------------+----------------+
; BYTE_SIZE_BLOCK                    ; 8                              ; Untyped        ;
; AUTO_CARRY_CHAINS                  ; ON                             ; AUTO_CARRY     ;
; IGNORE_CARRY_BUFFERS               ; OFF                            ; IGNORE_CARRY   ;
; AUTO_CASCADE_CHAINS                ; ON                             ; AUTO_CASCADE   ;
; IGNORE_CASCADE_BUFFERS             ; OFF                            ; IGNORE_CASCADE ;
; WIDTH_BYTEENA                      ; 1                              ; Untyped        ;
; OPERATION_MODE                     ; ROM                            ; Untyped        ;
; WIDTH_A                            ; 8                              ; Signed Integer ;
; WIDTHAD_A                          ; 9                              ; Signed Integer ;
; NUMWORDS_A                         ; 320                            ; Signed Integer ;
; OUTDATA_REG_A                      ; UNREGISTERED                   ; Untyped        ;
; ADDRESS_ACLR_A                     ; NONE                           ; Untyped        ;
; OUTDATA_ACLR_A                     ; NONE                           ; Untyped        ;
; WRCONTROL_ACLR_A                   ; NONE                           ; Untyped        ;
; INDATA_ACLR_A                      ; NONE                           ; Untyped        ;
; BYTEENA_ACLR_A                     ; NONE                           ; Untyped        ;
; WIDTH_B                            ; 1                              ; Untyped        ;
; WIDTHAD_B                          ; 1                              ; Untyped        ;
; NUMWORDS_B                         ; 1                              ; Untyped        ;
; INDATA_REG_B                       ; CLOCK1                         ; Untyped        ;
; WRCONTROL_WRADDRESS_REG_B          ; CLOCK1                         ; Untyped        ;
; RDCONTROL_REG_B                    ; CLOCK1                         ; Untyped        ;
; ADDRESS_REG_B                      ; CLOCK1                         ; Untyped        ;
; OUTDATA_REG_B                      ; UNREGISTERED                   ; Untyped        ;
; BYTEENA_REG_B                      ; CLOCK1                         ; Untyped        ;
; INDATA_ACLR_B                      ; NONE                           ; Untyped        ;
; WRCONTROL_ACLR_B                   ; NONE                           ; Untyped        ;
; ADDRESS_ACLR_B                     ; NONE                           ; Untyped        ;
; OUTDATA_ACLR_B                     ; NONE                           ; Untyped        ;
; RDCONTROL_ACLR_B                   ; NONE                           ; Untyped        ;
; BYTEENA_ACLR_B                     ; NONE                           ; Untyped        ;
; WIDTH_BYTEENA_A                    ; 1                              ; Untyped        ;
; WIDTH_BYTEENA_B                    ; 1                              ; Untyped        ;
; RAM_BLOCK_TYPE                     ; AUTO                           ; Untyped        ;
; BYTE_SIZE                          ; 8                              ; Untyped        ;
; READ_DURING_WRITE_MODE_MIXED_PORTS ; DONT_CARE                      ; Untyped        ;
; READ_DURING_WRITE_MODE_PORT_A      ; NEW_DATA_NO_NBE_READ           ; Untyped        ;
; READ_DURING_WRITE_MODE_PORT_B      ; NEW_DATA_NO_NBE_READ           ; Untyped        ;
; INIT_FILE                          ; ../../artifacts/weights_l2.mif ; Untyped        ;
; INIT_FILE_LAYOUT                   ; PORT_A                         ; Untyped        ;
; MAXIMUM_DEPTH                      ; 0                              ; Untyped        ;
; CLOCK_ENABLE_INPUT_A               ; NORMAL                         ; Untyped        ;
; CLOCK_ENABLE_INPUT_B               ; NORMAL                         ; Untyped        ;
; CLOCK_ENABLE_OUTPUT_A              ; NORMAL                         ; Untyped        ;
; CLOCK_ENABLE_OUTPUT_B              ; NORMAL                         ; Untyped        ;
; CLOCK_ENABLE_CORE_A                ; USE_INPUT_CLKEN                ; Untyped        ;
; CLOCK_ENABLE_CORE_B                ; USE_INPUT_CLKEN                ; Untyped        ;
; ENABLE_ECC                         ; FALSE                          ; Untyped        ;
; ECC_PIPELINE_STAGE_ENABLED         ; FALSE                          ; Untyped        ;
; WIDTH_ECCSTATUS                    ; 3                              ; Untyped        ;
; DEVICE_FAMILY                      ; Cyclone II                     ; Untyped        ;
; CBXI_PARAMETER                     ; altsyncram_pnt                 ; Untyped        ;
+------------------------------------+--------------------------------+----------------+
Note: In order to hide this table in the UI and the text report file, please set the "Show Parameter Settings in Synthesis Report" option in "Analysis and Synthesis Settings -> More Settings" to "Off".


+------------------------------------------------------------------------------------+
; Parameter Settings for User Entity Instance: ml_inference:core_i|altsyncram:b1_rom ;
+------------------------------------+-----------------------------+-----------------+
; Parameter Name                     ; Value                       ; Type            ;
+------------------------------------+-----------------------------+-----------------+
; BYTE_SIZE_BLOCK                    ; 8                           ; Untyped         ;
; AUTO_CARRY_CHAINS                  ; ON                          ; AUTO_CARRY      ;
; IGNORE_CARRY_BUFFERS               ; OFF                         ; IGNORE_CARRY    ;
; AUTO_CASCADE_CHAINS                ; ON                          ; AUTO_CASCADE    ;
; IGNORE_CASCADE_BUFFERS             ; OFF                         ; IGNORE_CASCADE  ;
; WIDTH_BYTEENA                      ; 1                           ; Untyped         ;
; OPERATION_MODE                     ; ROM                         ; Untyped         ;
; WIDTH_A                            ; 32                          ; Signed Integer  ;
; WIDTHAD_A                          ; 6                           ; Signed Integer  ;
; NUMWORDS_A                         ; 32                          ; Signed Integer  ;
; OUTDATA_REG_A                      ; UNREGISTERED                ; Untyped         ;
; ADDRESS_ACLR_A                     ; NONE                        ; Untyped         ;
; OUTDATA_ACLR_A                     ; NONE                        ; Untyped         ;
; WRCONTROL_ACLR_A                   ; NONE                        ; Untyped         ;
; INDATA_ACLR_A                      ; NONE                        ; Untyped         ;
; BYTEENA_ACLR_A                     ; NONE                        ; Untyped         ;
; WIDTH_B                            ; 1                           ; Untyped         ;
; WIDTHAD_B                          ; 1                           ; Untyped         ;
; NUMWORDS_B                         ; 1                           ; Untyped         ;
; INDATA_REG_B                       ; CLOCK1                      ; Untyped         ;
; WRCONTROL_WRADDRESS_REG_B          ; CLOCK1                      ; Untyped         ;
; RDCONTROL_REG_B                    ; CLOCK1                      ; Untyped         ;
; ADDRESS_REG_B                      ; CLOCK1                      ; Untyped         ;
; OUTDATA_REG_B                      ; UNREGISTERED                ; Untyped         ;
; BYTEENA_REG_B                      ; CLOCK1                      ; Untyped         ;
; INDATA_ACLR_B                      ; NONE                        ; Untyped         ;
; WRCONTROL_ACLR_B                   ; NONE                        ; Untyped         ;
; ADDRESS_ACLR_B                     ; NONE                        ; Untyped         ;
; OUTDATA_ACLR_B                     ; NONE                        ; Untyped         ;
; RDCONTROL_ACLR_B                   ; NONE                        ; Untyped         ;
; BYTEENA_ACLR_B                     ; NONE                        ; Untyped         ;
; WIDTH_BYTEENA_A                    ; 1                           ; Untyped         ;
; WIDTH_BYTEENA_B                    ; 1                           ; Untyped         ;
; RAM_BLOCK_TYPE                     ; AUTO                        ; Untyped         ;
; BYTE_SIZE                          ; 8                           ; Untyped         ;
; READ_DURING_WRITE_MODE_MIXED_PORTS ; DONT_CARE                   ; Untyped         ;
; READ_DURING_WRITE_MODE_PORT_A      ; NEW_DATA_NO_NBE_READ        ; Untyped         ;
; READ_DURING_WRITE_MODE_PORT_B      ; NEW_DATA_NO_NBE_READ        ; Untyped         ;
; INIT_FILE                          ; ../../artifacts/bias_l1.mif ; Untyped         ;
; INIT_FILE_LAYOUT                   ; PORT_A                      ; Untyped         ;
; MAXIMUM_DEPTH                      ; 0                           ; Untyped         ;
; CLOCK_ENABLE_INPUT_A               ; NORMAL                      ; Untyped         ;
; CLOCK_ENABLE_INPUT_B               ; NORMAL                      ; Untyped         ;
; CLOCK_ENABLE_OUTPUT_A              ; NORMAL                      ; Untyped         ;
; CLOCK_ENABLE_OUTPUT_B              ; NORMAL                      ; Untyped         ;
; CLOCK_ENABLE_CORE_A                ; USE_INPUT_CLKEN             ; Untyped         ;
; CLOCK_ENABLE_CORE_B                ; USE_INPUT_CLKEN             ; Untyped         ;
; ENABLE_ECC                         ; FALSE                       ; Untyped         ;
; ECC_PIPELINE_STAGE_ENABLED         ; FALSE                       ; Untyped         ;
; WIDTH_ECCSTATUS                    ; 3                           ; Untyped         ;
; DEVICE_FAMILY                      ; Cyclone II                  ; Untyped         ;
; CBXI_PARAMETER                     ; altsyncram_mct              ; Untyped         ;
+------------------------------------+-----------------------------+-----------------+
Note: In order to hide this table in the UI and the text report file, please set the "Show Parameter Settings in Synthesis Report" option in "Analysis and Synthesis Settings -> More Settings" to "Off".


+------------------------------------------------------------------------------------+
; Parameter Settings for User Entity Instance: ml_inference:core_i|altsyncram:b2_rom ;
+------------------------------------+-----------------------------+-----------------+
; Parameter Name                     ; Value                       ; Type            ;
+------------------------------------+-----------------------------+-----------------+
; BYTE_SIZE_BLOCK                    ; 8                           ; Untyped         ;
; AUTO_CARRY_CHAINS                  ; ON                          ; AUTO_CARRY      ;
; IGNORE_CARRY_BUFFERS               ; OFF                         ; IGNORE_CARRY    ;
; AUTO_CASCADE_CHAINS                ; ON                          ; AUTO_CASCADE    ;
; IGNORE_CASCADE_BUFFERS             ; OFF                         ; IGNORE_CASCADE  ;
; WIDTH_BYTEENA                      ; 1                           ; Untyped         ;
; OPERATION_MODE                     ; ROM                         ; Untyped         ;
; WIDTH_A                            ; 32                          ; Signed Integer  ;
; WIDTHAD_A                          ; 4                           ; Signed Integer  ;
; NUMWORDS_A                         ; 10                          ; Signed Integer  ;
; OUTDATA_REG_A                      ; UNREGISTERED                ; Untyped         ;
; ADDRESS_ACLR_A                     ; NONE                        ; Untyped         ;
; OUTDATA_ACLR_A                     ; NONE                        ; Untyped         ;
; WRCONTROL_ACLR_A                   ; NONE                        ; Untyped         ;
; INDATA_ACLR_A                      ; NONE                        ; Untyped         ;
; BYTEENA_ACLR_A                     ; NONE                        ; Untyped         ;
; WIDTH_B                            ; 1                           ; Untyped         ;
; WIDTHAD_B                          ; 1                           ; Untyped         ;
; NUMWORDS_B                         ; 1                           ; Untyped         ;
; INDATA_REG_B                       ; CLOCK1                      ; Untyped         ;
; WRCONTROL_WRADDRESS_REG_B          ; CLOCK1                      ; Untyped         ;
; RDCONTROL_REG_B                    ; CLOCK1                      ; Untyped         ;
; ADDRESS_REG_B                      ; CLOCK1                      ; Untyped         ;
; OUTDATA_REG_B                      ; UNREGISTERED                ; Untyped         ;
; BYTEENA_REG_B                      ; CLOCK1                      ; Untyped         ;
; INDATA_ACLR_B                      ; NONE                        ; Untyped         ;
; WRCONTROL_ACLR_B                   ; NONE                        ; Untyped         ;
; ADDRESS_ACLR_B                     ; NONE                        ; Untyped         ;
; OUTDATA_ACLR_B                     ; NONE                        ; Untyped         ;
; RDCONTROL_ACLR_B                   ; NONE                        ; Untyped         ;
; BYTEENA_ACLR_B                     ; NONE                        ; Untyped         ;
; WIDTH_BYTEENA_A                    ; 1                           ; Untyped         ;
; WIDTH_BYTEENA_B                    ; 1                           ; Untyped         ;
; RAM_BLOCK_TYPE                     ; AUTO                        ; Untyped         ;
; BYTE_SIZE                          ; 8                           ; Untyped         ;
; READ_DURING_WRITE_MODE_MIXED_PORTS ; DONT_CARE                   ; Untyped         ;
; READ_DURING_WRITE_MODE_PORT_A      ; NEW_DATA_NO_NBE_READ        ; Untyped         ;
; READ_DURING_WRITE_MODE_PORT_B      ; NEW_DATA_NO_NBE_READ        ; Untyped         ;
; INIT_FILE                          ; ../../artifacts/bias_l2.mif ; Untyped         ;
; INIT_FILE_LAYOUT                   ; PORT_A                      ; Untyped         ;
; MAXIMUM_DEPTH                      ; 0                           ; Untyped         ;
; CLOCK_ENABLE_INPUT_A               ; NORMAL                      ; Untyped         ;
; CLOCK_ENABLE_INPUT_B               ; NORMAL                      ; Untyped         ;
; CLOCK_ENABLE_OUTPUT_A              ; NORMAL                      ; Untyped         ;
; CLOCK_ENABLE_OUTPUT_B              ; NORMAL                      ; Untyped         ;
; CLOCK_ENABLE_CORE_A                ; USE_INPUT_CLKEN             ; Untyped         ;
; CLOCK_ENABLE_CORE_B                ; USE_INPUT_CLKEN             ; Untyped         ;
; ENABLE_ECC                         ; FALSE                       ; Untyped         ;
; ECC_PIPELINE_STAGE_ENABLED         ; FALSE                       ; Untyped         ;
; WIDTH_ECCSTATUS                    ; 3                           ; Untyped         ;
; DEVICE_FAMILY                      ; Cyclone II                  ; Untyped         ;
; CBXI_PARAMETER                     ; altsyncram_hct              ; Untyped         ;
+------------------------------------+-----------------------------+-----------------+
Note: In order to hide this table in the UI and the text report file, please set the "Show Parameter Settings in Synthesis Report" option in "Analysis and Synthesis Settings -> More Settings" to "Off".


+----------------------------------------------------------------------------------------------+
; Parameter Settings for Inferred Entity Instance: ml_inference:core_i|altsyncram:hidden_rtl_0 ;
+------------------------------------+----------------------+----------------------------------+
; Parameter Name                     ; Value                ; Type                             ;
+------------------------------------+----------------------+----------------------------------+
; BYTE_SIZE_BLOCK                    ; 8                    ; Untyped                          ;
; AUTO_CARRY_CHAINS                  ; ON                   ; AUTO_CARRY                       ;
; IGNORE_CARRY_BUFFERS               ; OFF                  ; IGNORE_CARRY                     ;
; AUTO_CASCADE_CHAINS                ; ON                   ; AUTO_CASCADE                     ;
; IGNORE_CASCADE_BUFFERS             ; OFF                  ; IGNORE_CASCADE                   ;
; WIDTH_BYTEENA                      ; 1                    ; Untyped                          ;
; OPERATION_MODE                     ; DUAL_PORT            ; Untyped                          ;
; WIDTH_A                            ; 63                   ; Untyped                          ;
; WIDTHAD_A                          ; 5                    ; Untyped                          ;
; NUMWORDS_A                         ; 32                   ; Untyped                          ;
; OUTDATA_REG_A                      ; UNREGISTERED         ; Untyped                          ;
; ADDRESS_ACLR_A                     ; NONE                 ; Untyped                          ;
; OUTDATA_ACLR_A                     ; NONE                 ; Untyped                          ;
; WRCONTROL_ACLR_A                   ; NONE                 ; Untyped                          ;
; INDATA_ACLR_A                      ; NONE                 ; Untyped                          ;
; BYTEENA_ACLR_A                     ; NONE                 ; Untyped                          ;
; WIDTH_B                            ; 63                   ; Untyped                          ;
; WIDTHAD_B                          ; 5                    ; Untyped                          ;
; NUMWORDS_B                         ; 32                   ; Untyped                          ;
; INDATA_REG_B                       ; CLOCK1               ; Untyped                          ;
; WRCONTROL_WRADDRESS_REG_B          ; CLOCK1               ; Untyped                          ;
; RDCONTROL_REG_B                    ; CLOCK1               ; Untyped                          ;
; ADDRESS_REG_B                      ; CLOCK0               ; Untyped                          ;
; OUTDATA_REG_B                      ; UNREGISTERED         ; Untyped                          ;
; BYTEENA_REG_B                      ; CLOCK1               ; Untyped                          ;
; INDATA_ACLR_B                      ; NONE                 ; Untyped                          ;
; WRCONTROL_ACLR_B                   ; NONE                 ; Untyped                          ;
; ADDRESS_ACLR_B                     ; NONE                 ; Untyped                          ;
; OUTDATA_ACLR_B                     ; NONE                 ; Untyped                          ;
; RDCONTROL_ACLR_B                   ; NONE                 ; Untyped                          ;
; BYTEENA_ACLR_B                     ; NONE                 ; Untyped                          ;
; WIDTH_BYTEENA_A                    ; 1                    ; Untyped                          ;
; WIDTH_BYTEENA_B                    ; 1                    ; Untyped                          ;
; RAM_BLOCK_TYPE                     ; AUTO                 ; Untyped                          ;
; BYTE_SIZE                          ; 8                    ; Untyped                          ;
; READ_DURING_WRITE_MODE_MIXED_PORTS ; OLD_DATA             ; Untyped                          ;
; READ_DURING_WRITE_MODE_PORT_A      ; NEW_DATA_NO_NBE_READ ; Untyped                          ;
; READ_DURING_WRITE_MODE_PORT_B      ; NEW_DATA_NO_NBE_READ ; Untyped                          ;
; INIT_FILE                          ; UNUSED               ; Untyped                          ;
; INIT_FILE_LAYOUT                   ; PORT_A               ; Untyped                          ;
; MAXIMUM_DEPTH                      ; 0                    ; Untyped                          ;
; CLOCK_ENABLE_INPUT_A               ; NORMAL               ; Untyped                          ;
; CLOCK_ENABLE_INPUT_B               ; NORMAL               ; Untyped                          ;
; CLOCK_ENABLE_OUTPUT_A              ; NORMAL               ; Untyped                          ;
; CLOCK_ENABLE_OUTPUT_B              ; NORMAL               ; Untyped                          ;
; CLOCK_ENABLE_CORE_A                ; USE_INPUT_CLKEN      ; Untyped                          ;
; CLOCK_ENABLE_CORE_B                ; USE_INPUT_CLKEN      ; Untyped                          ;
; ENABLE_ECC                         ; FALSE                ; Untyped                          ;
; ECC_PIPELINE_STAGE_ENABLED         ; FALSE                ; Untyped                          ;
; WIDTH_ECCSTATUS                    ; 3                    ; Untyped                          ;
; DEVICE_FAMILY                      ; Cyclone II           ; Untyped                          ;
; CBXI_PARAMETER                     ; altsyncram_4og1      ; Untyped                          ;
+------------------------------------+----------------------+----------------------------------+
Note: In order to hide this table in the UI and the text report file, please set the "Show Parameter Settings in Synthesis Report" option in "Analysis and Synthesis Settings -> More Settings" to "Off".


+-------------------------------------------------------------------------------------------------+
; Parameter Settings for Inferred Entity Instance: ml_inference:core_i|altsyncram:input_mem_rtl_0 ;
+------------------------------------+----------------------+-------------------------------------+
; Parameter Name                     ; Value                ; Type                                ;
+------------------------------------+----------------------+-------------------------------------+
; BYTE_SIZE_BLOCK                    ; 8                    ; Untyped                             ;
; AUTO_CARRY_CHAINS                  ; ON                   ; AUTO_CARRY                          ;
; IGNORE_CARRY_BUFFERS               ; OFF                  ; IGNORE_CARRY                        ;
; AUTO_CASCADE_CHAINS                ; ON                   ; AUTO_CASCADE                        ;
; IGNORE_CASCADE_BUFFERS             ; OFF                  ; IGNORE_CASCADE                      ;
; WIDTH_BYTEENA                      ; 1                    ; Untyped                             ;
; OPERATION_MODE                     ; DUAL_PORT            ; Untyped                             ;
; WIDTH_A                            ; 4                    ; Untyped                             ;
; WIDTHAD_A                          ; 8                    ; Untyped                             ;
; NUMWORDS_A                         ; 196                  ; Untyped                             ;
; OUTDATA_REG_A                      ; UNREGISTERED         ; Untyped                             ;
; ADDRESS_ACLR_A                     ; NONE                 ; Untyped                             ;
; OUTDATA_ACLR_A                     ; NONE                 ; Untyped                             ;
; WRCONTROL_ACLR_A                   ; NONE                 ; Untyped                             ;
; INDATA_ACLR_A                      ; NONE                 ; Untyped                             ;
; BYTEENA_ACLR_A                     ; NONE                 ; Untyped                             ;
; WIDTH_B                            ; 4                    ; Untyped                             ;
; WIDTHAD_B                          ; 8                    ; Untyped                             ;
; NUMWORDS_B                         ; 196                  ; Untyped                             ;
; INDATA_REG_B                       ; CLOCK1               ; Untyped                             ;
; WRCONTROL_WRADDRESS_REG_B          ; CLOCK1               ; Untyped                             ;
; RDCONTROL_REG_B                    ; CLOCK1               ; Untyped                             ;
; ADDRESS_REG_B                      ; CLOCK0               ; Untyped                             ;
; OUTDATA_REG_B                      ; UNREGISTERED         ; Untyped                             ;
; BYTEENA_REG_B                      ; CLOCK1               ; Untyped                             ;
; INDATA_ACLR_B                      ; NONE                 ; Untyped                             ;
; WRCONTROL_ACLR_B                   ; NONE                 ; Untyped                             ;
; ADDRESS_ACLR_B                     ; NONE                 ; Untyped                             ;
; OUTDATA_ACLR_B                     ; NONE                 ; Untyped                             ;
; RDCONTROL_ACLR_B                   ; NONE                 ; Untyped                             ;
; BYTEENA_ACLR_B                     ; NONE                 ; Untyped                             ;
; WIDTH_BYTEENA_A                    ; 1                    ; Untyped                             ;
; WIDTH_BYTEENA_B                    ; 1                    ; Untyped                             ;
; RAM_BLOCK_TYPE                     ; AUTO                 ; Untyped                             ;
; BYTE_SIZE                          ; 8                    ; Untyped                             ;
; READ_DURING_WRITE_MODE_MIXED_PORTS ; OLD_DATA             ; Untyped                             ;
; READ_DURING_WRITE_MODE_PORT_A      ; NEW_DATA_NO_NBE_READ ; Untyped                             ;
; READ_DURING_WRITE_MODE_PORT_B      ; NEW_DATA_NO_NBE_READ ; Untyped                             ;
; INIT_FILE                          ; UNUSED               ; Untyped                             ;
; INIT_FILE_LAYOUT                   ; PORT_A               ; Untyped                             ;
; MAXIMUM_DEPTH                      ; 0                    ; Untyped                             ;
; CLOCK_ENABLE_INPUT_A               ; NORMAL               ; Untyped                             ;
; CLOCK_ENABLE_INPUT_B               ; NORMAL               ; Untyped                             ;
; CLOCK_ENABLE_OUTPUT_A              ; NORMAL               ; Untyped                             ;
; CLOCK_ENABLE_OUTPUT_B              ; NORMAL               ; Untyped                             ;
; CLOCK_ENABLE_CORE_A                ; USE_INPUT_CLKEN      ; Untyped                             ;
; CLOCK_ENABLE_CORE_B                ; USE_INPUT_CLKEN      ; Untyped                             ;
; ENABLE_ECC                         ; FALSE                ; Untyped                             ;
; ECC_PIPELINE_STAGE_ENABLED         ; FALSE                ; Untyped                             ;
; WIDTH_ECCSTATUS                    ; 3                    ; Untyped                             ;
; DEVICE_FAMILY                      ; Cyclone II           ; Untyped                             ;
; CBXI_PARAMETER                     ; altsyncram_mog1      ; Untyped                             ;
+------------------------------------+----------------------+-------------------------------------+
Note: In order to hide this table in the UI and the text report file, please set the "Show Parameter Settings in Synthesis Report" option in "Analysis and Synthesis Settings -> More Settings" to "Off".


+-------------------------------------------------------------------------------------+
; Parameter Settings for Inferred Entity Instance: ml_inference:core_i|lpm_mult:Mult1 ;
+------------------------------------------------+------------+-----------------------+
; Parameter Name                                 ; Value      ; Type                  ;
+------------------------------------------------+------------+-----------------------+
; AUTO_CARRY_CHAINS                              ; ON         ; AUTO_CARRY            ;
; IGNORE_CARRY_BUFFERS                           ; OFF        ; IGNORE_CARRY          ;
; AUTO_CASCADE_CHAINS                            ; ON         ; AUTO_CASCADE          ;
; IGNORE_CASCADE_BUFFERS                         ; OFF        ; IGNORE_CASCADE        ;
; LPM_WIDTHA                                     ; 5          ; Untyped               ;
; LPM_WIDTHB                                     ; 8          ; Untyped               ;
; LPM_WIDTHP                                     ; 13         ; Untyped               ;
; LPM_WIDTHR                                     ; 13         ; Untyped               ;
; LPM_WIDTHS                                     ; 1          ; Untyped               ;
; LPM_REPRESENTATION                             ; SIGNED     ; Untyped               ;
; LPM_PIPELINE                                   ; 0          ; Untyped               ;
; LATENCY                                        ; 0          ; Untyped               ;
; INPUT_A_IS_CONSTANT                            ; NO         ; Untyped               ;
; INPUT_B_IS_CONSTANT                            ; NO         ; Untyped               ;
; USE_EAB                                        ; OFF        ; Untyped               ;
; MAXIMIZE_SPEED                                 ; 5          ; Untyped               ;
; DEVICE_FAMILY                                  ; Cyclone II ; Untyped               ;
; CARRY_CHAIN                                    ; MANUAL     ; Untyped               ;
; APEX20K_TECHNOLOGY_MAPPER                      ; LUT        ; TECH_MAPPER_APEX20K   ;
; DEDICATED_MULTIPLIER_CIRCUITRY                 ; AUTO       ; Untyped               ;
; DEDICATED_MULTIPLIER_MIN_INPUT_WIDTH_FOR_AUTO  ; 0          ; Untyped               ;
; DEDICATED_MULTIPLIER_MIN_OUTPUT_WIDTH_FOR_AUTO ; 0          ; Untyped               ;
; CBXI_PARAMETER                                 ; mult_fus   ; Untyped               ;
; INPUT_A_FIXED_VALUE                            ; Bx         ; Untyped               ;
; INPUT_B_FIXED_VALUE                            ; Bx         ; Untyped               ;
; USE_AHDL_IMPLEMENTATION                        ; OFF        ; Untyped               ;
+------------------------------------------------+------------+-----------------------+
Note: In order to hide this table in the UI and the text report file, please set the "Show Parameter Settings in Synthesis Report" option in "Analysis and Synthesis Settings -> More Settings" to "Off".


+-------------------------------------------------------------------------------------+
; Parameter Settings for Inferred Entity Instance: ml_inference:core_i|lpm_mult:Mult2 ;
+------------------------------------------------+------------+-----------------------+
; Parameter Name                                 ; Value      ; Type                  ;
+------------------------------------------------+------------+-----------------------+
; AUTO_CARRY_CHAINS                              ; ON         ; AUTO_CARRY            ;
; IGNORE_CARRY_BUFFERS                           ; OFF        ; IGNORE_CARRY          ;
; AUTO_CASCADE_CHAINS                            ; ON         ; AUTO_CASCADE          ;
; IGNORE_CASCADE_BUFFERS                         ; OFF        ; IGNORE_CASCADE        ;
; LPM_WIDTHA                                     ; 64         ; Untyped               ;
; LPM_WIDTHB                                     ; 8          ; Untyped               ;
; LPM_WIDTHP                                     ; 72         ; Untyped               ;
; LPM_WIDTHR                                     ; 72         ; Untyped               ;
; LPM_WIDTHS                                     ; 1          ; Untyped               ;
; LPM_REPRESENTATION                             ; SIGNED     ; Untyped               ;
; LPM_PIPELINE                                   ; 0          ; Untyped               ;
; LATENCY                                        ; 0          ; Untyped               ;
; INPUT_A_IS_CONSTANT                            ; NO         ; Untyped               ;
; INPUT_B_IS_CONSTANT                            ; NO         ; Untyped               ;
; USE_EAB                                        ; OFF        ; Untyped               ;
; MAXIMIZE_SPEED                                 ; 5          ; Untyped               ;
; DEVICE_FAMILY                                  ; Cyclone II ; Untyped               ;
; CARRY_CHAIN                                    ; MANUAL     ; Untyped               ;
; APEX20K_TECHNOLOGY_MAPPER                      ; LUT        ; TECH_MAPPER_APEX20K   ;
; DEDICATED_MULTIPLIER_CIRCUITRY                 ; AUTO       ; Untyped               ;
; DEDICATED_MULTIPLIER_MIN_INPUT_WIDTH_FOR_AUTO  ; 0          ; Untyped               ;
; DEDICATED_MULTIPLIER_MIN_OUTPUT_WIDTH_FOR_AUTO ; 0          ; Untyped               ;
; CBXI_PARAMETER                                 ; mult_90t   ; Untyped               ;
; INPUT_A_FIXED_VALUE                            ; Bx         ; Untyped               ;
; INPUT_B_FIXED_VALUE                            ; Bx         ; Untyped               ;
; USE_AHDL_IMPLEMENTATION                        ; OFF        ; Untyped               ;
+------------------------------------------------+------------+-----------------------+
Note: In order to hide this table in the UI and the text report file, please set the "Show Parameter Settings in Synthesis Report" option in "Analysis and Synthesis Settings -> More Settings" to "Off".


+-------------------------------------------------------------------------------------+
; Parameter Settings for Inferred Entity Instance: ml_inference:core_i|lpm_mult:Mult0 ;
+------------------------------------------------+------------+-----------------------+
; Parameter Name                                 ; Value      ; Type                  ;
+------------------------------------------------+------------+-----------------------+
; AUTO_CARRY_CHAINS                              ; ON         ; AUTO_CARRY            ;
; IGNORE_CARRY_BUFFERS                           ; OFF        ; IGNORE_CARRY          ;
; AUTO_CASCADE_CHAINS                            ; ON         ; AUTO_CASCADE          ;
; IGNORE_CASCADE_BUFFERS                         ; OFF        ; IGNORE_CASCADE        ;
; LPM_WIDTHA                                     ; 13         ; Untyped               ;
; LPM_WIDTHB                                     ; 9          ; Untyped               ;
; LPM_WIDTHP                                     ; 22         ; Untyped               ;
; LPM_WIDTHR                                     ; 22         ; Untyped               ;
; LPM_WIDTHS                                     ; 1          ; Untyped               ;
; LPM_REPRESENTATION                             ; SIGNED     ; Untyped               ;
; LPM_PIPELINE                                   ; 0          ; Untyped               ;
; LATENCY                                        ; 0          ; Untyped               ;
; INPUT_A_IS_CONSTANT                            ; NO         ; Untyped               ;
; INPUT_B_IS_CONSTANT                            ; YES        ; Untyped               ;
; USE_EAB                                        ; OFF        ; Untyped               ;
; MAXIMIZE_SPEED                                 ; 6          ; Untyped               ;
; DEVICE_FAMILY                                  ; Cyclone II ; Untyped               ;
; CARRY_CHAIN                                    ; MANUAL     ; Untyped               ;
; APEX20K_TECHNOLOGY_MAPPER                      ; LUT        ; TECH_MAPPER_APEX20K   ;
; DEDICATED_MULTIPLIER_CIRCUITRY                 ; AUTO       ; Untyped               ;
; DEDICATED_MULTIPLIER_MIN_INPUT_WIDTH_FOR_AUTO  ; 0          ; Untyped               ;
; DEDICATED_MULTIPLIER_MIN_OUTPUT_WIDTH_FOR_AUTO ; 0          ; Untyped               ;
; CBXI_PARAMETER                                 ; NOTHING    ; Untyped               ;
; INPUT_A_FIXED_VALUE                            ; Bx         ; Untyped               ;
; INPUT_B_FIXED_VALUE                            ; Bx         ; Untyped               ;
; USE_AHDL_IMPLEMENTATION                        ; OFF        ; Untyped               ;
+------------------------------------------------+------------+-----------------------+
Note: In order to hide this table in the UI and the text report file, please set the "Show Parameter Settings in Synthesis Report" option in "Analysis and Synthesis Settings -> More Settings" to "Off".


+--------------------------------------------------------------------------------------------+
; altsyncram Parameter Settings by Entity Instance                                           ;
+-------------------------------------------+------------------------------------------------+
; Name                                      ; Value                                          ;
+-------------------------------------------+------------------------------------------------+
; Number of entity instances                ; 7                                              ;
; Entity Instance                           ; altsyncram:frame_ram                           ;
;     -- OPERATION_MODE                     ; DUAL_PORT                                      ;
;     -- WIDTH_A                            ; 4                                              ;
;     -- NUMWORDS_A                         ; 256                                            ;
;     -- OUTDATA_REG_A                      ; UNREGISTERED                                   ;
;     -- WIDTH_B                            ; 4                                              ;
;     -- NUMWORDS_B                         ; 256                                            ;
;     -- ADDRESS_REG_B                      ; CLOCK1                                         ;
;     -- OUTDATA_REG_B                      ; UNREGISTERED                                   ;
;     -- RAM_BLOCK_TYPE                     ; AUTO                                           ;
;     -- READ_DURING_WRITE_MODE_MIXED_PORTS ; DONT_CARE                                      ;
; Entity Instance                           ; ml_inference:core_i|altsyncram:l1_rom          ;
;     -- OPERATION_MODE                     ; ROM                                            ;
;     -- WIDTH_A                            ; 8                                              ;
;     -- NUMWORDS_A                         ; 6272                                           ;
;     -- OUTDATA_REG_A                      ; UNREGISTERED                                   ;
;     -- WIDTH_B                            ; 1                                              ;
;     -- NUMWORDS_B                         ; 1                                              ;
;     -- ADDRESS_REG_B                      ; CLOCK1                                         ;
;     -- OUTDATA_REG_B                      ; UNREGISTERED                                   ;
;     -- RAM_BLOCK_TYPE                     ; AUTO                                           ;
;     -- READ_DURING_WRITE_MODE_MIXED_PORTS ; DONT_CARE                                      ;
; Entity Instance                           ; ml_inference:core_i|altsyncram:l2_rom          ;
;     -- OPERATION_MODE                     ; ROM                                            ;
;     -- WIDTH_A                            ; 8                                              ;
;     -- NUMWORDS_A                         ; 320                                            ;
;     -- OUTDATA_REG_A                      ; UNREGISTERED                                   ;
;     -- WIDTH_B                            ; 1                                              ;
;     -- NUMWORDS_B                         ; 1                                              ;
;     -- ADDRESS_REG_B                      ; CLOCK1                                         ;
;     -- OUTDATA_REG_B                      ; UNREGISTERED                                   ;
;     -- RAM_BLOCK_TYPE                     ; AUTO                                           ;
;     -- READ_DURING_WRITE_MODE_MIXED_PORTS ; DONT_CARE                                      ;
; Entity Instance                           ; ml_inference:core_i|altsyncram:b1_rom          ;
;     -- OPERATION_MODE                     ; ROM                                            ;
;     -- WIDTH_A                            ; 32                                             ;
;     -- NUMWORDS_A                         ; 32                                             ;
;     -- OUTDATA_REG_A                      ; UNREGISTERED                                   ;
;     -- WIDTH_B                            ; 1                                              ;
;     -- NUMWORDS_B                         ; 1                                              ;
;     -- ADDRESS_REG_B                      ; CLOCK1                                         ;
;     -- OUTDATA_REG_B                      ; UNREGISTERED                                   ;
;     -- RAM_BLOCK_TYPE                     ; AUTO                                           ;
;     -- READ_DURING_WRITE_MODE_MIXED_PORTS ; DONT_CARE                                      ;
; Entity Instance                           ; ml_inference:core_i|altsyncram:b2_rom          ;
;     -- OPERATION_MODE                     ; ROM                                            ;
;     -- WIDTH_A                            ; 32                                             ;
;     -- NUMWORDS_A                         ; 10                                             ;
;     -- OUTDATA_REG_A                      ; UNREGISTERED                                   ;
;     -- WIDTH_B                            ; 1                                              ;
;     -- NUMWORDS_B                         ; 1                                              ;
;     -- ADDRESS_REG_B                      ; CLOCK1                                         ;
;     -- OUTDATA_REG_B                      ; UNREGISTERED                                   ;
;     -- RAM_BLOCK_TYPE                     ; AUTO                                           ;
;     -- READ_DURING_WRITE_MODE_MIXED_PORTS ; DONT_CARE                                      ;
; Entity Instance                           ; ml_inference:core_i|altsyncram:hidden_rtl_0    ;
;     -- OPERATION_MODE                     ; DUAL_PORT                                      ;
;     -- WIDTH_A                            ; 63                                             ;
;     -- NUMWORDS_A                         ; 32                                             ;
;     -- OUTDATA_REG_A                      ; UNREGISTERED                                   ;
;     -- WIDTH_B                            ; 63                                             ;
;     -- NUMWORDS_B                         ; 32                                             ;
;     -- ADDRESS_REG_B                      ; CLOCK0                                         ;
;     -- OUTDATA_REG_B                      ; UNREGISTERED                                   ;
;     -- RAM_BLOCK_TYPE                     ; AUTO                                           ;
;     -- READ_DURING_WRITE_MODE_MIXED_PORTS ; OLD_DATA                                       ;
; Entity Instance                           ; ml_inference:core_i|altsyncram:input_mem_rtl_0 ;
;     -- OPERATION_MODE                     ; DUAL_PORT                                      ;
;     -- WIDTH_A                            ; 4                                              ;
;     -- NUMWORDS_A                         ; 196                                            ;
;     -- OUTDATA_REG_A                      ; UNREGISTERED                                   ;
;     -- WIDTH_B                            ; 4                                              ;
;     -- NUMWORDS_B                         ; 196                                            ;
;     -- ADDRESS_REG_B                      ; CLOCK0                                         ;
;     -- OUTDATA_REG_B                      ; UNREGISTERED                                   ;
;     -- RAM_BLOCK_TYPE                     ; AUTO                                           ;
;     -- READ_DURING_WRITE_MODE_MIXED_PORTS ; OLD_DATA                                       ;
+-------------------------------------------+------------------------------------------------+


+----------------------------------------------------------------------------+
; lpm_mult Parameter Settings by Entity Instance                             ;
+---------------------------------------+------------------------------------+
; Name                                  ; Value                              ;
+---------------------------------------+------------------------------------+
; Number of entity instances            ; 3                                  ;
; Entity Instance                       ; ml_inference:core_i|lpm_mult:Mult1 ;
;     -- LPM_WIDTHA                     ; 5                                  ;
;     -- LPM_WIDTHB                     ; 8                                  ;
;     -- LPM_WIDTHP                     ; 13                                 ;
;     -- LPM_REPRESENTATION             ; SIGNED                             ;
;     -- INPUT_A_IS_CONSTANT            ; NO                                 ;
;     -- INPUT_B_IS_CONSTANT            ; NO                                 ;
;     -- USE_EAB                        ; OFF                                ;
;     -- DEDICATED_MULTIPLIER_CIRCUITRY ; AUTO                               ;
;     -- INPUT_A_FIXED_VALUE            ; Bx                                 ;
;     -- INPUT_B_FIXED_VALUE            ; Bx                                 ;
; Entity Instance                       ; ml_inference:core_i|lpm_mult:Mult2 ;
;     -- LPM_WIDTHA                     ; 64                                 ;
;     -- LPM_WIDTHB                     ; 8                                  ;
;     -- LPM_WIDTHP                     ; 72                                 ;
;     -- LPM_REPRESENTATION             ; SIGNED                             ;
;     -- INPUT_A_IS_CONSTANT            ; NO                                 ;
;     -- INPUT_B_IS_CONSTANT            ; NO                                 ;
;     -- USE_EAB                        ; OFF                                ;
;     -- DEDICATED_MULTIPLIER_CIRCUITRY ; AUTO                               ;
;     -- INPUT_A_FIXED_VALUE            ; Bx                                 ;
;     -- INPUT_B_FIXED_VALUE            ; Bx                                 ;
; Entity Instance                       ; ml_inference:core_i|lpm_mult:Mult0 ;
;     -- LPM_WIDTHA                     ; 13                                 ;
;     -- LPM_WIDTHB                     ; 9                                  ;
;     -- LPM_WIDTHP                     ; 22                                 ;
;     -- LPM_REPRESENTATION             ; SIGNED                             ;
;     -- INPUT_A_IS_CONSTANT            ; NO                                 ;
;     -- INPUT_B_IS_CONSTANT            ; YES                                ;
;     -- USE_EAB                        ; OFF                                ;
;     -- DEDICATED_MULTIPLIER_CIRCUITRY ; AUTO                               ;
;     -- INPUT_A_FIXED_VALUE            ; Bx                                 ;
;     -- INPUT_B_FIXED_VALUE            ; Bx                                 ;
+---------------------------------------+------------------------------------+


+-----------------------------------------------------------------------------------------------------------------------------+
; Port Connectivity Checks: "ml_inference:core_i"                                                                             ;
+-------------------+--------+----------+-------------------------------------------------------------------------------------+
; Port              ; Type   ; Severity ; Details                                                                             ;
+-------------------+--------+----------+-------------------------------------------------------------------------------------+
; input_frame_error ; Input  ; Info     ; Stuck at GND                                                                        ;
; busy              ; Output ; Info     ; Connected to dangling logic. Logic that only feeds a dangling port will be removed. ;
+-------------------+--------+----------+-------------------------------------------------------------------------------------+


+-------------------------------+
; Elapsed Time Per Partition    ;
+----------------+--------------+
; Partition Name ; Elapsed Time ;
+----------------+--------------+
; Top            ; 00:00:13     ;
+----------------+--------------+


+-------------------------------+
; Analysis & Synthesis Messages ;
+-------------------------------+
Info: *******************************************************************
Info: Running Quartus II 64-Bit Analysis & Synthesis
    Info: Version 13.0.1 Build 232 06/12/2013 Service Pack 1 SJ Web Edition
    Info: Processing started: Sat Oct 03 01:59:44 2026
Info: Command: quartus_map --read_settings_files=on --write_settings_files=off fx2_ml_bridge -c fx2_ml_bridge
Info (20030): Parallel compilation is enabled and will use 6 of the 6 processors detected
Info (12021): Found 1 design units, including 1 entities, in source file ml_fx2_stream_bridge.sv
    Info (12023): Found entity 1: ml_fx2_stream_bridge
Info (12021): Found 1 design units, including 1 entities, in source file /fpga/cyclone2-handwriting-ml/rtl/ml_inference.sv
    Info (12023): Found entity 1: ml_inference
Info (12127): Elaborating entity "ml_fx2_stream_bridge" for the top level hierarchy
Warning (10230): Verilog HDL assignment warning at ml_fx2_stream_bridge.sv(178): truncated value with size 32 to match size of target (3)
Info (12128): Elaborating entity "altsyncram" for hierarchy "altsyncram:frame_ram"
Info (12130): Elaborated megafunction instantiation "altsyncram:frame_ram"
Info (12133): Instantiated megafunction "altsyncram:frame_ram" with the following parameter:
    Info (12134): Parameter "operation_mode" = "DUAL_PORT"
    Info (12134): Parameter "width_a" = "4"
    Info (12134): Parameter "widthad_a" = "8"
    Info (12134): Parameter "numwords_a" = "256"
    Info (12134): Parameter "width_b" = "4"
    Info (12134): Parameter "widthad_b" = "8"
    Info (12134): Parameter "numwords_b" = "256"
    Info (12134): Parameter "outdata_reg_b" = "UNREGISTERED"
    Info (12134): Parameter "lpm_type" = "altsyncram"
Info (12021): Found 1 design units, including 1 entities, in source file db/altsyncram_vm01.tdf
    Info (12023): Found entity 1: altsyncram_vm01
Info (12128): Elaborating entity "altsyncram_vm01" for hierarchy "altsyncram:frame_ram|altsyncram_vm01:auto_generated"
Info (12021): Found 1 design units, including 1 entities, in source file db/altsyncram_peg1.tdf
    Info (12023): Found entity 1: altsyncram_peg1
Info (12128): Elaborating entity "altsyncram_peg1" for hierarchy "altsyncram:frame_ram|altsyncram_vm01:auto_generated|altsyncram_peg1:altsyncram1"
Info (12128): Elaborating entity "ml_inference" for hierarchy "ml_inference:core_i"
Warning (10230): Verilog HDL assignment warning at ml_inference.sv(35): truncated value with size 32 to match size of target (13)
Warning (10230): Verilog HDL assignment warning at ml_inference.sv(36): truncated value with size 32 to match size of target (9)
Warning (10230): Verilog HDL assignment warning at ml_inference.sv(37): truncated value with size 32 to match size of target (6)
Warning (10230): Verilog HDL assignment warning at ml_inference.sv(38): truncated value with size 32 to match size of target (4)
Warning (10230): Verilog HDL assignment warning at ml_inference.sv(103): truncated value with size 32 to match size of target (8)
Warning (10230): Verilog HDL assignment warning at ml_inference.sv(104): truncated value with size 32 to match size of target (16)
Info (12128): Elaborating entity "altsyncram" for hierarchy "ml_inference:core_i|altsyncram:l1_rom"
Info (12130): Elaborated megafunction instantiation "ml_inference:core_i|altsyncram:l1_rom"
Info (12133): Instantiated megafunction "ml_inference:core_i|altsyncram:l1_rom" with the following parameter:
    Info (12134): Parameter "operation_mode" = "ROM"
    Info (12134): Parameter "width_a" = "8"
    Info (12134): Parameter "widthad_a" = "13"
    Info (12134): Parameter "numwords_a" = "6272"
    Info (12134): Parameter "outdata_reg_a" = "UNREGISTERED"
    Info (12134): Parameter "init_file" = "../../artifacts/weights_l1.mif"
    Info (12134): Parameter "lpm_type" = "altsyncram"
Info (12021): Found 1 design units, including 1 entities, in source file db/altsyncram_vqt.tdf
    Info (12023): Found entity 1: altsyncram_vqt
Info (12128): Elaborating entity "altsyncram_vqt" for hierarchy "ml_inference:core_i|altsyncram:l1_rom|altsyncram_vqt:auto_generated"
Info (12021): Found 1 design units, including 1 entities, in source file db/decode_1oa.tdf
    Info (12023): Found entity 1: decode_1oa
Info (12128): Elaborating entity "decode_1oa" for hierarchy "ml_inference:core_i|altsyncram:l1_rom|altsyncram_vqt:auto_generated|decode_1oa:deep_decode"
Info (12021): Found 1 design units, including 1 entities, in source file db/mux_hib.tdf
    Info (12023): Found entity 1: mux_hib
Info (12128): Elaborating entity "mux_hib" for hierarchy "ml_inference:core_i|altsyncram:l1_rom|altsyncram_vqt:auto_generated|mux_hib:mux2"
Info (12128): Elaborating entity "altsyncram" for hierarchy "ml_inference:core_i|altsyncram:l2_rom"
Info (12130): Elaborated megafunction instantiation "ml_inference:core_i|altsyncram:l2_rom"
Info (12133): Instantiated megafunction "ml_inference:core_i|altsyncram:l2_rom" with the following parameter:
    Info (12134): Parameter "operation_mode" = "ROM"
    Info (12134): Parameter "width_a" = "8"
    Info (12134): Parameter "widthad_a" = "9"
    Info (12134): Parameter "numwords_a" = "320"
    Info (12134): Parameter "outdata_reg_a" = "UNREGISTERED"
    Info (12134): Parameter "init_file" = "../../artifacts/weights_l2.mif"
    Info (12134): Parameter "lpm_type" = "altsyncram"
Info (12021): Found 1 design units, including 1 entities, in source file db/altsyncram_pnt.tdf
    Info (12023): Found entity 1: altsyncram_pnt
Info (12128): Elaborating entity "altsyncram_pnt" for hierarchy "ml_inference:core_i|altsyncram:l2_rom|altsyncram_pnt:auto_generated"
Info (12128): Elaborating entity "altsyncram" for hierarchy "ml_inference:core_i|altsyncram:b1_rom"
Info (12130): Elaborated megafunction instantiation "ml_inference:core_i|altsyncram:b1_rom"
Info (12133): Instantiated megafunction "ml_inference:core_i|altsyncram:b1_rom" with the following parameter:
    Info (12134): Parameter "operation_mode" = "ROM"
    Info (12134): Parameter "width_a" = "32"
    Info (12134): Parameter "widthad_a" = "6"
    Info (12134): Parameter "numwords_a" = "32"
    Info (12134): Parameter "outdata_reg_a" = "UNREGISTERED"
    Info (12134): Parameter "init_file" = "../../artifacts/bias_l1.mif"
    Info (12134): Parameter "lpm_type" = "altsyncram"
Warning (287001): Assertion warning: Not using extra address lines in altsyncram megafunction design -- 32 memory words in side A specified but total number of address lines is 6
Info (12021): Found 1 design units, including 1 entities, in source file db/altsyncram_mct.tdf
    Info (12023): Found entity 1: altsyncram_mct
Info (12128): Elaborating entity "altsyncram_mct" for hierarchy "ml_inference:core_i|altsyncram:b1_rom|altsyncram_mct:auto_generated"
Info (12128): Elaborating entity "altsyncram" for hierarchy "ml_inference:core_i|altsyncram:b2_rom"
Info (12130): Elaborated megafunction instantiation "ml_inference:core_i|altsyncram:b2_rom"
Info (12133): Instantiated megafunction "ml_inference:core_i|altsyncram:b2_rom" with the following parameter:
    Info (12134): Parameter "operation_mode" = "ROM"
    Info (12134): Parameter "width_a" = "32"
    Info (12134): Parameter "widthad_a" = "4"
    Info (12134): Parameter "numwords_a" = "10"
    Info (12134): Parameter "outdata_reg_a" = "UNREGISTERED"
    Info (12134): Parameter "init_file" = "../../artifacts/bias_l2.mif"
    Info (12134): Parameter "lpm_type" = "altsyncram"
Info (12021): Found 1 design units, including 1 entities, in source file db/altsyncram_hct.tdf
    Info (12023): Found entity 1: altsyncram_hct
Info (12128): Elaborating entity "altsyncram_hct" for hierarchy "ml_inference:core_i|altsyncram:b2_rom|altsyncram_hct:auto_generated"
Warning (276020): Inferred RAM node "ml_inference:core_i|hidden_rtl_0" from synchronous design logic.  Pass-through logic has been added to match the read-during-write behavior of the original design.
Warning (276020): Inferred RAM node "ml_inference:core_i|input_mem_rtl_0" from synchronous design logic.  Pass-through logic has been added to match the read-during-write behavior of the original design.
Info (19000): Inferred 2 megafunctions from design logic
    Info (276029): Inferred altsyncram megafunction from the following design logic: "ml_inference:core_i|hidden_rtl_0" 
        Info (286033): Parameter OPERATION_MODE set to DUAL_PORT
        Info (286033): Parameter WIDTH_A set to 63
        Info (286033): Parameter WIDTHAD_A set to 5
        Info (286033): Parameter NUMWORDS_A set to 32
        Info (286033): Parameter WIDTH_B set to 63
        Info (286033): Parameter WIDTHAD_B set to 5
        Info (286033): Parameter NUMWORDS_B set to 32
        Info (286033): Parameter ADDRESS_ACLR_A set to NONE
        Info (286033): Parameter OUTDATA_REG_B set to UNREGISTERED
        Info (286033): Parameter ADDRESS_ACLR_B set to NONE
        Info (286033): Parameter OUTDATA_ACLR_B set to NONE
        Info (286033): Parameter ADDRESS_REG_B set to CLOCK0
        Info (286033): Parameter INDATA_ACLR_A set to NONE
        Info (286033): Parameter WRCONTROL_ACLR_A set to NONE
        Info (286033): Parameter READ_DURING_WRITE_MODE_MIXED_PORTS set to OLD_DATA
    Info (276029): Inferred altsyncram megafunction from the following design logic: "ml_inference:core_i|input_mem_rtl_0" 
        Info (286033): Parameter OPERATION_MODE set to DUAL_PORT
        Info (286033): Parameter WIDTH_A set to 4
        Info (286033): Parameter WIDTHAD_A set to 8
        Info (286033): Parameter NUMWORDS_A set to 196
        Info (286033): Parameter WIDTH_B set to 4
        Info (286033): Parameter WIDTHAD_B set to 8
        Info (286033): Parameter NUMWORDS_B set to 196
        Info (286033): Parameter ADDRESS_ACLR_A set to NONE
        Info (286033): Parameter OUTDATA_REG_B set to UNREGISTERED
        Info (286033): Parameter ADDRESS_ACLR_B set to NONE
        Info (286033): Parameter OUTDATA_ACLR_B set to NONE
        Info (286033): Parameter ADDRESS_REG_B set to CLOCK0
        Info (286033): Parameter INDATA_ACLR_A set to NONE
        Info (286033): Parameter WRCONTROL_ACLR_A set to NONE
        Info (286033): Parameter READ_DURING_WRITE_MODE_MIXED_PORTS set to OLD_DATA
Info (278001): Inferred 3 megafunctions from design logic
    Info (278003): Inferred multiplier megafunction ("lpm_mult") from the following logic: "ml_inference:core_i|Mult1"
    Info (278003): Inferred multiplier megafunction ("lpm_mult") from the following logic: "ml_inference:core_i|Mult2"
    Info (278003): Inferred multiplier megafunction ("lpm_mult") from the following logic: "ml_inference:core_i|Mult0"
Info (12130): Elaborated megafunction instantiation "ml_inference:core_i|altsyncram:hidden_rtl_0"
Info (12133): Instantiated megafunction "ml_inference:core_i|altsyncram:hidden_rtl_0" with the following parameter:
    Info (12134): Parameter "OPERATION_MODE" = "DUAL_PORT"
    Info (12134): Parameter "WIDTH_A" = "63"
    Info (12134): Parameter "WIDTHAD_A" = "5"
    Info (12134): Parameter "NUMWORDS_A" = "32"
    Info (12134): Parameter "WIDTH_B" = "63"
    Info (12134): Parameter "WIDTHAD_B" = "5"
    Info (12134): Parameter "NUMWORDS_B" = "32"
    Info (12134): Parameter "ADDRESS_ACLR_A" = "NONE"
    Info (12134): Parameter "OUTDATA_REG_B" = "UNREGISTERED"
    Info (12134): Parameter "ADDRESS_ACLR_B" = "NONE"
    Info (12134): Parameter "OUTDATA_ACLR_B" = "NONE"
    Info (12134): Parameter "ADDRESS_REG_B" = "CLOCK0"
    Info (12134): Parameter "INDATA_ACLR_A" = "NONE"
    Info (12134): Parameter "WRCONTROL_ACLR_A" = "NONE"
    Info (12134): Parameter "READ_DURING_WRITE_MODE_MIXED_PORTS" = "OLD_DATA"
Info (12021): Found 1 design units, including 1 entities, in source file db/altsyncram_4og1.tdf
    Info (12023): Found entity 1: altsyncram_4og1
Info (12130): Elaborated megafunction instantiation "ml_inference:core_i|altsyncram:input_mem_rtl_0"
Info (12133): Instantiated megafunction "ml_inference:core_i|altsyncram:input_mem_rtl_0" with the following parameter:
    Info (12134): Parameter "OPERATION_MODE" = "DUAL_PORT"
    Info (12134): Parameter "WIDTH_A" = "4"
    Info (12134): Parameter "WIDTHAD_A" = "8"
    Info (12134): Parameter "NUMWORDS_A" = "196"
    Info (12134): Parameter "WIDTH_B" = "4"
    Info (12134): Parameter "WIDTHAD_B" = "8"
    Info (12134): Parameter "NUMWORDS_B" = "196"
    Info (12134): Parameter "ADDRESS_ACLR_A" = "NONE"
    Info (12134): Parameter "OUTDATA_REG_B" = "UNREGISTERED"
    Info (12134): Parameter "ADDRESS_ACLR_B" = "NONE"
    Info (12134): Parameter "OUTDATA_ACLR_B" = "NONE"
    Info (12134): Parameter "ADDRESS_REG_B" = "CLOCK0"
    Info (12134): Parameter "INDATA_ACLR_A" = "NONE"
    Info (12134): Parameter "WRCONTROL_ACLR_A" = "NONE"
    Info (12134): Parameter "READ_DURING_WRITE_MODE_MIXED_PORTS" = "OLD_DATA"
Info (12021): Found 1 design units, including 1 entities, in source file db/altsyncram_mog1.tdf
    Info (12023): Found entity 1: altsyncram_mog1
Info (12130): Elaborated megafunction instantiation "ml_inference:core_i|lpm_mult:Mult1"
Info (12133): Instantiated megafunction "ml_inference:core_i|lpm_mult:Mult1" with the following parameter:
    Info (12134): Parameter "LPM_WIDTHA" = "5"
    Info (12134): Parameter "LPM_WIDTHB" = "8"
    Info (12134): Parameter "LPM_WIDTHP" = "13"
    Info (12134): Parameter "LPM_WIDTHR" = "13"
    Info (12134): Parameter "LPM_WIDTHS" = "1"
    Info (12134): Parameter "LPM_REPRESENTATION" = "SIGNED"
    Info (12134): Parameter "INPUT_A_IS_CONSTANT" = "NO"
    Info (12134): Parameter "INPUT_B_IS_CONSTANT" = "NO"
    Info (12134): Parameter "MAXIMIZE_SPEED" = "5"
Info (12021): Found 1 design units, including 1 entities, in source file db/mult_fus.tdf
    Info (12023): Found entity 1: mult_fus
Info (12130): Elaborated megafunction instantiation "ml_inference:core_i|lpm_mult:Mult2"
Info (12133): Instantiated megafunction "ml_inference:core_i|lpm_mult:Mult2" with the following parameter:
    Info (12134): Parameter "LPM_WIDTHA" = "64"
    Info (12134): Parameter "LPM_WIDTHB" = "8"
    Info (12134): Parameter "LPM_WIDTHP" = "72"
    Info (12134): Parameter "LPM_WIDTHR" = "72"
    Info (12134): Parameter "LPM_WIDTHS" = "1"
    Info (12134): Parameter "LPM_REPRESENTATION" = "SIGNED"
    Info (12134): Parameter "INPUT_A_IS_CONSTANT" = "NO"
    Info (12134): Parameter "INPUT_B_IS_CONSTANT" = "NO"
    Info (12134): Parameter "MAXIMIZE_SPEED" = "5"
Info (12021): Found 1 design units, including 1 entities, in source file db/mult_90t.tdf
    Info (12023): Found entity 1: mult_90t
Info (12130): Elaborated megafunction instantiation "ml_inference:core_i|lpm_mult:Mult0"
Info (12133): Instantiated megafunction "ml_inference:core_i|lpm_mult:Mult0" with the following parameter:
    Info (12134): Parameter "LPM_WIDTHA" = "13"
    Info (12134): Parameter "LPM_WIDTHB" = "9"
    Info (12134): Parameter "LPM_WIDTHP" = "22"
    Info (12134): Parameter "LPM_WIDTHR" = "22"
    Info (12134): Parameter "LPM_WIDTHS" = "1"
    Info (12134): Parameter "LPM_REPRESENTATION" = "SIGNED"
    Info (12134): Parameter "INPUT_A_IS_CONSTANT" = "NO"
    Info (12134): Parameter "INPUT_B_IS_CONSTANT" = "YES"
    Info (12134): Parameter "MAXIMIZE_SPEED" = "6"
Info (12131): Elaborated megafunction instantiation "ml_inference:core_i|lpm_mult:Mult0|multcore:mult_core", which is child of megafunction instantiation "ml_inference:core_i|lpm_mult:Mult0"
Info (12131): Elaborated megafunction instantiation "ml_inference:core_i|lpm_mult:Mult0|multcore:mult_core|mpar_add:padder", which is child of megafunction instantiation "ml_inference:core_i|lpm_mult:Mult0"
Info (12131): Elaborated megafunction instantiation "ml_inference:core_i|lpm_mult:Mult0|multcore:mult_core|mpar_add:padder|lpm_add_sub:adder[1]", which is child of megafunction instantiation "ml_inference:core_i|lpm_mult:Mult0"
Info (12021): Found 1 design units, including 1 entities, in source file db/add_sub_rfh.tdf
    Info (12023): Found entity 1: add_sub_rfh
Info (12131): Elaborated megafunction instantiation "ml_inference:core_i|lpm_mult:Mult0|multcore:mult_core|mpar_add:padder|lpm_add_sub:adder[0]", which is child of megafunction instantiation "ml_inference:core_i|lpm_mult:Mult0"
Info (12021): Found 1 design units, including 1 entities, in source file db/add_sub_15h.tdf
    Info (12023): Found entity 1: add_sub_15h
Info (12131): Elaborated megafunction instantiation "ml_inference:core_i|lpm_mult:Mult0|multcore:mult_core|mpar_add:padder|mpar_add:sub_par_add", which is child of megafunction instantiation "ml_inference:core_i|lpm_mult:Mult0"
Info (12131): Elaborated megafunction instantiation "ml_inference:core_i|lpm_mult:Mult0|multcore:mult_core|mpar_add:padder|mpar_add:sub_par_add|lpm_add_sub:adder[0]", which is child of megafunction instantiation "ml_inference:core_i|lpm_mult:Mult0"
Info (12021): Found 1 design units, including 1 entities, in source file db/add_sub_vfh.tdf
    Info (12023): Found entity 1: add_sub_vfh
Info (12131): Elaborated megafunction instantiation "ml_inference:core_i|lpm_mult:Mult0|altshift:external_latency_ffs", which is child of megafunction instantiation "ml_inference:core_i|lpm_mult:Mult0"
Info (13014): Ignored 194 buffer(s)
    Info (13019): Ignored 194 SOFT buffer(s)
Info (13000): Registers with preset signals will power-up high
Info (13003): DEV_CLRn pin will set, and not reset, register with preset signal due to NOT Gate Push-Back
Warning (13024): Output pins are stuck at VCC or GND
    Warning (13410): Pin "FIFOADR[0]" is stuck at GND
    Warning (13410): Pin "buzz" is stuck at VCC
Info (17049): 8 registers lost all their fanouts during netlist optimizations.
Info (144001): Generated suppressed messages file D:/fpga/cyclone2-handwriting-ml/rtl/fx2_ml_bridge/fx2_ml_bridge.map.smsg
Info (16010): Generating hard_block partition "hard_block:auto_generated_inst"
    Info (16011): Adding 0 node(s), including 0 DDIO, 0 PLL, 0 transceiver and 0 LCELL
Warning (21074): Design contains 2 input pin(s) that do not drive logic
    Warning (15610): No output dependent on input pin "FLAGB"
    Warning (15610): No output dependent on input pin "FLAGC"
Info (21057): Implemented 5102 device resources after synthesis - the final resource count might be different
    Info (21058): Implemented 5 input pins
    Info (21059): Implemented 10 output pins
    Info (21060): Implemented 16 bidirectional pins
    Info (21061): Implemented 4903 logic cells
    Info (21064): Implemented 159 RAM segments
    Info (21062): Implemented 9 DSP elements
Info: Quartus II 64-Bit Analysis & Synthesis was successful. 0 errors, 16 warnings
    Info: Peak virtual memory: 4633 megabytes
    Info: Processing ended: Sat Oct 03 02:00:01 2026
    Info: Elapsed time: 00:00:17
    Info: Total CPU time (on all processors): 00:00:17


+------------------------------------------+
; Analysis & Synthesis Suppressed Messages ;
+------------------------------------------+
The suppressed messages can be found in D:/fpga/cyclone2-handwriting-ml/rtl/fx2_ml_bridge/fx2_ml_bridge.map.smsg.


