TimeQuest Timing Analyzer report for pipe3_10mhz
Wed Sep 30 18:06:55 2026
Quartus II 64-Bit Version 13.0.1 Build 232 06/12/2013 Service Pack 1 SJ Web Edition


---------------------
; Table of Contents ;
---------------------
  1. Legal Notice
  2. TimeQuest Timing Analyzer Summary
  3. Parallel Compilation
  4. SDC File List
  5. Clocks
  6. Slow Model Fmax Summary
  7. Slow Model Setup Summary
  8. Slow Model Hold Summary
  9. Slow Model Recovery Summary
 10. Slow Model Removal Summary
 11. Slow Model Minimum Pulse Width Summary
 12. Slow Model Setup: 'clk'
 13. Slow Model Hold: 'clk'
 14. Slow Model Minimum Pulse Width: 'clk'
 15. Setup Times
 16. Hold Times
 17. Clock to Output Times
 18. Minimum Clock to Output Times
 19. Fast Model Setup Summary
 20. Fast Model Hold Summary
 21. Fast Model Recovery Summary
 22. Fast Model Removal Summary
 23. Fast Model Minimum Pulse Width Summary
 24. Fast Model Setup: 'clk'
 25. Fast Model Hold: 'clk'
 26. Fast Model Minimum Pulse Width: 'clk'
 27. Setup Times
 28. Hold Times
 29. Clock to Output Times
 30. Minimum Clock to Output Times
 31. Multicorner Timing Analysis Summary
 32. Setup Times
 33. Hold Times
 34. Clock to Output Times
 35. Minimum Clock to Output Times
 36. Setup Transfers
 37. Hold Transfers
 38. Report TCCS
 39. Report RSKM
 40. Unconstrained Paths
 41. TimeQuest Timing Analyzer Messages



----------------
; Legal Notice ;
----------------
Copyright (C) 1991-2013 Altera Corporation
Your use of Altera Corporation's design tools, logic functions 
and other software and tools, and its AMPP partner logic 
functions, and any output files from any of the foregoing 
(including device programming or simulation files), and any 
associated documentation or information are expressly subject 
to the terms and conditions of the Altera Program License 
Subscription Agreement, Altera MegaCore Function License 
Agreement, or other applicable license agreement, including, 
without limitation, that your use is for the sole purpose of 
programming logic devices manufactured by Altera and sold by 
Altera or its authorized distributors.  Please refer to the 
applicable agreement for further details.



+----------------------------------------------------------------------------------------+
; TimeQuest Timing Analyzer Summary                                                      ;
+--------------------+-------------------------------------------------------------------+
; Quartus II Version ; Version 13.0.1 Build 232 06/12/2013 Service Pack 1 SJ Web Edition ;
; Revision Name      ; pipe3_10mhz                                                       ;
; Device Family      ; Cyclone II                                                        ;
; Device Name        ; EP2C5T144C8                                                       ;
; Timing Models      ; Final                                                             ;
; Delay Model        ; Combined                                                          ;
; Rise/Fall Delays   ; Unavailable                                                       ;
+--------------------+-------------------------------------------------------------------+


+------------------------------------------+
; Parallel Compilation                     ;
+----------------------------+-------------+
; Processors                 ; Number      ;
+----------------------------+-------------+
; Number detected on machine ; 6           ;
; Maximum allowed            ; 6           ;
;                            ;             ;
; Average used               ; 1.00        ;
; Maximum used               ; 2           ;
;                            ;             ;
; Usage by Processor         ; % Time Used ;
;     Processor 1            ; 100.0%      ;
;     Processor 2            ; < 0.1%      ;
;     Processors 3-6         ;   0.0%      ;
+----------------------------+-------------+


+-----------------------------------------------------+
; SDC File List                                       ;
+-----------------+--------+--------------------------+
; SDC File Path   ; Status ; Read at                  ;
+-----------------+--------+--------------------------+
; pipe3_10mhz.sdc ; OK     ; Wed Sep 30 18:06:54 2026 ;
+-----------------+--------+--------------------------+


+----------------------------------------------------------------------------------------------------------------------------------------------------------------------------------+
; Clocks                                                                                                                                                                           ;
+------------+------+---------+-----------+-------+--------+------------+-----------+-------------+-------+--------+-----------+------------+----------+--------+--------+---------+
; Clock Name ; Type ; Period  ; Frequency ; Rise  ; Fall   ; Duty Cycle ; Divide by ; Multiply by ; Phase ; Offset ; Edge List ; Edge Shift ; Inverted ; Master ; Source ; Targets ;
+------------+------+---------+-----------+-------+--------+------------+-----------+-------------+-------+--------+-----------+------------+----------+--------+--------+---------+
; clk        ; Base ; 100.000 ; 10.0 MHz  ; 0.000 ; 50.000 ;            ;           ;             ;       ;        ;           ;            ;          ;        ;        ; { clk } ;
+------------+------+---------+-----------+-------+--------+------------+-----------+-------------+-------+--------+-----------+------------+----------+--------+--------+---------+


+------------------------------------------------+
; Slow Model Fmax Summary                        ;
+----------+-----------------+------------+------+
; Fmax     ; Restricted Fmax ; Clock Name ; Note ;
+----------+-----------------+------------+------+
; 8.49 MHz ; 8.49 MHz        ; clk        ;      ;
+----------+-----------------+------------+------+
This panel reports FMAX for every clock in the design, regardless of the user-specified clock periods.  FMAX is only computed for paths where the source and destination registers or ports are driven by the same clock.  Paths of different clocks, including generated clocks, are ignored.  For paths between a clock and its inversion, FMAX is computed as if the rising and falling edges are scaled along with FMAX, such that the duty cycle (in terms of a percentage) is maintained. Altera recommends that you always use clock constraints and other slack reports for sign-off analysis.


+---------------------------------+
; Slow Model Setup Summary        ;
+-------+---------+---------------+
; Clock ; Slack   ; End Point TNS ;
+-------+---------+---------------+
; clk   ; -17.798 ; -405.617      ;
+-------+---------+---------------+


+-------------------------------+
; Slow Model Hold Summary       ;
+-------+-------+---------------+
; Clock ; Slack ; End Point TNS ;
+-------+-------+---------------+
; clk   ; 0.499 ; 0.000         ;
+-------+-------+---------------+


-------------------------------
; Slow Model Recovery Summary ;
-------------------------------
No paths to report.


------------------------------
; Slow Model Removal Summary ;
------------------------------
No paths to report.


+----------------------------------------+
; Slow Model Minimum Pulse Width Summary ;
+-------+--------+-----------------------+
; Clock ; Slack  ; End Point TNS         ;
+-------+--------+-----------------------+
; clk   ; 46.933 ; 0.000                 ;
+-------+--------+-----------------------+


+------------------------------------------------------------------------------------------------------------------------+
; Slow Model Setup: 'clk'                                                                                                ;
+---------+---------------+------------------------+--------------+-------------+--------------+------------+------------+
; Slack   ; From Node     ; To Node                ; Launch Clock ; Latch Clock ; Relationship ; Clock Skew ; Data Delay ;
+---------+---------------+------------------------+--------------+-------------+--------------+------------+------------+
; -17.798 ; scores[0][4]  ; result_margin[1]~reg0  ; clk          ; clk         ; 100.000      ; -0.023     ; 117.815    ;
; -17.744 ; scores[1][4]  ; result_margin[1]~reg0  ; clk          ; clk         ; 100.000      ; -0.023     ; 117.761    ;
; -17.717 ; scores[1][0]  ; result_margin[1]~reg0  ; clk          ; clk         ; 100.000      ; -0.027     ; 117.730    ;
; -17.690 ; scores[0][0]  ; result_margin[1]~reg0  ; clk          ; clk         ; 100.000      ; -0.027     ; 117.703    ;
; -17.678 ; scores[0][5]  ; result_margin[1]~reg0  ; clk          ; clk         ; 100.000      ; -0.023     ; 117.695    ;
; -17.648 ; scores[0][4]  ; result_margin[11]~reg0 ; clk          ; clk         ; 100.000      ; -0.025     ; 117.663    ;
; -17.645 ; scores[1][5]  ; result_margin[1]~reg0  ; clk          ; clk         ; 100.000      ; -0.023     ; 117.662    ;
; -17.634 ; scores[0][4]  ; result_margin[15]~reg0 ; clk          ; clk         ; 100.000      ; -0.025     ; 117.649    ;
; -17.632 ; scores[0][4]  ; result_margin[13]~reg0 ; clk          ; clk         ; 100.000      ; -0.025     ; 117.647    ;
; -17.632 ; scores[0][4]  ; result_margin[14]~reg0 ; clk          ; clk         ; 100.000      ; -0.025     ; 117.647    ;
; -17.627 ; scores[0][4]  ; result_margin[7]~reg0  ; clk          ; clk         ; 100.000      ; -0.023     ; 117.644    ;
; -17.624 ; scores[0][4]  ; result_margin[8]~reg0  ; clk          ; clk         ; 100.000      ; -0.023     ; 117.641    ;
; -17.594 ; scores[1][4]  ; result_margin[11]~reg0 ; clk          ; clk         ; 100.000      ; -0.025     ; 117.609    ;
; -17.590 ; scores[0][4]  ; result_margin[9]~reg0  ; clk          ; clk         ; 100.000      ; -0.022     ; 117.608    ;
; -17.590 ; scores[0][4]  ; result_margin[12]~reg0 ; clk          ; clk         ; 100.000      ; -0.022     ; 117.608    ;
; -17.582 ; scores[0][4]  ; result_margin[10]~reg0 ; clk          ; clk         ; 100.000      ; -0.023     ; 117.599    ;
; -17.580 ; scores[1][4]  ; result_margin[15]~reg0 ; clk          ; clk         ; 100.000      ; -0.025     ; 117.595    ;
; -17.578 ; scores[1][4]  ; result_margin[13]~reg0 ; clk          ; clk         ; 100.000      ; -0.025     ; 117.593    ;
; -17.578 ; scores[1][4]  ; result_margin[14]~reg0 ; clk          ; clk         ; 100.000      ; -0.025     ; 117.593    ;
; -17.577 ; scores[0][4]  ; result_margin[0]~reg0  ; clk          ; clk         ; 100.000      ; -0.023     ; 117.594    ;
; -17.573 ; scores[1][4]  ; result_margin[7]~reg0  ; clk          ; clk         ; 100.000      ; -0.023     ; 117.590    ;
; -17.570 ; scores[1][4]  ; result_margin[8]~reg0  ; clk          ; clk         ; 100.000      ; -0.023     ; 117.587    ;
; -17.567 ; scores[1][0]  ; result_margin[11]~reg0 ; clk          ; clk         ; 100.000      ; -0.029     ; 117.578    ;
; -17.553 ; scores[1][0]  ; result_margin[15]~reg0 ; clk          ; clk         ; 100.000      ; -0.029     ; 117.564    ;
; -17.551 ; scores[1][0]  ; result_margin[13]~reg0 ; clk          ; clk         ; 100.000      ; -0.029     ; 117.562    ;
; -17.551 ; scores[1][0]  ; result_margin[14]~reg0 ; clk          ; clk         ; 100.000      ; -0.029     ; 117.562    ;
; -17.546 ; scores[1][0]  ; result_margin[7]~reg0  ; clk          ; clk         ; 100.000      ; -0.027     ; 117.559    ;
; -17.543 ; scores[1][0]  ; result_margin[8]~reg0  ; clk          ; clk         ; 100.000      ; -0.027     ; 117.556    ;
; -17.540 ; scores[0][0]  ; result_margin[11]~reg0 ; clk          ; clk         ; 100.000      ; -0.029     ; 117.551    ;
; -17.536 ; scores[1][4]  ; result_margin[9]~reg0  ; clk          ; clk         ; 100.000      ; -0.022     ; 117.554    ;
; -17.536 ; scores[1][4]  ; result_margin[12]~reg0 ; clk          ; clk         ; 100.000      ; -0.022     ; 117.554    ;
; -17.528 ; scores[0][5]  ; result_margin[11]~reg0 ; clk          ; clk         ; 100.000      ; -0.025     ; 117.543    ;
; -17.528 ; scores[1][4]  ; result_margin[10]~reg0 ; clk          ; clk         ; 100.000      ; -0.023     ; 117.545    ;
; -17.526 ; scores[0][0]  ; result_margin[15]~reg0 ; clk          ; clk         ; 100.000      ; -0.029     ; 117.537    ;
; -17.524 ; scores[0][0]  ; result_margin[13]~reg0 ; clk          ; clk         ; 100.000      ; -0.029     ; 117.535    ;
; -17.524 ; scores[0][0]  ; result_margin[14]~reg0 ; clk          ; clk         ; 100.000      ; -0.029     ; 117.535    ;
; -17.523 ; scores[1][4]  ; result_margin[0]~reg0  ; clk          ; clk         ; 100.000      ; -0.023     ; 117.540    ;
; -17.519 ; scores[0][0]  ; result_margin[7]~reg0  ; clk          ; clk         ; 100.000      ; -0.027     ; 117.532    ;
; -17.516 ; scores[0][0]  ; result_margin[8]~reg0  ; clk          ; clk         ; 100.000      ; -0.027     ; 117.529    ;
; -17.514 ; scores[0][5]  ; result_margin[15]~reg0 ; clk          ; clk         ; 100.000      ; -0.025     ; 117.529    ;
; -17.512 ; scores[0][5]  ; result_margin[13]~reg0 ; clk          ; clk         ; 100.000      ; -0.025     ; 117.527    ;
; -17.512 ; scores[0][5]  ; result_margin[14]~reg0 ; clk          ; clk         ; 100.000      ; -0.025     ; 117.527    ;
; -17.509 ; scores[1][0]  ; result_margin[9]~reg0  ; clk          ; clk         ; 100.000      ; -0.026     ; 117.523    ;
; -17.509 ; scores[1][0]  ; result_margin[12]~reg0 ; clk          ; clk         ; 100.000      ; -0.026     ; 117.523    ;
; -17.507 ; scores[0][5]  ; result_margin[7]~reg0  ; clk          ; clk         ; 100.000      ; -0.023     ; 117.524    ;
; -17.504 ; scores[0][5]  ; result_margin[8]~reg0  ; clk          ; clk         ; 100.000      ; -0.023     ; 117.521    ;
; -17.501 ; scores[1][0]  ; result_margin[10]~reg0 ; clk          ; clk         ; 100.000      ; -0.027     ; 117.514    ;
; -17.496 ; scores[1][0]  ; result_margin[0]~reg0  ; clk          ; clk         ; 100.000      ; -0.027     ; 117.509    ;
; -17.495 ; scores[1][5]  ; result_margin[11]~reg0 ; clk          ; clk         ; 100.000      ; -0.025     ; 117.510    ;
; -17.490 ; scores[1][3]  ; result_margin[1]~reg0  ; clk          ; clk         ; 100.000      ; -0.029     ; 117.501    ;
; -17.482 ; scores[0][0]  ; result_margin[9]~reg0  ; clk          ; clk         ; 100.000      ; -0.026     ; 117.496    ;
; -17.482 ; scores[0][0]  ; result_margin[12]~reg0 ; clk          ; clk         ; 100.000      ; -0.026     ; 117.496    ;
; -17.481 ; scores[1][5]  ; result_margin[15]~reg0 ; clk          ; clk         ; 100.000      ; -0.025     ; 117.496    ;
; -17.479 ; scores[1][5]  ; result_margin[13]~reg0 ; clk          ; clk         ; 100.000      ; -0.025     ; 117.494    ;
; -17.479 ; scores[1][5]  ; result_margin[14]~reg0 ; clk          ; clk         ; 100.000      ; -0.025     ; 117.494    ;
; -17.474 ; scores[1][5]  ; result_margin[7]~reg0  ; clk          ; clk         ; 100.000      ; -0.023     ; 117.491    ;
; -17.474 ; scores[0][0]  ; result_margin[10]~reg0 ; clk          ; clk         ; 100.000      ; -0.027     ; 117.487    ;
; -17.471 ; scores[1][5]  ; result_margin[8]~reg0  ; clk          ; clk         ; 100.000      ; -0.023     ; 117.488    ;
; -17.470 ; scores[0][5]  ; result_margin[9]~reg0  ; clk          ; clk         ; 100.000      ; -0.022     ; 117.488    ;
; -17.470 ; scores[0][5]  ; result_margin[12]~reg0 ; clk          ; clk         ; 100.000      ; -0.022     ; 117.488    ;
; -17.469 ; scores[0][0]  ; result_margin[0]~reg0  ; clk          ; clk         ; 100.000      ; -0.027     ; 117.482    ;
; -17.462 ; scores[0][5]  ; result_margin[10]~reg0 ; clk          ; clk         ; 100.000      ; -0.023     ; 117.479    ;
; -17.460 ; scores[0][3]  ; result_margin[1]~reg0  ; clk          ; clk         ; 100.000      ; -0.029     ; 117.471    ;
; -17.457 ; scores[0][5]  ; result_margin[0]~reg0  ; clk          ; clk         ; 100.000      ; -0.023     ; 117.474    ;
; -17.453 ; scores[1][11] ; result_margin[1]~reg0  ; clk          ; clk         ; 100.000      ; -0.021     ; 117.472    ;
; -17.437 ; scores[1][5]  ; result_margin[9]~reg0  ; clk          ; clk         ; 100.000      ; -0.022     ; 117.455    ;
; -17.437 ; scores[1][5]  ; result_margin[12]~reg0 ; clk          ; clk         ; 100.000      ; -0.022     ; 117.455    ;
; -17.429 ; scores[1][5]  ; result_margin[10]~reg0 ; clk          ; clk         ; 100.000      ; -0.023     ; 117.446    ;
; -17.424 ; scores[1][5]  ; result_margin[0]~reg0  ; clk          ; clk         ; 100.000      ; -0.023     ; 117.441    ;
; -17.340 ; scores[1][3]  ; result_margin[11]~reg0 ; clk          ; clk         ; 100.000      ; -0.031     ; 117.349    ;
; -17.326 ; scores[1][3]  ; result_margin[15]~reg0 ; clk          ; clk         ; 100.000      ; -0.031     ; 117.335    ;
; -17.324 ; scores[1][3]  ; result_margin[13]~reg0 ; clk          ; clk         ; 100.000      ; -0.031     ; 117.333    ;
; -17.324 ; scores[1][3]  ; result_margin[14]~reg0 ; clk          ; clk         ; 100.000      ; -0.031     ; 117.333    ;
; -17.319 ; scores[1][3]  ; result_margin[7]~reg0  ; clk          ; clk         ; 100.000      ; -0.029     ; 117.330    ;
; -17.316 ; scores[1][3]  ; result_margin[8]~reg0  ; clk          ; clk         ; 100.000      ; -0.029     ; 117.327    ;
; -17.310 ; scores[0][3]  ; result_margin[11]~reg0 ; clk          ; clk         ; 100.000      ; -0.031     ; 117.319    ;
; -17.303 ; scores[1][11] ; result_margin[11]~reg0 ; clk          ; clk         ; 100.000      ; -0.023     ; 117.320    ;
; -17.296 ; scores[0][3]  ; result_margin[15]~reg0 ; clk          ; clk         ; 100.000      ; -0.031     ; 117.305    ;
; -17.294 ; scores[0][3]  ; result_margin[13]~reg0 ; clk          ; clk         ; 100.000      ; -0.031     ; 117.303    ;
; -17.294 ; scores[0][3]  ; result_margin[14]~reg0 ; clk          ; clk         ; 100.000      ; -0.031     ; 117.303    ;
; -17.289 ; scores[1][11] ; result_margin[15]~reg0 ; clk          ; clk         ; 100.000      ; -0.023     ; 117.306    ;
; -17.289 ; scores[0][3]  ; result_margin[7]~reg0  ; clk          ; clk         ; 100.000      ; -0.029     ; 117.300    ;
; -17.287 ; scores[1][11] ; result_margin[13]~reg0 ; clk          ; clk         ; 100.000      ; -0.023     ; 117.304    ;
; -17.287 ; scores[1][11] ; result_margin[14]~reg0 ; clk          ; clk         ; 100.000      ; -0.023     ; 117.304    ;
; -17.286 ; scores[0][3]  ; result_margin[8]~reg0  ; clk          ; clk         ; 100.000      ; -0.029     ; 117.297    ;
; -17.282 ; scores[1][11] ; result_margin[7]~reg0  ; clk          ; clk         ; 100.000      ; -0.021     ; 117.301    ;
; -17.282 ; scores[1][3]  ; result_margin[9]~reg0  ; clk          ; clk         ; 100.000      ; -0.028     ; 117.294    ;
; -17.282 ; scores[1][3]  ; result_margin[12]~reg0 ; clk          ; clk         ; 100.000      ; -0.028     ; 117.294    ;
; -17.279 ; scores[1][11] ; result_margin[8]~reg0  ; clk          ; clk         ; 100.000      ; -0.021     ; 117.298    ;
; -17.274 ; scores[1][3]  ; result_margin[10]~reg0 ; clk          ; clk         ; 100.000      ; -0.029     ; 117.285    ;
; -17.269 ; scores[1][3]  ; result_margin[0]~reg0  ; clk          ; clk         ; 100.000      ; -0.029     ; 117.280    ;
; -17.252 ; scores[0][3]  ; result_margin[9]~reg0  ; clk          ; clk         ; 100.000      ; -0.028     ; 117.264    ;
; -17.252 ; scores[0][3]  ; result_margin[12]~reg0 ; clk          ; clk         ; 100.000      ; -0.028     ; 117.264    ;
; -17.245 ; scores[1][11] ; result_margin[9]~reg0  ; clk          ; clk         ; 100.000      ; -0.020     ; 117.265    ;
; -17.245 ; scores[1][11] ; result_margin[12]~reg0 ; clk          ; clk         ; 100.000      ; -0.020     ; 117.265    ;
; -17.244 ; scores[0][3]  ; result_margin[10]~reg0 ; clk          ; clk         ; 100.000      ; -0.029     ; 117.255    ;
; -17.239 ; scores[0][3]  ; result_margin[0]~reg0  ; clk          ; clk         ; 100.000      ; -0.029     ; 117.250    ;
; -17.237 ; scores[1][11] ; result_margin[10]~reg0 ; clk          ; clk         ; 100.000      ; -0.021     ; 117.256    ;
; -17.232 ; scores[1][11] ; result_margin[0]~reg0  ; clk          ; clk         ; 100.000      ; -0.021     ; 117.251    ;
; -17.185 ; scores[1][1]  ; result_margin[1]~reg0  ; clk          ; clk         ; 100.000      ; -0.005     ; 117.220    ;
+---------+---------------+------------------------+--------------+-------------+--------------+------------+------------+


+-------------------------------------------------------------------------------------------------------------------------------------------------------------------------------------------+
; Slow Model Hold: 'clk'                                                                                                                                                                    ;
+-------+---------------------------+---------------------------------------------------------------------------------+--------------+-------------+--------------+------------+------------+
; Slack ; From Node                 ; To Node                                                                         ; Launch Clock ; Latch Clock ; Relationship ; Clock Skew ; Data Delay ;
+-------+---------------------------+---------------------------------------------------------------------------------+--------------+-------------+--------------+------------+------------+
; 0.499 ; state.LOAD                ; state.LOAD                                                                      ; clk          ; clk         ; 0.000        ; 0.000      ; 0.805      ;
; 0.499 ; state.IDLE                ; state.IDLE                                                                      ; clk          ; clk         ; 0.000        ; 0.000      ; 0.805      ;
; 0.499 ; result_digit[0]~reg0      ; result_digit[0]~reg0                                                            ; clk          ; clk         ; 0.000        ; 0.000      ; 0.805      ;
; 0.499 ; result_digit[1]~reg0      ; result_digit[1]~reg0                                                            ; clk          ; clk         ; 0.000        ; 0.000      ; 0.805      ;
; 0.499 ; result_digit[2]~reg0      ; result_digit[2]~reg0                                                            ; clk          ; clk         ; 0.000        ; 0.000      ; 0.805      ;
; 0.499 ; result_confidence[0]~reg0 ; result_confidence[0]~reg0                                                       ; clk          ; clk         ; 0.000        ; 0.000      ; 0.805      ;
; 0.499 ; result_confidence[1]~reg0 ; result_confidence[1]~reg0                                                       ; clk          ; clk         ; 0.000        ; 0.000      ; 0.805      ;
; 0.499 ; result_confidence[2]~reg0 ; result_confidence[2]~reg0                                                       ; clk          ; clk         ; 0.000        ; 0.000      ; 0.805      ;
; 0.499 ; result_confidence[3]~reg0 ; result_confidence[3]~reg0                                                       ; clk          ; clk         ; 0.000        ; 0.000      ; 0.805      ;
; 0.499 ; result_confidence[4]~reg0 ; result_confidence[4]~reg0                                                       ; clk          ; clk         ; 0.000        ; 0.000      ; 0.805      ;
; 0.499 ; result_confidence[5]~reg0 ; result_confidence[5]~reg0                                                       ; clk          ; clk         ; 0.000        ; 0.000      ; 0.805      ;
; 0.499 ; result_confidence[6]~reg0 ; result_confidence[6]~reg0                                                       ; clk          ; clk         ; 0.000        ; 0.000      ; 0.805      ;
; 0.499 ; result_confidence[7]~reg0 ; result_confidence[7]~reg0                                                       ; clk          ; clk         ; 0.000        ; 0.000      ; 0.805      ;
; 0.753 ; output_n[31]              ; output_n[31]                                                                    ; clk          ; clk         ; 0.000        ; 0.000      ; 1.059      ;
; 0.753 ; cycle_ctr[31]             ; cycle_ctr[31]                                                                   ; clk          ; clk         ; 0.000        ; 0.000      ; 1.059      ;
; 0.771 ; neuron[1]                 ; hidden_rtl_0_bypass[3]                                                          ; clk          ; clk         ; 0.000        ; 0.000      ; 1.077      ;
; 0.927 ; neuron[3]                 ; hidden_rtl_0_bypass[7]                                                          ; clk          ; clk         ; 0.000        ; 0.000      ; 1.233      ;
; 0.936 ; state.O_MAC               ; state.O_ACCUM                                                                   ; clk          ; clk         ; 0.000        ; 0.000      ; 1.242      ;
; 0.937 ; state.O_MAC               ; product_reg[6]                                                                  ; clk          ; clk         ; 0.000        ; 0.000      ; 1.243      ;
; 1.026 ; pixel_idx[1]              ; altsyncram:l1_rom|altsyncram_vqt:auto_generated|ram_block1a8~porta_address_reg1 ; clk          ; clk         ; 0.000        ; 0.099      ; 1.392      ;
; 1.124 ; state.H_NEXT              ; pixel_idx[6]                                                                    ; clk          ; clk         ; 0.000        ; 0.000      ; 1.430      ;
; 1.133 ; cycle_ctr[15]             ; result_cycles[15]~reg0                                                          ; clk          ; clk         ; 0.000        ; 0.000      ; 1.439      ;
; 1.139 ; state.IDLE                ; state.REJECT_FRAME                                                              ; clk          ; clk         ; 0.000        ; 0.000      ; 1.445      ;
; 1.144 ; cycle_ctr[23]             ; result_cycles[23]~reg0                                                          ; clk          ; clk         ; 0.000        ; 0.000      ; 1.450      ;
; 1.152 ; state.O_MAC               ; product_reg[2]                                                                  ; clk          ; clk         ; 0.000        ; 0.000      ; 1.458      ;
; 1.166 ; output_n[16]              ; output_n[16]                                                                    ; clk          ; clk         ; 0.000        ; 0.000      ; 1.472      ;
; 1.166 ; cycle_ctr[16]             ; cycle_ctr[16]                                                                   ; clk          ; clk         ; 0.000        ; 0.000      ; 1.472      ;
; 1.167 ; output_n[0]               ; output_n[0]                                                                     ; clk          ; clk         ; 0.000        ; 0.000      ; 1.473      ;
; 1.167 ; cycle_ctr[0]              ; cycle_ctr[0]                                                                    ; clk          ; clk         ; 0.000        ; 0.000      ; 1.473      ;
; 1.175 ; output_n[1]               ; output_n[1]                                                                     ; clk          ; clk         ; 0.000        ; 0.000      ; 1.481      ;
; 1.175 ; output_n[17]              ; output_n[17]                                                                    ; clk          ; clk         ; 0.000        ; 0.000      ; 1.481      ;
; 1.175 ; cycle_ctr[1]              ; cycle_ctr[1]                                                                    ; clk          ; clk         ; 0.000        ; 0.000      ; 1.481      ;
; 1.175 ; cycle_ctr[17]             ; cycle_ctr[17]                                                                   ; clk          ; clk         ; 0.000        ; 0.000      ; 1.481      ;
; 1.176 ; output_n[2]               ; output_n[2]                                                                     ; clk          ; clk         ; 0.000        ; 0.000      ; 1.482      ;
; 1.176 ; output_n[9]               ; output_n[9]                                                                     ; clk          ; clk         ; 0.000        ; 0.000      ; 1.482      ;
; 1.176 ; output_n[18]              ; output_n[18]                                                                    ; clk          ; clk         ; 0.000        ; 0.000      ; 1.482      ;
; 1.176 ; output_n[25]              ; output_n[25]                                                                    ; clk          ; clk         ; 0.000        ; 0.000      ; 1.482      ;
; 1.176 ; cycle_ctr[2]              ; cycle_ctr[2]                                                                    ; clk          ; clk         ; 0.000        ; 0.000      ; 1.482      ;
; 1.176 ; cycle_ctr[9]              ; cycle_ctr[9]                                                                    ; clk          ; clk         ; 0.000        ; 0.000      ; 1.482      ;
; 1.176 ; cycle_ctr[18]             ; cycle_ctr[18]                                                                   ; clk          ; clk         ; 0.000        ; 0.000      ; 1.482      ;
; 1.176 ; cycle_ctr[25]             ; cycle_ctr[25]                                                                   ; clk          ; clk         ; 0.000        ; 0.000      ; 1.482      ;
; 1.177 ; output_n[4]               ; output_n[4]                                                                     ; clk          ; clk         ; 0.000        ; 0.000      ; 1.483      ;
; 1.177 ; output_n[7]               ; output_n[7]                                                                     ; clk          ; clk         ; 0.000        ; 0.000      ; 1.483      ;
; 1.177 ; output_n[11]              ; output_n[11]                                                                    ; clk          ; clk         ; 0.000        ; 0.000      ; 1.483      ;
; 1.177 ; output_n[13]              ; output_n[13]                                                                    ; clk          ; clk         ; 0.000        ; 0.000      ; 1.483      ;
; 1.177 ; output_n[14]              ; output_n[14]                                                                    ; clk          ; clk         ; 0.000        ; 0.000      ; 1.483      ;
; 1.177 ; output_n[15]              ; output_n[15]                                                                    ; clk          ; clk         ; 0.000        ; 0.000      ; 1.483      ;
; 1.177 ; output_n[20]              ; output_n[20]                                                                    ; clk          ; clk         ; 0.000        ; 0.000      ; 1.483      ;
; 1.177 ; output_n[23]              ; output_n[23]                                                                    ; clk          ; clk         ; 0.000        ; 0.000      ; 1.483      ;
; 1.177 ; output_n[27]              ; output_n[27]                                                                    ; clk          ; clk         ; 0.000        ; 0.000      ; 1.483      ;
; 1.177 ; output_n[29]              ; output_n[29]                                                                    ; clk          ; clk         ; 0.000        ; 0.000      ; 1.483      ;
; 1.177 ; output_n[30]              ; output_n[30]                                                                    ; clk          ; clk         ; 0.000        ; 0.000      ; 1.483      ;
; 1.177 ; cycle_ctr[4]              ; cycle_ctr[4]                                                                    ; clk          ; clk         ; 0.000        ; 0.000      ; 1.483      ;
; 1.177 ; cycle_ctr[7]              ; cycle_ctr[7]                                                                    ; clk          ; clk         ; 0.000        ; 0.000      ; 1.483      ;
; 1.177 ; cycle_ctr[11]             ; cycle_ctr[11]                                                                   ; clk          ; clk         ; 0.000        ; 0.000      ; 1.483      ;
; 1.177 ; cycle_ctr[13]             ; cycle_ctr[13]                                                                   ; clk          ; clk         ; 0.000        ; 0.000      ; 1.483      ;
; 1.177 ; cycle_ctr[14]             ; cycle_ctr[14]                                                                   ; clk          ; clk         ; 0.000        ; 0.000      ; 1.483      ;
; 1.177 ; cycle_ctr[15]             ; cycle_ctr[15]                                                                   ; clk          ; clk         ; 0.000        ; 0.000      ; 1.483      ;
; 1.177 ; cycle_ctr[20]             ; cycle_ctr[20]                                                                   ; clk          ; clk         ; 0.000        ; 0.000      ; 1.483      ;
; 1.177 ; cycle_ctr[23]             ; cycle_ctr[23]                                                                   ; clk          ; clk         ; 0.000        ; 0.000      ; 1.483      ;
; 1.177 ; cycle_ctr[27]             ; cycle_ctr[27]                                                                   ; clk          ; clk         ; 0.000        ; 0.000      ; 1.483      ;
; 1.177 ; cycle_ctr[29]             ; cycle_ctr[29]                                                                   ; clk          ; clk         ; 0.000        ; 0.000      ; 1.483      ;
; 1.177 ; cycle_ctr[30]             ; cycle_ctr[30]                                                                   ; clk          ; clk         ; 0.000        ; 0.000      ; 1.483      ;
; 1.218 ; cycle_ctr[2]              ; result_cycles[2]~reg0                                                           ; clk          ; clk         ; 0.000        ; 0.000      ; 1.524      ;
; 1.218 ; cycle_ctr[3]              ; result_cycles[3]~reg0                                                           ; clk          ; clk         ; 0.000        ; 0.000      ; 1.524      ;
; 1.221 ; cycle_ctr[10]             ; result_cycles[10]~reg0                                                          ; clk          ; clk         ; 0.000        ; 0.000      ; 1.527      ;
; 1.222 ; cycle_ctr[24]             ; result_cycles[24]~reg0                                                          ; clk          ; clk         ; 0.000        ; 0.000      ; 1.528      ;
; 1.225 ; output_n[3]               ; output_n[3]                                                                     ; clk          ; clk         ; 0.000        ; 0.000      ; 1.531      ;
; 1.225 ; output_n[8]               ; output_n[8]                                                                     ; clk          ; clk         ; 0.000        ; 0.000      ; 1.531      ;
; 1.225 ; output_n[10]              ; output_n[10]                                                                    ; clk          ; clk         ; 0.000        ; 0.000      ; 1.531      ;
; 1.225 ; output_n[19]              ; output_n[19]                                                                    ; clk          ; clk         ; 0.000        ; 0.000      ; 1.531      ;
; 1.225 ; output_n[24]              ; output_n[24]                                                                    ; clk          ; clk         ; 0.000        ; 0.000      ; 1.531      ;
; 1.225 ; output_n[26]              ; output_n[26]                                                                    ; clk          ; clk         ; 0.000        ; 0.000      ; 1.531      ;
; 1.225 ; cycle_ctr[3]              ; cycle_ctr[3]                                                                    ; clk          ; clk         ; 0.000        ; 0.000      ; 1.531      ;
; 1.225 ; cycle_ctr[8]              ; cycle_ctr[8]                                                                    ; clk          ; clk         ; 0.000        ; 0.000      ; 1.531      ;
; 1.225 ; cycle_ctr[10]             ; cycle_ctr[10]                                                                   ; clk          ; clk         ; 0.000        ; 0.000      ; 1.531      ;
; 1.225 ; cycle_ctr[19]             ; cycle_ctr[19]                                                                   ; clk          ; clk         ; 0.000        ; 0.000      ; 1.531      ;
; 1.225 ; cycle_ctr[24]             ; cycle_ctr[24]                                                                   ; clk          ; clk         ; 0.000        ; 0.000      ; 1.531      ;
; 1.225 ; cycle_ctr[26]             ; cycle_ctr[26]                                                                   ; clk          ; clk         ; 0.000        ; 0.000      ; 1.531      ;
; 1.225 ; cycle_ctr[22]             ; result_cycles[22]~reg0                                                          ; clk          ; clk         ; 0.000        ; 0.000      ; 1.531      ;
; 1.226 ; output_n[5]               ; output_n[5]                                                                     ; clk          ; clk         ; 0.000        ; 0.000      ; 1.532      ;
; 1.226 ; output_n[6]               ; output_n[6]                                                                     ; clk          ; clk         ; 0.000        ; 0.000      ; 1.532      ;
; 1.226 ; output_n[12]              ; output_n[12]                                                                    ; clk          ; clk         ; 0.000        ; 0.000      ; 1.532      ;
; 1.226 ; output_n[21]              ; output_n[21]                                                                    ; clk          ; clk         ; 0.000        ; 0.000      ; 1.532      ;
; 1.226 ; output_n[22]              ; output_n[22]                                                                    ; clk          ; clk         ; 0.000        ; 0.000      ; 1.532      ;
; 1.226 ; output_n[28]              ; output_n[28]                                                                    ; clk          ; clk         ; 0.000        ; 0.000      ; 1.532      ;
; 1.226 ; cycle_ctr[5]              ; cycle_ctr[5]                                                                    ; clk          ; clk         ; 0.000        ; 0.000      ; 1.532      ;
; 1.226 ; cycle_ctr[6]              ; cycle_ctr[6]                                                                    ; clk          ; clk         ; 0.000        ; 0.000      ; 1.532      ;
; 1.226 ; cycle_ctr[12]             ; cycle_ctr[12]                                                                   ; clk          ; clk         ; 0.000        ; 0.000      ; 1.532      ;
; 1.226 ; cycle_ctr[21]             ; cycle_ctr[21]                                                                   ; clk          ; clk         ; 0.000        ; 0.000      ; 1.532      ;
; 1.226 ; cycle_ctr[22]             ; cycle_ctr[22]                                                                   ; clk          ; clk         ; 0.000        ; 0.000      ; 1.532      ;
; 1.226 ; cycle_ctr[28]             ; cycle_ctr[28]                                                                   ; clk          ; clk         ; 0.000        ; 0.000      ; 1.532      ;
; 1.232 ; cycle_ctr[20]             ; result_cycles[20]~reg0                                                          ; clk          ; clk         ; 0.000        ; 0.000      ; 1.538      ;
; 1.232 ; cycle_ctr[21]             ; result_cycles[21]~reg0                                                          ; clk          ; clk         ; 0.000        ; 0.000      ; 1.538      ;
; 1.232 ; cycle_ctr[29]             ; result_cycles[29]~reg0                                                          ; clk          ; clk         ; 0.000        ; 0.000      ; 1.538      ;
; 1.234 ; neuron[0]                 ; hidden_rtl_0_bypass[1]                                                          ; clk          ; clk         ; 0.000        ; 0.000      ; 1.540      ;
; 1.234 ; cycle_ctr[16]             ; result_cycles[16]~reg0                                                          ; clk          ; clk         ; 0.000        ; 0.000      ; 1.540      ;
; 1.332 ; cycle_ctr[0]              ; result_cycles[0]~reg0                                                           ; clk          ; clk         ; 0.000        ; 0.000      ; 1.638      ;
; 1.370 ; cycle_ctr[27]             ; result_cycles[27]~reg0                                                          ; clk          ; clk         ; 0.000        ; 0.000      ; 1.676      ;
; 1.383 ; cycle_ctr[8]              ; result_cycles[8]~reg0                                                           ; clk          ; clk         ; 0.000        ; 0.000      ; 1.689      ;
+-------+---------------------------+---------------------------------------------------------------------------------+--------------+-------------+--------------+------------+------------+


+--------------------------------------------------------------------------------------------------------------------------------------------------------------------------+
; Slow Model Minimum Pulse Width: 'clk'                                                                                                                                    ;
+--------+--------------+----------------+------------------+-------+------------+-----------------------------------------------------------------------------------------+
; Slack  ; Actual Width ; Required Width ; Type             ; Clock ; Clock Edge ; Target                                                                                  ;
+--------+--------------+----------------+------------------+-------+------------+-----------------------------------------------------------------------------------------+
; 46.933 ; 50.000       ; 3.067          ; High Pulse Width ; clk   ; Rise       ; altsyncram:hidden_rtl_0|altsyncram_4og1:auto_generated|ram_block1a0~porta_address_reg0  ;
; 46.933 ; 50.000       ; 3.067          ; Low Pulse Width  ; clk   ; Rise       ; altsyncram:hidden_rtl_0|altsyncram_4og1:auto_generated|ram_block1a0~porta_address_reg0  ;
; 46.933 ; 50.000       ; 3.067          ; High Pulse Width ; clk   ; Rise       ; altsyncram:hidden_rtl_0|altsyncram_4og1:auto_generated|ram_block1a0~porta_address_reg1  ;
; 46.933 ; 50.000       ; 3.067          ; Low Pulse Width  ; clk   ; Rise       ; altsyncram:hidden_rtl_0|altsyncram_4og1:auto_generated|ram_block1a0~porta_address_reg1  ;
; 46.933 ; 50.000       ; 3.067          ; High Pulse Width ; clk   ; Rise       ; altsyncram:hidden_rtl_0|altsyncram_4og1:auto_generated|ram_block1a0~porta_address_reg2  ;
; 46.933 ; 50.000       ; 3.067          ; Low Pulse Width  ; clk   ; Rise       ; altsyncram:hidden_rtl_0|altsyncram_4og1:auto_generated|ram_block1a0~porta_address_reg2  ;
; 46.933 ; 50.000       ; 3.067          ; High Pulse Width ; clk   ; Rise       ; altsyncram:hidden_rtl_0|altsyncram_4og1:auto_generated|ram_block1a0~porta_address_reg3  ;
; 46.933 ; 50.000       ; 3.067          ; Low Pulse Width  ; clk   ; Rise       ; altsyncram:hidden_rtl_0|altsyncram_4og1:auto_generated|ram_block1a0~porta_address_reg3  ;
; 46.933 ; 50.000       ; 3.067          ; High Pulse Width ; clk   ; Rise       ; altsyncram:hidden_rtl_0|altsyncram_4og1:auto_generated|ram_block1a0~porta_address_reg4  ;
; 46.933 ; 50.000       ; 3.067          ; Low Pulse Width  ; clk   ; Rise       ; altsyncram:hidden_rtl_0|altsyncram_4og1:auto_generated|ram_block1a0~porta_address_reg4  ;
; 46.933 ; 50.000       ; 3.067          ; High Pulse Width ; clk   ; Rise       ; altsyncram:hidden_rtl_0|altsyncram_4og1:auto_generated|ram_block1a0~porta_datain_reg0   ;
; 46.933 ; 50.000       ; 3.067          ; Low Pulse Width  ; clk   ; Rise       ; altsyncram:hidden_rtl_0|altsyncram_4og1:auto_generated|ram_block1a0~porta_datain_reg0   ;
; 46.933 ; 50.000       ; 3.067          ; High Pulse Width ; clk   ; Rise       ; altsyncram:hidden_rtl_0|altsyncram_4og1:auto_generated|ram_block1a0~porta_datain_reg1   ;
; 46.933 ; 50.000       ; 3.067          ; Low Pulse Width  ; clk   ; Rise       ; altsyncram:hidden_rtl_0|altsyncram_4og1:auto_generated|ram_block1a0~porta_datain_reg1   ;
; 46.933 ; 50.000       ; 3.067          ; High Pulse Width ; clk   ; Rise       ; altsyncram:hidden_rtl_0|altsyncram_4og1:auto_generated|ram_block1a0~porta_datain_reg10  ;
; 46.933 ; 50.000       ; 3.067          ; Low Pulse Width  ; clk   ; Rise       ; altsyncram:hidden_rtl_0|altsyncram_4og1:auto_generated|ram_block1a0~porta_datain_reg10  ;
; 46.933 ; 50.000       ; 3.067          ; High Pulse Width ; clk   ; Rise       ; altsyncram:hidden_rtl_0|altsyncram_4og1:auto_generated|ram_block1a0~porta_datain_reg11  ;
; 46.933 ; 50.000       ; 3.067          ; Low Pulse Width  ; clk   ; Rise       ; altsyncram:hidden_rtl_0|altsyncram_4og1:auto_generated|ram_block1a0~porta_datain_reg11  ;
; 46.933 ; 50.000       ; 3.067          ; High Pulse Width ; clk   ; Rise       ; altsyncram:hidden_rtl_0|altsyncram_4og1:auto_generated|ram_block1a0~porta_datain_reg12  ;
; 46.933 ; 50.000       ; 3.067          ; Low Pulse Width  ; clk   ; Rise       ; altsyncram:hidden_rtl_0|altsyncram_4og1:auto_generated|ram_block1a0~porta_datain_reg12  ;
; 46.933 ; 50.000       ; 3.067          ; High Pulse Width ; clk   ; Rise       ; altsyncram:hidden_rtl_0|altsyncram_4og1:auto_generated|ram_block1a0~porta_datain_reg13  ;
; 46.933 ; 50.000       ; 3.067          ; Low Pulse Width  ; clk   ; Rise       ; altsyncram:hidden_rtl_0|altsyncram_4og1:auto_generated|ram_block1a0~porta_datain_reg13  ;
; 46.933 ; 50.000       ; 3.067          ; High Pulse Width ; clk   ; Rise       ; altsyncram:hidden_rtl_0|altsyncram_4og1:auto_generated|ram_block1a0~porta_datain_reg14  ;
; 46.933 ; 50.000       ; 3.067          ; Low Pulse Width  ; clk   ; Rise       ; altsyncram:hidden_rtl_0|altsyncram_4og1:auto_generated|ram_block1a0~porta_datain_reg14  ;
; 46.933 ; 50.000       ; 3.067          ; High Pulse Width ; clk   ; Rise       ; altsyncram:hidden_rtl_0|altsyncram_4og1:auto_generated|ram_block1a0~porta_datain_reg15  ;
; 46.933 ; 50.000       ; 3.067          ; Low Pulse Width  ; clk   ; Rise       ; altsyncram:hidden_rtl_0|altsyncram_4og1:auto_generated|ram_block1a0~porta_datain_reg15  ;
; 46.933 ; 50.000       ; 3.067          ; High Pulse Width ; clk   ; Rise       ; altsyncram:hidden_rtl_0|altsyncram_4og1:auto_generated|ram_block1a0~porta_datain_reg16  ;
; 46.933 ; 50.000       ; 3.067          ; Low Pulse Width  ; clk   ; Rise       ; altsyncram:hidden_rtl_0|altsyncram_4og1:auto_generated|ram_block1a0~porta_datain_reg16  ;
; 46.933 ; 50.000       ; 3.067          ; High Pulse Width ; clk   ; Rise       ; altsyncram:hidden_rtl_0|altsyncram_4og1:auto_generated|ram_block1a0~porta_datain_reg17  ;
; 46.933 ; 50.000       ; 3.067          ; Low Pulse Width  ; clk   ; Rise       ; altsyncram:hidden_rtl_0|altsyncram_4og1:auto_generated|ram_block1a0~porta_datain_reg17  ;
; 46.933 ; 50.000       ; 3.067          ; High Pulse Width ; clk   ; Rise       ; altsyncram:hidden_rtl_0|altsyncram_4og1:auto_generated|ram_block1a0~porta_datain_reg18  ;
; 46.933 ; 50.000       ; 3.067          ; Low Pulse Width  ; clk   ; Rise       ; altsyncram:hidden_rtl_0|altsyncram_4og1:auto_generated|ram_block1a0~porta_datain_reg18  ;
; 46.933 ; 50.000       ; 3.067          ; High Pulse Width ; clk   ; Rise       ; altsyncram:hidden_rtl_0|altsyncram_4og1:auto_generated|ram_block1a0~porta_datain_reg19  ;
; 46.933 ; 50.000       ; 3.067          ; Low Pulse Width  ; clk   ; Rise       ; altsyncram:hidden_rtl_0|altsyncram_4og1:auto_generated|ram_block1a0~porta_datain_reg19  ;
; 46.933 ; 50.000       ; 3.067          ; High Pulse Width ; clk   ; Rise       ; altsyncram:hidden_rtl_0|altsyncram_4og1:auto_generated|ram_block1a0~porta_datain_reg2   ;
; 46.933 ; 50.000       ; 3.067          ; Low Pulse Width  ; clk   ; Rise       ; altsyncram:hidden_rtl_0|altsyncram_4og1:auto_generated|ram_block1a0~porta_datain_reg2   ;
; 46.933 ; 50.000       ; 3.067          ; High Pulse Width ; clk   ; Rise       ; altsyncram:hidden_rtl_0|altsyncram_4og1:auto_generated|ram_block1a0~porta_datain_reg20  ;
; 46.933 ; 50.000       ; 3.067          ; Low Pulse Width  ; clk   ; Rise       ; altsyncram:hidden_rtl_0|altsyncram_4og1:auto_generated|ram_block1a0~porta_datain_reg20  ;
; 46.933 ; 50.000       ; 3.067          ; High Pulse Width ; clk   ; Rise       ; altsyncram:hidden_rtl_0|altsyncram_4og1:auto_generated|ram_block1a0~porta_datain_reg21  ;
; 46.933 ; 50.000       ; 3.067          ; Low Pulse Width  ; clk   ; Rise       ; altsyncram:hidden_rtl_0|altsyncram_4og1:auto_generated|ram_block1a0~porta_datain_reg21  ;
; 46.933 ; 50.000       ; 3.067          ; High Pulse Width ; clk   ; Rise       ; altsyncram:hidden_rtl_0|altsyncram_4og1:auto_generated|ram_block1a0~porta_datain_reg22  ;
; 46.933 ; 50.000       ; 3.067          ; Low Pulse Width  ; clk   ; Rise       ; altsyncram:hidden_rtl_0|altsyncram_4og1:auto_generated|ram_block1a0~porta_datain_reg22  ;
; 46.933 ; 50.000       ; 3.067          ; High Pulse Width ; clk   ; Rise       ; altsyncram:hidden_rtl_0|altsyncram_4og1:auto_generated|ram_block1a0~porta_datain_reg23  ;
; 46.933 ; 50.000       ; 3.067          ; Low Pulse Width  ; clk   ; Rise       ; altsyncram:hidden_rtl_0|altsyncram_4og1:auto_generated|ram_block1a0~porta_datain_reg23  ;
; 46.933 ; 50.000       ; 3.067          ; High Pulse Width ; clk   ; Rise       ; altsyncram:hidden_rtl_0|altsyncram_4og1:auto_generated|ram_block1a0~porta_datain_reg24  ;
; 46.933 ; 50.000       ; 3.067          ; Low Pulse Width  ; clk   ; Rise       ; altsyncram:hidden_rtl_0|altsyncram_4og1:auto_generated|ram_block1a0~porta_datain_reg24  ;
; 46.933 ; 50.000       ; 3.067          ; High Pulse Width ; clk   ; Rise       ; altsyncram:hidden_rtl_0|altsyncram_4og1:auto_generated|ram_block1a0~porta_datain_reg25  ;
; 46.933 ; 50.000       ; 3.067          ; Low Pulse Width  ; clk   ; Rise       ; altsyncram:hidden_rtl_0|altsyncram_4og1:auto_generated|ram_block1a0~porta_datain_reg25  ;
; 46.933 ; 50.000       ; 3.067          ; High Pulse Width ; clk   ; Rise       ; altsyncram:hidden_rtl_0|altsyncram_4og1:auto_generated|ram_block1a0~porta_datain_reg26  ;
; 46.933 ; 50.000       ; 3.067          ; Low Pulse Width  ; clk   ; Rise       ; altsyncram:hidden_rtl_0|altsyncram_4og1:auto_generated|ram_block1a0~porta_datain_reg26  ;
; 46.933 ; 50.000       ; 3.067          ; High Pulse Width ; clk   ; Rise       ; altsyncram:hidden_rtl_0|altsyncram_4og1:auto_generated|ram_block1a0~porta_datain_reg3   ;
; 46.933 ; 50.000       ; 3.067          ; Low Pulse Width  ; clk   ; Rise       ; altsyncram:hidden_rtl_0|altsyncram_4og1:auto_generated|ram_block1a0~porta_datain_reg3   ;
; 46.933 ; 50.000       ; 3.067          ; High Pulse Width ; clk   ; Rise       ; altsyncram:hidden_rtl_0|altsyncram_4og1:auto_generated|ram_block1a0~porta_datain_reg4   ;
; 46.933 ; 50.000       ; 3.067          ; Low Pulse Width  ; clk   ; Rise       ; altsyncram:hidden_rtl_0|altsyncram_4og1:auto_generated|ram_block1a0~porta_datain_reg4   ;
; 46.933 ; 50.000       ; 3.067          ; High Pulse Width ; clk   ; Rise       ; altsyncram:hidden_rtl_0|altsyncram_4og1:auto_generated|ram_block1a0~porta_datain_reg5   ;
; 46.933 ; 50.000       ; 3.067          ; Low Pulse Width  ; clk   ; Rise       ; altsyncram:hidden_rtl_0|altsyncram_4og1:auto_generated|ram_block1a0~porta_datain_reg5   ;
; 46.933 ; 50.000       ; 3.067          ; High Pulse Width ; clk   ; Rise       ; altsyncram:hidden_rtl_0|altsyncram_4og1:auto_generated|ram_block1a0~porta_datain_reg6   ;
; 46.933 ; 50.000       ; 3.067          ; Low Pulse Width  ; clk   ; Rise       ; altsyncram:hidden_rtl_0|altsyncram_4og1:auto_generated|ram_block1a0~porta_datain_reg6   ;
; 46.933 ; 50.000       ; 3.067          ; High Pulse Width ; clk   ; Rise       ; altsyncram:hidden_rtl_0|altsyncram_4og1:auto_generated|ram_block1a0~porta_datain_reg7   ;
; 46.933 ; 50.000       ; 3.067          ; Low Pulse Width  ; clk   ; Rise       ; altsyncram:hidden_rtl_0|altsyncram_4og1:auto_generated|ram_block1a0~porta_datain_reg7   ;
; 46.933 ; 50.000       ; 3.067          ; High Pulse Width ; clk   ; Rise       ; altsyncram:hidden_rtl_0|altsyncram_4og1:auto_generated|ram_block1a0~porta_datain_reg8   ;
; 46.933 ; 50.000       ; 3.067          ; Low Pulse Width  ; clk   ; Rise       ; altsyncram:hidden_rtl_0|altsyncram_4og1:auto_generated|ram_block1a0~porta_datain_reg8   ;
; 46.933 ; 50.000       ; 3.067          ; High Pulse Width ; clk   ; Rise       ; altsyncram:hidden_rtl_0|altsyncram_4og1:auto_generated|ram_block1a0~porta_datain_reg9   ;
; 46.933 ; 50.000       ; 3.067          ; Low Pulse Width  ; clk   ; Rise       ; altsyncram:hidden_rtl_0|altsyncram_4og1:auto_generated|ram_block1a0~porta_datain_reg9   ;
; 46.933 ; 50.000       ; 3.067          ; High Pulse Width ; clk   ; Rise       ; altsyncram:hidden_rtl_0|altsyncram_4og1:auto_generated|ram_block1a0~porta_memory_reg0   ;
; 46.933 ; 50.000       ; 3.067          ; Low Pulse Width  ; clk   ; Rise       ; altsyncram:hidden_rtl_0|altsyncram_4og1:auto_generated|ram_block1a0~porta_memory_reg0   ;
; 46.933 ; 50.000       ; 3.067          ; High Pulse Width ; clk   ; Rise       ; altsyncram:hidden_rtl_0|altsyncram_4og1:auto_generated|ram_block1a0~porta_we_reg        ;
; 46.933 ; 50.000       ; 3.067          ; Low Pulse Width  ; clk   ; Rise       ; altsyncram:hidden_rtl_0|altsyncram_4og1:auto_generated|ram_block1a0~porta_we_reg        ;
; 46.933 ; 50.000       ; 3.067          ; High Pulse Width ; clk   ; Rise       ; altsyncram:hidden_rtl_0|altsyncram_4og1:auto_generated|ram_block1a0~portb_address_reg0  ;
; 46.933 ; 50.000       ; 3.067          ; Low Pulse Width  ; clk   ; Rise       ; altsyncram:hidden_rtl_0|altsyncram_4og1:auto_generated|ram_block1a0~portb_address_reg0  ;
; 46.933 ; 50.000       ; 3.067          ; High Pulse Width ; clk   ; Rise       ; altsyncram:hidden_rtl_0|altsyncram_4og1:auto_generated|ram_block1a0~portb_address_reg1  ;
; 46.933 ; 50.000       ; 3.067          ; Low Pulse Width  ; clk   ; Rise       ; altsyncram:hidden_rtl_0|altsyncram_4og1:auto_generated|ram_block1a0~portb_address_reg1  ;
; 46.933 ; 50.000       ; 3.067          ; High Pulse Width ; clk   ; Rise       ; altsyncram:hidden_rtl_0|altsyncram_4og1:auto_generated|ram_block1a0~portb_address_reg2  ;
; 46.933 ; 50.000       ; 3.067          ; Low Pulse Width  ; clk   ; Rise       ; altsyncram:hidden_rtl_0|altsyncram_4og1:auto_generated|ram_block1a0~portb_address_reg2  ;
; 46.933 ; 50.000       ; 3.067          ; High Pulse Width ; clk   ; Rise       ; altsyncram:hidden_rtl_0|altsyncram_4og1:auto_generated|ram_block1a0~portb_address_reg3  ;
; 46.933 ; 50.000       ; 3.067          ; Low Pulse Width  ; clk   ; Rise       ; altsyncram:hidden_rtl_0|altsyncram_4og1:auto_generated|ram_block1a0~portb_address_reg3  ;
; 46.933 ; 50.000       ; 3.067          ; High Pulse Width ; clk   ; Rise       ; altsyncram:hidden_rtl_0|altsyncram_4og1:auto_generated|ram_block1a0~portb_address_reg4  ;
; 46.933 ; 50.000       ; 3.067          ; Low Pulse Width  ; clk   ; Rise       ; altsyncram:hidden_rtl_0|altsyncram_4og1:auto_generated|ram_block1a0~portb_address_reg4  ;
; 46.933 ; 50.000       ; 3.067          ; High Pulse Width ; clk   ; Rise       ; altsyncram:hidden_rtl_0|altsyncram_4og1:auto_generated|ram_block1a10~porta_memory_reg0  ;
; 46.933 ; 50.000       ; 3.067          ; Low Pulse Width  ; clk   ; Rise       ; altsyncram:hidden_rtl_0|altsyncram_4og1:auto_generated|ram_block1a10~porta_memory_reg0  ;
; 46.933 ; 50.000       ; 3.067          ; High Pulse Width ; clk   ; Rise       ; altsyncram:hidden_rtl_0|altsyncram_4og1:auto_generated|ram_block1a11~porta_memory_reg0  ;
; 46.933 ; 50.000       ; 3.067          ; Low Pulse Width  ; clk   ; Rise       ; altsyncram:hidden_rtl_0|altsyncram_4og1:auto_generated|ram_block1a11~porta_memory_reg0  ;
; 46.933 ; 50.000       ; 3.067          ; High Pulse Width ; clk   ; Rise       ; altsyncram:hidden_rtl_0|altsyncram_4og1:auto_generated|ram_block1a12~porta_memory_reg0  ;
; 46.933 ; 50.000       ; 3.067          ; Low Pulse Width  ; clk   ; Rise       ; altsyncram:hidden_rtl_0|altsyncram_4og1:auto_generated|ram_block1a12~porta_memory_reg0  ;
; 46.933 ; 50.000       ; 3.067          ; High Pulse Width ; clk   ; Rise       ; altsyncram:hidden_rtl_0|altsyncram_4og1:auto_generated|ram_block1a13~porta_memory_reg0  ;
; 46.933 ; 50.000       ; 3.067          ; Low Pulse Width  ; clk   ; Rise       ; altsyncram:hidden_rtl_0|altsyncram_4og1:auto_generated|ram_block1a13~porta_memory_reg0  ;
; 46.933 ; 50.000       ; 3.067          ; High Pulse Width ; clk   ; Rise       ; altsyncram:hidden_rtl_0|altsyncram_4og1:auto_generated|ram_block1a14~porta_memory_reg0  ;
; 46.933 ; 50.000       ; 3.067          ; Low Pulse Width  ; clk   ; Rise       ; altsyncram:hidden_rtl_0|altsyncram_4og1:auto_generated|ram_block1a14~porta_memory_reg0  ;
; 46.933 ; 50.000       ; 3.067          ; High Pulse Width ; clk   ; Rise       ; altsyncram:hidden_rtl_0|altsyncram_4og1:auto_generated|ram_block1a15~porta_memory_reg0  ;
; 46.933 ; 50.000       ; 3.067          ; Low Pulse Width  ; clk   ; Rise       ; altsyncram:hidden_rtl_0|altsyncram_4og1:auto_generated|ram_block1a15~porta_memory_reg0  ;
; 46.933 ; 50.000       ; 3.067          ; High Pulse Width ; clk   ; Rise       ; altsyncram:hidden_rtl_0|altsyncram_4og1:auto_generated|ram_block1a16~porta_memory_reg0  ;
; 46.933 ; 50.000       ; 3.067          ; Low Pulse Width  ; clk   ; Rise       ; altsyncram:hidden_rtl_0|altsyncram_4og1:auto_generated|ram_block1a16~porta_memory_reg0  ;
; 46.933 ; 50.000       ; 3.067          ; High Pulse Width ; clk   ; Rise       ; altsyncram:hidden_rtl_0|altsyncram_4og1:auto_generated|ram_block1a17~porta_memory_reg0  ;
; 46.933 ; 50.000       ; 3.067          ; Low Pulse Width  ; clk   ; Rise       ; altsyncram:hidden_rtl_0|altsyncram_4og1:auto_generated|ram_block1a17~porta_memory_reg0  ;
; 46.933 ; 50.000       ; 3.067          ; High Pulse Width ; clk   ; Rise       ; altsyncram:hidden_rtl_0|altsyncram_4og1:auto_generated|ram_block1a18~porta_address_reg0 ;
; 46.933 ; 50.000       ; 3.067          ; Low Pulse Width  ; clk   ; Rise       ; altsyncram:hidden_rtl_0|altsyncram_4og1:auto_generated|ram_block1a18~porta_address_reg0 ;
; 46.933 ; 50.000       ; 3.067          ; High Pulse Width ; clk   ; Rise       ; altsyncram:hidden_rtl_0|altsyncram_4og1:auto_generated|ram_block1a18~porta_address_reg1 ;
; 46.933 ; 50.000       ; 3.067          ; Low Pulse Width  ; clk   ; Rise       ; altsyncram:hidden_rtl_0|altsyncram_4og1:auto_generated|ram_block1a18~porta_address_reg1 ;
; 46.933 ; 50.000       ; 3.067          ; High Pulse Width ; clk   ; Rise       ; altsyncram:hidden_rtl_0|altsyncram_4og1:auto_generated|ram_block1a18~porta_address_reg2 ;
; 46.933 ; 50.000       ; 3.067          ; Low Pulse Width  ; clk   ; Rise       ; altsyncram:hidden_rtl_0|altsyncram_4og1:auto_generated|ram_block1a18~porta_address_reg2 ;
+--------+--------------+----------------+------------------+-------+------------+-----------------------------------------------------------------------------------------+


+-------------------------------------------------------------------------------------+
; Setup Times                                                                         ;
+-----------------------+------------+--------+--------+------------+-----------------+
; Data Port             ; Clock Port ; Rise   ; Fall   ; Clock Edge ; Clock Reference ;
+-----------------------+------------+--------+--------+------------+-----------------+
; input_frame_error     ; clk        ; 12.922 ; 12.922 ; Rise       ; clk             ;
; input_frame_last      ; clk        ; 11.937 ; 11.937 ; Rise       ; clk             ;
; input_frame_valid     ; clk        ; 12.595 ; 12.595 ; Rise       ; clk             ;
; input_pixel[*]        ; clk        ; 5.755  ; 5.755  ; Rise       ; clk             ;
;  input_pixel[0]       ; clk        ; 1.330  ; 1.330  ; Rise       ; clk             ;
;  input_pixel[1]       ; clk        ; 4.934  ; 4.934  ; Rise       ; clk             ;
;  input_pixel[2]       ; clk        ; 5.406  ; 5.406  ; Rise       ; clk             ;
;  input_pixel[3]       ; clk        ; 5.755  ; 5.755  ; Rise       ; clk             ;
; input_pixel_index[*]  ; clk        ; 19.017 ; 19.017 ; Rise       ; clk             ;
;  input_pixel_index[0] ; clk        ; 19.017 ; 19.017 ; Rise       ; clk             ;
;  input_pixel_index[1] ; clk        ; 18.269 ; 18.269 ; Rise       ; clk             ;
;  input_pixel_index[2] ; clk        ; 18.931 ; 18.931 ; Rise       ; clk             ;
;  input_pixel_index[3] ; clk        ; 18.728 ; 18.728 ; Rise       ; clk             ;
;  input_pixel_index[4] ; clk        ; 12.882 ; 12.882 ; Rise       ; clk             ;
;  input_pixel_index[5] ; clk        ; 12.881 ; 12.881 ; Rise       ; clk             ;
;  input_pixel_index[6] ; clk        ; 16.893 ; 16.893 ; Rise       ; clk             ;
;  input_pixel_index[7] ; clk        ; 17.299 ; 17.299 ; Rise       ; clk             ;
; reset_n               ; clk        ; 14.195 ; 14.195 ; Rise       ; clk             ;
+-----------------------+------------+--------+--------+------------+-----------------+


+-------------------------------------------------------------------------------------+
; Hold Times                                                                          ;
+-----------------------+------------+--------+--------+------------+-----------------+
; Data Port             ; Clock Port ; Rise   ; Fall   ; Clock Edge ; Clock Reference ;
+-----------------------+------------+--------+--------+------------+-----------------+
; input_frame_error     ; clk        ; -0.496 ; -0.496 ; Rise       ; clk             ;
; input_frame_last      ; clk        ; -2.243 ; -2.243 ; Rise       ; clk             ;
; input_frame_valid     ; clk        ; -0.856 ; -0.856 ; Rise       ; clk             ;
; input_pixel[*]        ; clk        ; -0.315 ; -0.315 ; Rise       ; clk             ;
;  input_pixel[0]       ; clk        ; -0.315 ; -0.315 ; Rise       ; clk             ;
;  input_pixel[1]       ; clk        ; -4.450 ; -4.450 ; Rise       ; clk             ;
;  input_pixel[2]       ; clk        ; -4.917 ; -4.917 ; Rise       ; clk             ;
;  input_pixel[3]       ; clk        ; -5.268 ; -5.268 ; Rise       ; clk             ;
; input_pixel_index[*]  ; clk        ; -0.725 ; -0.725 ; Rise       ; clk             ;
;  input_pixel_index[0] ; clk        ; -4.883 ; -4.883 ; Rise       ; clk             ;
;  input_pixel_index[1] ; clk        ; -4.081 ; -4.081 ; Rise       ; clk             ;
;  input_pixel_index[2] ; clk        ; -4.832 ; -4.832 ; Rise       ; clk             ;
;  input_pixel_index[3] ; clk        ; -4.845 ; -4.845 ; Rise       ; clk             ;
;  input_pixel_index[4] ; clk        ; -0.725 ; -0.725 ; Rise       ; clk             ;
;  input_pixel_index[5] ; clk        ; -0.726 ; -0.726 ; Rise       ; clk             ;
;  input_pixel_index[6] ; clk        ; -4.052 ; -4.052 ; Rise       ; clk             ;
;  input_pixel_index[7] ; clk        ; -4.328 ; -4.328 ; Rise       ; clk             ;
; reset_n               ; clk        ; 0.367  ; 0.367  ; Rise       ; clk             ;
+-----------------------+------------+--------+--------+------------+-----------------+


+-----------------------------------------------------------------------------------+
; Clock to Output Times                                                             ;
+-----------------------+------------+-------+-------+------------+-----------------+
; Data Port             ; Clock Port ; Rise  ; Fall  ; Clock Edge ; Clock Reference ;
+-----------------------+------------+-------+-------+------------+-----------------+
; busy                  ; clk        ; 8.931 ; 8.931 ; Rise       ; clk             ;
; result_accepted       ; clk        ; 7.551 ; 7.551 ; Rise       ; clk             ;
; result_confidence[*]  ; clk        ; 8.849 ; 8.849 ; Rise       ; clk             ;
;  result_confidence[0] ; clk        ; 7.212 ; 7.212 ; Rise       ; clk             ;
;  result_confidence[1] ; clk        ; 7.908 ; 7.908 ; Rise       ; clk             ;
;  result_confidence[2] ; clk        ; 8.020 ; 8.020 ; Rise       ; clk             ;
;  result_confidence[3] ; clk        ; 8.689 ; 8.689 ; Rise       ; clk             ;
;  result_confidence[4] ; clk        ; 8.409 ; 8.409 ; Rise       ; clk             ;
;  result_confidence[5] ; clk        ; 8.722 ; 8.722 ; Rise       ; clk             ;
;  result_confidence[6] ; clk        ; 7.965 ; 7.965 ; Rise       ; clk             ;
;  result_confidence[7] ; clk        ; 8.849 ; 8.849 ; Rise       ; clk             ;
; result_cycles[*]      ; clk        ; 9.607 ; 9.607 ; Rise       ; clk             ;
;  result_cycles[0]     ; clk        ; 8.271 ; 8.271 ; Rise       ; clk             ;
;  result_cycles[1]     ; clk        ; 8.171 ; 8.171 ; Rise       ; clk             ;
;  result_cycles[2]     ; clk        ; 7.139 ; 7.139 ; Rise       ; clk             ;
;  result_cycles[3]     ; clk        ; 9.536 ; 9.536 ; Rise       ; clk             ;
;  result_cycles[4]     ; clk        ; 7.313 ; 7.313 ; Rise       ; clk             ;
;  result_cycles[5]     ; clk        ; 9.207 ; 9.207 ; Rise       ; clk             ;
;  result_cycles[6]     ; clk        ; 9.243 ; 9.243 ; Rise       ; clk             ;
;  result_cycles[7]     ; clk        ; 7.577 ; 7.577 ; Rise       ; clk             ;
;  result_cycles[8]     ; clk        ; 8.275 ; 8.275 ; Rise       ; clk             ;
;  result_cycles[9]     ; clk        ; 7.233 ; 7.233 ; Rise       ; clk             ;
;  result_cycles[10]    ; clk        ; 9.014 ; 9.014 ; Rise       ; clk             ;
;  result_cycles[11]    ; clk        ; 8.041 ; 8.041 ; Rise       ; clk             ;
;  result_cycles[12]    ; clk        ; 9.607 ; 9.607 ; Rise       ; clk             ;
;  result_cycles[13]    ; clk        ; 8.173 ; 8.173 ; Rise       ; clk             ;
;  result_cycles[14]    ; clk        ; 8.283 ; 8.283 ; Rise       ; clk             ;
;  result_cycles[15]    ; clk        ; 7.329 ; 7.329 ; Rise       ; clk             ;
;  result_cycles[16]    ; clk        ; 7.253 ; 7.253 ; Rise       ; clk             ;
;  result_cycles[17]    ; clk        ; 7.190 ; 7.190 ; Rise       ; clk             ;
;  result_cycles[18]    ; clk        ; 7.925 ; 7.925 ; Rise       ; clk             ;
;  result_cycles[19]    ; clk        ; 7.207 ; 7.207 ; Rise       ; clk             ;
;  result_cycles[20]    ; clk        ; 7.245 ; 7.245 ; Rise       ; clk             ;
;  result_cycles[21]    ; clk        ; 7.254 ; 7.254 ; Rise       ; clk             ;
;  result_cycles[22]    ; clk        ; 8.264 ; 8.264 ; Rise       ; clk             ;
;  result_cycles[23]    ; clk        ; 7.207 ; 7.207 ; Rise       ; clk             ;
;  result_cycles[24]    ; clk        ; 7.256 ; 7.256 ; Rise       ; clk             ;
;  result_cycles[25]    ; clk        ; 8.155 ; 8.155 ; Rise       ; clk             ;
;  result_cycles[26]    ; clk        ; 7.913 ; 7.913 ; Rise       ; clk             ;
;  result_cycles[27]    ; clk        ; 8.939 ; 8.939 ; Rise       ; clk             ;
;  result_cycles[28]    ; clk        ; 8.548 ; 8.548 ; Rise       ; clk             ;
;  result_cycles[29]    ; clk        ; 7.944 ; 7.944 ; Rise       ; clk             ;
;  result_cycles[30]    ; clk        ; 7.266 ; 7.266 ; Rise       ; clk             ;
;  result_cycles[31]    ; clk        ; 8.339 ; 8.339 ; Rise       ; clk             ;
; result_digit[*]       ; clk        ; 8.638 ; 8.638 ; Rise       ; clk             ;
;  result_digit[0]      ; clk        ; 7.966 ; 7.966 ; Rise       ; clk             ;
;  result_digit[1]      ; clk        ; 7.941 ; 7.941 ; Rise       ; clk             ;
;  result_digit[2]      ; clk        ; 8.638 ; 8.638 ; Rise       ; clk             ;
;  result_digit[3]      ; clk        ; 7.948 ; 7.948 ; Rise       ; clk             ;
; result_margin[*]      ; clk        ; 8.954 ; 8.954 ; Rise       ; clk             ;
;  result_margin[0]     ; clk        ; 7.948 ; 7.948 ; Rise       ; clk             ;
;  result_margin[1]     ; clk        ; 7.841 ; 7.841 ; Rise       ; clk             ;
;  result_margin[2]     ; clk        ; 7.549 ; 7.549 ; Rise       ; clk             ;
;  result_margin[3]     ; clk        ; 7.922 ; 7.922 ; Rise       ; clk             ;
;  result_margin[4]     ; clk        ; 8.242 ; 8.242 ; Rise       ; clk             ;
;  result_margin[5]     ; clk        ; 7.234 ; 7.234 ; Rise       ; clk             ;
;  result_margin[6]     ; clk        ; 7.214 ; 7.214 ; Rise       ; clk             ;
;  result_margin[7]     ; clk        ; 7.835 ; 7.835 ; Rise       ; clk             ;
;  result_margin[8]     ; clk        ; 7.813 ; 7.813 ; Rise       ; clk             ;
;  result_margin[9]     ; clk        ; 8.300 ; 8.300 ; Rise       ; clk             ;
;  result_margin[10]    ; clk        ; 7.951 ; 7.951 ; Rise       ; clk             ;
;  result_margin[11]    ; clk        ; 8.237 ; 8.237 ; Rise       ; clk             ;
;  result_margin[12]    ; clk        ; 8.295 ; 8.295 ; Rise       ; clk             ;
;  result_margin[13]    ; clk        ; 8.954 ; 8.954 ; Rise       ; clk             ;
;  result_margin[14]    ; clk        ; 8.306 ; 8.306 ; Rise       ; clk             ;
;  result_margin[15]    ; clk        ; 8.290 ; 8.290 ; Rise       ; clk             ;
; result_valid          ; clk        ; 8.234 ; 8.234 ; Rise       ; clk             ;
+-----------------------+------------+-------+-------+------------+-----------------+


+-----------------------------------------------------------------------------------+
; Minimum Clock to Output Times                                                     ;
+-----------------------+------------+-------+-------+------------+-----------------+
; Data Port             ; Clock Port ; Rise  ; Fall  ; Clock Edge ; Clock Reference ;
+-----------------------+------------+-------+-------+------------+-----------------+
; busy                  ; clk        ; 8.188 ; 8.188 ; Rise       ; clk             ;
; result_accepted       ; clk        ; 7.551 ; 7.551 ; Rise       ; clk             ;
; result_confidence[*]  ; clk        ; 7.212 ; 7.212 ; Rise       ; clk             ;
;  result_confidence[0] ; clk        ; 7.212 ; 7.212 ; Rise       ; clk             ;
;  result_confidence[1] ; clk        ; 7.908 ; 7.908 ; Rise       ; clk             ;
;  result_confidence[2] ; clk        ; 8.020 ; 8.020 ; Rise       ; clk             ;
;  result_confidence[3] ; clk        ; 8.689 ; 8.689 ; Rise       ; clk             ;
;  result_confidence[4] ; clk        ; 8.409 ; 8.409 ; Rise       ; clk             ;
;  result_confidence[5] ; clk        ; 8.722 ; 8.722 ; Rise       ; clk             ;
;  result_confidence[6] ; clk        ; 7.965 ; 7.965 ; Rise       ; clk             ;
;  result_confidence[7] ; clk        ; 8.849 ; 8.849 ; Rise       ; clk             ;
; result_cycles[*]      ; clk        ; 7.139 ; 7.139 ; Rise       ; clk             ;
;  result_cycles[0]     ; clk        ; 8.271 ; 8.271 ; Rise       ; clk             ;
;  result_cycles[1]     ; clk        ; 8.171 ; 8.171 ; Rise       ; clk             ;
;  result_cycles[2]     ; clk        ; 7.139 ; 7.139 ; Rise       ; clk             ;
;  result_cycles[3]     ; clk        ; 9.536 ; 9.536 ; Rise       ; clk             ;
;  result_cycles[4]     ; clk        ; 7.313 ; 7.313 ; Rise       ; clk             ;
;  result_cycles[5]     ; clk        ; 9.207 ; 9.207 ; Rise       ; clk             ;
;  result_cycles[6]     ; clk        ; 9.243 ; 9.243 ; Rise       ; clk             ;
;  result_cycles[7]     ; clk        ; 7.577 ; 7.577 ; Rise       ; clk             ;
;  result_cycles[8]     ; clk        ; 8.275 ; 8.275 ; Rise       ; clk             ;
;  result_cycles[9]     ; clk        ; 7.233 ; 7.233 ; Rise       ; clk             ;
;  result_cycles[10]    ; clk        ; 9.014 ; 9.014 ; Rise       ; clk             ;
;  result_cycles[11]    ; clk        ; 8.041 ; 8.041 ; Rise       ; clk             ;
;  result_cycles[12]    ; clk        ; 9.607 ; 9.607 ; Rise       ; clk             ;
;  result_cycles[13]    ; clk        ; 8.173 ; 8.173 ; Rise       ; clk             ;
;  result_cycles[14]    ; clk        ; 8.283 ; 8.283 ; Rise       ; clk             ;
;  result_cycles[15]    ; clk        ; 7.329 ; 7.329 ; Rise       ; clk             ;
;  result_cycles[16]    ; clk        ; 7.253 ; 7.253 ; Rise       ; clk             ;
;  result_cycles[17]    ; clk        ; 7.190 ; 7.190 ; Rise       ; clk             ;
;  result_cycles[18]    ; clk        ; 7.925 ; 7.925 ; Rise       ; clk             ;
;  result_cycles[19]    ; clk        ; 7.207 ; 7.207 ; Rise       ; clk             ;
;  result_cycles[20]    ; clk        ; 7.245 ; 7.245 ; Rise       ; clk             ;
;  result_cycles[21]    ; clk        ; 7.254 ; 7.254 ; Rise       ; clk             ;
;  result_cycles[22]    ; clk        ; 8.264 ; 8.264 ; Rise       ; clk             ;
;  result_cycles[23]    ; clk        ; 7.207 ; 7.207 ; Rise       ; clk             ;
;  result_cycles[24]    ; clk        ; 7.256 ; 7.256 ; Rise       ; clk             ;
;  result_cycles[25]    ; clk        ; 8.155 ; 8.155 ; Rise       ; clk             ;
;  result_cycles[26]    ; clk        ; 7.913 ; 7.913 ; Rise       ; clk             ;
;  result_cycles[27]    ; clk        ; 8.939 ; 8.939 ; Rise       ; clk             ;
;  result_cycles[28]    ; clk        ; 8.548 ; 8.548 ; Rise       ; clk             ;
;  result_cycles[29]    ; clk        ; 7.944 ; 7.944 ; Rise       ; clk             ;
;  result_cycles[30]    ; clk        ; 7.266 ; 7.266 ; Rise       ; clk             ;
;  result_cycles[31]    ; clk        ; 8.339 ; 8.339 ; Rise       ; clk             ;
; result_digit[*]       ; clk        ; 7.941 ; 7.941 ; Rise       ; clk             ;
;  result_digit[0]      ; clk        ; 7.966 ; 7.966 ; Rise       ; clk             ;
;  result_digit[1]      ; clk        ; 7.941 ; 7.941 ; Rise       ; clk             ;
;  result_digit[2]      ; clk        ; 8.638 ; 8.638 ; Rise       ; clk             ;
;  result_digit[3]      ; clk        ; 7.948 ; 7.948 ; Rise       ; clk             ;
; result_margin[*]      ; clk        ; 7.214 ; 7.214 ; Rise       ; clk             ;
;  result_margin[0]     ; clk        ; 7.948 ; 7.948 ; Rise       ; clk             ;
;  result_margin[1]     ; clk        ; 7.841 ; 7.841 ; Rise       ; clk             ;
;  result_margin[2]     ; clk        ; 7.549 ; 7.549 ; Rise       ; clk             ;
;  result_margin[3]     ; clk        ; 7.922 ; 7.922 ; Rise       ; clk             ;
;  result_margin[4]     ; clk        ; 8.242 ; 8.242 ; Rise       ; clk             ;
;  result_margin[5]     ; clk        ; 7.234 ; 7.234 ; Rise       ; clk             ;
;  result_margin[6]     ; clk        ; 7.214 ; 7.214 ; Rise       ; clk             ;
;  result_margin[7]     ; clk        ; 7.835 ; 7.835 ; Rise       ; clk             ;
;  result_margin[8]     ; clk        ; 7.813 ; 7.813 ; Rise       ; clk             ;
;  result_margin[9]     ; clk        ; 8.300 ; 8.300 ; Rise       ; clk             ;
;  result_margin[10]    ; clk        ; 7.951 ; 7.951 ; Rise       ; clk             ;
;  result_margin[11]    ; clk        ; 8.237 ; 8.237 ; Rise       ; clk             ;
;  result_margin[12]    ; clk        ; 8.295 ; 8.295 ; Rise       ; clk             ;
;  result_margin[13]    ; clk        ; 8.954 ; 8.954 ; Rise       ; clk             ;
;  result_margin[14]    ; clk        ; 8.306 ; 8.306 ; Rise       ; clk             ;
;  result_margin[15]    ; clk        ; 8.290 ; 8.290 ; Rise       ; clk             ;
; result_valid          ; clk        ; 8.234 ; 8.234 ; Rise       ; clk             ;
+-----------------------+------------+-------+-------+------------+-----------------+


+--------------------------------+
; Fast Model Setup Summary       ;
+-------+--------+---------------+
; Clock ; Slack  ; End Point TNS ;
+-------+--------+---------------+
; clk   ; 56.425 ; 0.000         ;
+-------+--------+---------------+


+-------------------------------+
; Fast Model Hold Summary       ;
+-------+-------+---------------+
; Clock ; Slack ; End Point TNS ;
+-------+-------+---------------+
; clk   ; 0.215 ; 0.000         ;
+-------+-------+---------------+


-------------------------------
; Fast Model Recovery Summary ;
-------------------------------
No paths to report.


------------------------------
; Fast Model Removal Summary ;
------------------------------
No paths to report.


+----------------------------------------+
; Fast Model Minimum Pulse Width Summary ;
+-------+--------+-----------------------+
; Clock ; Slack  ; End Point TNS         ;
+-------+--------+-----------------------+
; clk   ; 47.873 ; 0.000                 ;
+-------+--------+-----------------------+


+-----------------------------------------------------------------------------------------------------------------------+
; Fast Model Setup: 'clk'                                                                                               ;
+--------+---------------+------------------------+--------------+-------------+--------------+------------+------------+
; Slack  ; From Node     ; To Node                ; Launch Clock ; Latch Clock ; Relationship ; Clock Skew ; Data Delay ;
+--------+---------------+------------------------+--------------+-------------+--------------+------------+------------+
; 56.425 ; scores[1][0]  ; result_margin[1]~reg0  ; clk          ; clk         ; 100.000      ; -0.022     ; 43.585     ;
; 56.458 ; scores[0][0]  ; result_margin[1]~reg0  ; clk          ; clk         ; 100.000      ; -0.022     ; 43.552     ;
; 56.465 ; scores[1][0]  ; result_margin[11]~reg0 ; clk          ; clk         ; 100.000      ; -0.025     ; 43.542     ;
; 56.466 ; scores[1][0]  ; result_margin[15]~reg0 ; clk          ; clk         ; 100.000      ; -0.025     ; 43.541     ;
; 56.467 ; scores[1][0]  ; result_margin[14]~reg0 ; clk          ; clk         ; 100.000      ; -0.025     ; 43.540     ;
; 56.469 ; scores[1][0]  ; result_margin[13]~reg0 ; clk          ; clk         ; 100.000      ; -0.025     ; 43.538     ;
; 56.470 ; scores[0][4]  ; result_margin[1]~reg0  ; clk          ; clk         ; 100.000      ; -0.019     ; 43.543     ;
; 56.481 ; scores[1][0]  ; result_margin[8]~reg0  ; clk          ; clk         ; 100.000      ; -0.022     ; 43.529     ;
; 56.482 ; scores[1][0]  ; result_margin[7]~reg0  ; clk          ; clk         ; 100.000      ; -0.022     ; 43.528     ;
; 56.486 ; scores[1][4]  ; result_margin[1]~reg0  ; clk          ; clk         ; 100.000      ; -0.019     ; 43.527     ;
; 56.493 ; scores[1][0]  ; result_margin[9]~reg0  ; clk          ; clk         ; 100.000      ; -0.021     ; 43.518     ;
; 56.496 ; scores[1][0]  ; result_margin[12]~reg0 ; clk          ; clk         ; 100.000      ; -0.021     ; 43.515     ;
; 56.498 ; scores[0][0]  ; result_margin[11]~reg0 ; clk          ; clk         ; 100.000      ; -0.025     ; 43.509     ;
; 56.499 ; scores[0][0]  ; result_margin[15]~reg0 ; clk          ; clk         ; 100.000      ; -0.025     ; 43.508     ;
; 56.500 ; scores[0][0]  ; result_margin[14]~reg0 ; clk          ; clk         ; 100.000      ; -0.025     ; 43.507     ;
; 56.501 ; scores[1][0]  ; result_margin[10]~reg0 ; clk          ; clk         ; 100.000      ; -0.022     ; 43.509     ;
; 56.502 ; scores[0][0]  ; result_margin[13]~reg0 ; clk          ; clk         ; 100.000      ; -0.025     ; 43.505     ;
; 56.504 ; scores[1][0]  ; result_margin[0]~reg0  ; clk          ; clk         ; 100.000      ; -0.022     ; 43.506     ;
; 56.510 ; scores[0][4]  ; result_margin[11]~reg0 ; clk          ; clk         ; 100.000      ; -0.022     ; 43.500     ;
; 56.511 ; scores[0][4]  ; result_margin[15]~reg0 ; clk          ; clk         ; 100.000      ; -0.022     ; 43.499     ;
; 56.512 ; scores[0][4]  ; result_margin[14]~reg0 ; clk          ; clk         ; 100.000      ; -0.022     ; 43.498     ;
; 56.514 ; scores[0][4]  ; result_margin[13]~reg0 ; clk          ; clk         ; 100.000      ; -0.022     ; 43.496     ;
; 56.514 ; scores[0][0]  ; result_margin[8]~reg0  ; clk          ; clk         ; 100.000      ; -0.022     ; 43.496     ;
; 56.515 ; scores[0][0]  ; result_margin[7]~reg0  ; clk          ; clk         ; 100.000      ; -0.022     ; 43.495     ;
; 56.526 ; scores[1][4]  ; result_margin[11]~reg0 ; clk          ; clk         ; 100.000      ; -0.022     ; 43.484     ;
; 56.526 ; scores[0][4]  ; result_margin[8]~reg0  ; clk          ; clk         ; 100.000      ; -0.019     ; 43.487     ;
; 56.526 ; scores[0][0]  ; result_margin[9]~reg0  ; clk          ; clk         ; 100.000      ; -0.021     ; 43.485     ;
; 56.527 ; scores[0][5]  ; result_margin[1]~reg0  ; clk          ; clk         ; 100.000      ; -0.017     ; 43.488     ;
; 56.527 ; scores[1][4]  ; result_margin[15]~reg0 ; clk          ; clk         ; 100.000      ; -0.022     ; 43.483     ;
; 56.527 ; scores[0][4]  ; result_margin[7]~reg0  ; clk          ; clk         ; 100.000      ; -0.019     ; 43.486     ;
; 56.528 ; scores[1][5]  ; result_margin[1]~reg0  ; clk          ; clk         ; 100.000      ; -0.017     ; 43.487     ;
; 56.528 ; scores[1][4]  ; result_margin[14]~reg0 ; clk          ; clk         ; 100.000      ; -0.022     ; 43.482     ;
; 56.529 ; scores[0][0]  ; result_margin[12]~reg0 ; clk          ; clk         ; 100.000      ; -0.021     ; 43.482     ;
; 56.530 ; scores[1][4]  ; result_margin[13]~reg0 ; clk          ; clk         ; 100.000      ; -0.022     ; 43.480     ;
; 56.534 ; scores[0][0]  ; result_margin[10]~reg0 ; clk          ; clk         ; 100.000      ; -0.022     ; 43.476     ;
; 56.537 ; scores[0][0]  ; result_margin[0]~reg0  ; clk          ; clk         ; 100.000      ; -0.022     ; 43.473     ;
; 56.538 ; scores[0][4]  ; result_margin[9]~reg0  ; clk          ; clk         ; 100.000      ; -0.018     ; 43.476     ;
; 56.541 ; scores[0][4]  ; result_margin[12]~reg0 ; clk          ; clk         ; 100.000      ; -0.018     ; 43.473     ;
; 56.542 ; scores[1][4]  ; result_margin[8]~reg0  ; clk          ; clk         ; 100.000      ; -0.019     ; 43.471     ;
; 56.543 ; scores[1][4]  ; result_margin[7]~reg0  ; clk          ; clk         ; 100.000      ; -0.019     ; 43.470     ;
; 56.546 ; scores[0][4]  ; result_margin[10]~reg0 ; clk          ; clk         ; 100.000      ; -0.019     ; 43.467     ;
; 56.549 ; scores[0][4]  ; result_margin[0]~reg0  ; clk          ; clk         ; 100.000      ; -0.019     ; 43.464     ;
; 56.554 ; scores[1][4]  ; result_margin[9]~reg0  ; clk          ; clk         ; 100.000      ; -0.018     ; 43.460     ;
; 56.557 ; scores[1][4]  ; result_margin[12]~reg0 ; clk          ; clk         ; 100.000      ; -0.018     ; 43.457     ;
; 56.561 ; scores[1][3]  ; result_margin[1]~reg0  ; clk          ; clk         ; 100.000      ; -0.023     ; 43.448     ;
; 56.562 ; scores[0][3]  ; result_margin[1]~reg0  ; clk          ; clk         ; 100.000      ; -0.023     ; 43.447     ;
; 56.562 ; scores[1][4]  ; result_margin[10]~reg0 ; clk          ; clk         ; 100.000      ; -0.019     ; 43.451     ;
; 56.565 ; scores[1][4]  ; result_margin[0]~reg0  ; clk          ; clk         ; 100.000      ; -0.019     ; 43.448     ;
; 56.567 ; scores[0][5]  ; result_margin[11]~reg0 ; clk          ; clk         ; 100.000      ; -0.020     ; 43.445     ;
; 56.568 ; scores[1][5]  ; result_margin[11]~reg0 ; clk          ; clk         ; 100.000      ; -0.020     ; 43.444     ;
; 56.568 ; scores[0][5]  ; result_margin[15]~reg0 ; clk          ; clk         ; 100.000      ; -0.020     ; 43.444     ;
; 56.569 ; scores[1][5]  ; result_margin[15]~reg0 ; clk          ; clk         ; 100.000      ; -0.020     ; 43.443     ;
; 56.569 ; scores[0][5]  ; result_margin[14]~reg0 ; clk          ; clk         ; 100.000      ; -0.020     ; 43.443     ;
; 56.570 ; scores[1][5]  ; result_margin[14]~reg0 ; clk          ; clk         ; 100.000      ; -0.020     ; 43.442     ;
; 56.571 ; scores[0][5]  ; result_margin[13]~reg0 ; clk          ; clk         ; 100.000      ; -0.020     ; 43.441     ;
; 56.572 ; scores[1][5]  ; result_margin[13]~reg0 ; clk          ; clk         ; 100.000      ; -0.020     ; 43.440     ;
; 56.583 ; scores[0][5]  ; result_margin[8]~reg0  ; clk          ; clk         ; 100.000      ; -0.017     ; 43.432     ;
; 56.584 ; scores[1][5]  ; result_margin[8]~reg0  ; clk          ; clk         ; 100.000      ; -0.017     ; 43.431     ;
; 56.584 ; scores[0][5]  ; result_margin[7]~reg0  ; clk          ; clk         ; 100.000      ; -0.017     ; 43.431     ;
; 56.585 ; scores[1][5]  ; result_margin[7]~reg0  ; clk          ; clk         ; 100.000      ; -0.017     ; 43.430     ;
; 56.595 ; scores[0][5]  ; result_margin[9]~reg0  ; clk          ; clk         ; 100.000      ; -0.016     ; 43.421     ;
; 56.596 ; scores[1][5]  ; result_margin[9]~reg0  ; clk          ; clk         ; 100.000      ; -0.016     ; 43.420     ;
; 56.598 ; scores[0][5]  ; result_margin[12]~reg0 ; clk          ; clk         ; 100.000      ; -0.016     ; 43.418     ;
; 56.599 ; scores[1][5]  ; result_margin[12]~reg0 ; clk          ; clk         ; 100.000      ; -0.016     ; 43.417     ;
; 56.601 ; scores[1][3]  ; result_margin[11]~reg0 ; clk          ; clk         ; 100.000      ; -0.026     ; 43.405     ;
; 56.602 ; scores[0][3]  ; result_margin[11]~reg0 ; clk          ; clk         ; 100.000      ; -0.026     ; 43.404     ;
; 56.602 ; scores[1][3]  ; result_margin[15]~reg0 ; clk          ; clk         ; 100.000      ; -0.026     ; 43.404     ;
; 56.603 ; scores[0][3]  ; result_margin[15]~reg0 ; clk          ; clk         ; 100.000      ; -0.026     ; 43.403     ;
; 56.603 ; scores[1][3]  ; result_margin[14]~reg0 ; clk          ; clk         ; 100.000      ; -0.026     ; 43.403     ;
; 56.603 ; scores[0][5]  ; result_margin[10]~reg0 ; clk          ; clk         ; 100.000      ; -0.017     ; 43.412     ;
; 56.604 ; scores[0][3]  ; result_margin[14]~reg0 ; clk          ; clk         ; 100.000      ; -0.026     ; 43.402     ;
; 56.604 ; scores[1][5]  ; result_margin[10]~reg0 ; clk          ; clk         ; 100.000      ; -0.017     ; 43.411     ;
; 56.605 ; scores[1][3]  ; result_margin[13]~reg0 ; clk          ; clk         ; 100.000      ; -0.026     ; 43.401     ;
; 56.606 ; scores[0][3]  ; result_margin[13]~reg0 ; clk          ; clk         ; 100.000      ; -0.026     ; 43.400     ;
; 56.606 ; scores[0][5]  ; result_margin[0]~reg0  ; clk          ; clk         ; 100.000      ; -0.017     ; 43.409     ;
; 56.607 ; scores[1][5]  ; result_margin[0]~reg0  ; clk          ; clk         ; 100.000      ; -0.017     ; 43.408     ;
; 56.617 ; scores[1][3]  ; result_margin[8]~reg0  ; clk          ; clk         ; 100.000      ; -0.023     ; 43.392     ;
; 56.618 ; scores[0][3]  ; result_margin[8]~reg0  ; clk          ; clk         ; 100.000      ; -0.023     ; 43.391     ;
; 56.618 ; scores[1][3]  ; result_margin[7]~reg0  ; clk          ; clk         ; 100.000      ; -0.023     ; 43.391     ;
; 56.619 ; scores[0][3]  ; result_margin[7]~reg0  ; clk          ; clk         ; 100.000      ; -0.023     ; 43.390     ;
; 56.629 ; scores[1][3]  ; result_margin[9]~reg0  ; clk          ; clk         ; 100.000      ; -0.022     ; 43.381     ;
; 56.630 ; scores[0][3]  ; result_margin[9]~reg0  ; clk          ; clk         ; 100.000      ; -0.022     ; 43.380     ;
; 56.632 ; scores[1][3]  ; result_margin[12]~reg0 ; clk          ; clk         ; 100.000      ; -0.022     ; 43.378     ;
; 56.633 ; scores[0][3]  ; result_margin[12]~reg0 ; clk          ; clk         ; 100.000      ; -0.022     ; 43.377     ;
; 56.637 ; scores[1][3]  ; result_margin[10]~reg0 ; clk          ; clk         ; 100.000      ; -0.023     ; 43.372     ;
; 56.638 ; scores[0][3]  ; result_margin[10]~reg0 ; clk          ; clk         ; 100.000      ; -0.023     ; 43.371     ;
; 56.639 ; scores[1][1]  ; result_margin[1]~reg0  ; clk          ; clk         ; 100.000      ; -0.006     ; 43.387     ;
; 56.640 ; scores[1][3]  ; result_margin[0]~reg0  ; clk          ; clk         ; 100.000      ; -0.023     ; 43.369     ;
; 56.641 ; scores[0][3]  ; result_margin[0]~reg0  ; clk          ; clk         ; 100.000      ; -0.023     ; 43.368     ;
; 56.661 ; scores[0][1]  ; result_margin[1]~reg0  ; clk          ; clk         ; 100.000      ; -0.006     ; 43.365     ;
; 56.674 ; scores[1][11] ; result_margin[1]~reg0  ; clk          ; clk         ; 100.000      ; -0.016     ; 43.342     ;
; 56.679 ; scores[1][1]  ; result_margin[11]~reg0 ; clk          ; clk         ; 100.000      ; -0.009     ; 43.344     ;
; 56.680 ; scores[1][1]  ; result_margin[15]~reg0 ; clk          ; clk         ; 100.000      ; -0.009     ; 43.343     ;
; 56.681 ; scores[1][1]  ; result_margin[14]~reg0 ; clk          ; clk         ; 100.000      ; -0.009     ; 43.342     ;
; 56.683 ; scores[1][1]  ; result_margin[13]~reg0 ; clk          ; clk         ; 100.000      ; -0.009     ; 43.340     ;
; 56.695 ; scores[1][1]  ; result_margin[8]~reg0  ; clk          ; clk         ; 100.000      ; -0.006     ; 43.331     ;
; 56.696 ; scores[1][1]  ; result_margin[7]~reg0  ; clk          ; clk         ; 100.000      ; -0.006     ; 43.330     ;
; 56.701 ; scores[0][1]  ; result_margin[11]~reg0 ; clk          ; clk         ; 100.000      ; -0.009     ; 43.322     ;
; 56.702 ; scores[0][1]  ; result_margin[15]~reg0 ; clk          ; clk         ; 100.000      ; -0.009     ; 43.321     ;
; 56.703 ; scores[0][1]  ; result_margin[14]~reg0 ; clk          ; clk         ; 100.000      ; -0.009     ; 43.320     ;
+--------+---------------+------------------------+--------------+-------------+--------------+------------+------------+


+-------------------------------------------------------------------------------------------------------------------------------------------------------------------------------------------+
; Fast Model Hold: 'clk'                                                                                                                                                                    ;
+-------+---------------------------+---------------------------------------------------------------------------------+--------------+-------------+--------------+------------+------------+
; Slack ; From Node                 ; To Node                                                                         ; Launch Clock ; Latch Clock ; Relationship ; Clock Skew ; Data Delay ;
+-------+---------------------------+---------------------------------------------------------------------------------+--------------+-------------+--------------+------------+------------+
; 0.215 ; state.LOAD                ; state.LOAD                                                                      ; clk          ; clk         ; 0.000        ; 0.000      ; 0.367      ;
; 0.215 ; state.IDLE                ; state.IDLE                                                                      ; clk          ; clk         ; 0.000        ; 0.000      ; 0.367      ;
; 0.215 ; result_digit[0]~reg0      ; result_digit[0]~reg0                                                            ; clk          ; clk         ; 0.000        ; 0.000      ; 0.367      ;
; 0.215 ; result_digit[1]~reg0      ; result_digit[1]~reg0                                                            ; clk          ; clk         ; 0.000        ; 0.000      ; 0.367      ;
; 0.215 ; result_digit[2]~reg0      ; result_digit[2]~reg0                                                            ; clk          ; clk         ; 0.000        ; 0.000      ; 0.367      ;
; 0.215 ; result_confidence[0]~reg0 ; result_confidence[0]~reg0                                                       ; clk          ; clk         ; 0.000        ; 0.000      ; 0.367      ;
; 0.215 ; result_confidence[1]~reg0 ; result_confidence[1]~reg0                                                       ; clk          ; clk         ; 0.000        ; 0.000      ; 0.367      ;
; 0.215 ; result_confidence[2]~reg0 ; result_confidence[2]~reg0                                                       ; clk          ; clk         ; 0.000        ; 0.000      ; 0.367      ;
; 0.215 ; result_confidence[3]~reg0 ; result_confidence[3]~reg0                                                       ; clk          ; clk         ; 0.000        ; 0.000      ; 0.367      ;
; 0.215 ; result_confidence[4]~reg0 ; result_confidence[4]~reg0                                                       ; clk          ; clk         ; 0.000        ; 0.000      ; 0.367      ;
; 0.215 ; result_confidence[5]~reg0 ; result_confidence[5]~reg0                                                       ; clk          ; clk         ; 0.000        ; 0.000      ; 0.367      ;
; 0.215 ; result_confidence[6]~reg0 ; result_confidence[6]~reg0                                                       ; clk          ; clk         ; 0.000        ; 0.000      ; 0.367      ;
; 0.215 ; result_confidence[7]~reg0 ; result_confidence[7]~reg0                                                       ; clk          ; clk         ; 0.000        ; 0.000      ; 0.367      ;
; 0.243 ; output_n[31]              ; output_n[31]                                                                    ; clk          ; clk         ; 0.000        ; 0.000      ; 0.395      ;
; 0.243 ; cycle_ctr[31]             ; cycle_ctr[31]                                                                   ; clk          ; clk         ; 0.000        ; 0.000      ; 0.395      ;
; 0.252 ; neuron[1]                 ; hidden_rtl_0_bypass[3]                                                          ; clk          ; clk         ; 0.000        ; 0.000      ; 0.404      ;
; 0.293 ; pixel_idx[1]              ; altsyncram:l1_rom|altsyncram_vqt:auto_generated|ram_block1a8~porta_address_reg1 ; clk          ; clk         ; 0.000        ; 0.061      ; 0.492      ;
; 0.299 ; state.O_MAC               ; product_reg[6]                                                                  ; clk          ; clk         ; 0.000        ; 0.000      ; 0.451      ;
; 0.323 ; state.O_MAC               ; state.O_ACCUM                                                                   ; clk          ; clk         ; 0.000        ; 0.000      ; 0.475      ;
; 0.338 ; neuron[3]                 ; hidden_rtl_0_bypass[7]                                                          ; clk          ; clk         ; 0.000        ; 0.000      ; 0.490      ;
; 0.355 ; state.H_NEXT              ; pixel_idx[6]                                                                    ; clk          ; clk         ; 0.000        ; 0.000      ; 0.507      ;
; 0.355 ; output_n[0]               ; output_n[0]                                                                     ; clk          ; clk         ; 0.000        ; 0.000      ; 0.507      ;
; 0.355 ; output_n[16]              ; output_n[16]                                                                    ; clk          ; clk         ; 0.000        ; 0.000      ; 0.507      ;
; 0.355 ; cycle_ctr[0]              ; cycle_ctr[0]                                                                    ; clk          ; clk         ; 0.000        ; 0.000      ; 0.507      ;
; 0.355 ; cycle_ctr[16]             ; cycle_ctr[16]                                                                   ; clk          ; clk         ; 0.000        ; 0.000      ; 0.507      ;
; 0.359 ; output_n[1]               ; output_n[1]                                                                     ; clk          ; clk         ; 0.000        ; 0.000      ; 0.511      ;
; 0.359 ; output_n[17]              ; output_n[17]                                                                    ; clk          ; clk         ; 0.000        ; 0.000      ; 0.511      ;
; 0.359 ; cycle_ctr[1]              ; cycle_ctr[1]                                                                    ; clk          ; clk         ; 0.000        ; 0.000      ; 0.511      ;
; 0.359 ; cycle_ctr[17]             ; cycle_ctr[17]                                                                   ; clk          ; clk         ; 0.000        ; 0.000      ; 0.511      ;
; 0.360 ; output_n[2]               ; output_n[2]                                                                     ; clk          ; clk         ; 0.000        ; 0.000      ; 0.512      ;
; 0.360 ; output_n[9]               ; output_n[9]                                                                     ; clk          ; clk         ; 0.000        ; 0.000      ; 0.512      ;
; 0.360 ; output_n[11]              ; output_n[11]                                                                    ; clk          ; clk         ; 0.000        ; 0.000      ; 0.512      ;
; 0.360 ; output_n[18]              ; output_n[18]                                                                    ; clk          ; clk         ; 0.000        ; 0.000      ; 0.512      ;
; 0.360 ; output_n[25]              ; output_n[25]                                                                    ; clk          ; clk         ; 0.000        ; 0.000      ; 0.512      ;
; 0.360 ; output_n[27]              ; output_n[27]                                                                    ; clk          ; clk         ; 0.000        ; 0.000      ; 0.512      ;
; 0.360 ; cycle_ctr[2]              ; cycle_ctr[2]                                                                    ; clk          ; clk         ; 0.000        ; 0.000      ; 0.512      ;
; 0.360 ; cycle_ctr[9]              ; cycle_ctr[9]                                                                    ; clk          ; clk         ; 0.000        ; 0.000      ; 0.512      ;
; 0.360 ; cycle_ctr[11]             ; cycle_ctr[11]                                                                   ; clk          ; clk         ; 0.000        ; 0.000      ; 0.512      ;
; 0.360 ; cycle_ctr[18]             ; cycle_ctr[18]                                                                   ; clk          ; clk         ; 0.000        ; 0.000      ; 0.512      ;
; 0.360 ; cycle_ctr[25]             ; cycle_ctr[25]                                                                   ; clk          ; clk         ; 0.000        ; 0.000      ; 0.512      ;
; 0.360 ; cycle_ctr[27]             ; cycle_ctr[27]                                                                   ; clk          ; clk         ; 0.000        ; 0.000      ; 0.512      ;
; 0.361 ; output_n[4]               ; output_n[4]                                                                     ; clk          ; clk         ; 0.000        ; 0.000      ; 0.513      ;
; 0.361 ; output_n[7]               ; output_n[7]                                                                     ; clk          ; clk         ; 0.000        ; 0.000      ; 0.513      ;
; 0.361 ; output_n[13]              ; output_n[13]                                                                    ; clk          ; clk         ; 0.000        ; 0.000      ; 0.513      ;
; 0.361 ; output_n[14]              ; output_n[14]                                                                    ; clk          ; clk         ; 0.000        ; 0.000      ; 0.513      ;
; 0.361 ; output_n[15]              ; output_n[15]                                                                    ; clk          ; clk         ; 0.000        ; 0.000      ; 0.513      ;
; 0.361 ; output_n[20]              ; output_n[20]                                                                    ; clk          ; clk         ; 0.000        ; 0.000      ; 0.513      ;
; 0.361 ; output_n[23]              ; output_n[23]                                                                    ; clk          ; clk         ; 0.000        ; 0.000      ; 0.513      ;
; 0.361 ; output_n[29]              ; output_n[29]                                                                    ; clk          ; clk         ; 0.000        ; 0.000      ; 0.513      ;
; 0.361 ; output_n[30]              ; output_n[30]                                                                    ; clk          ; clk         ; 0.000        ; 0.000      ; 0.513      ;
; 0.361 ; cycle_ctr[4]              ; cycle_ctr[4]                                                                    ; clk          ; clk         ; 0.000        ; 0.000      ; 0.513      ;
; 0.361 ; cycle_ctr[7]              ; cycle_ctr[7]                                                                    ; clk          ; clk         ; 0.000        ; 0.000      ; 0.513      ;
; 0.361 ; cycle_ctr[13]             ; cycle_ctr[13]                                                                   ; clk          ; clk         ; 0.000        ; 0.000      ; 0.513      ;
; 0.361 ; cycle_ctr[14]             ; cycle_ctr[14]                                                                   ; clk          ; clk         ; 0.000        ; 0.000      ; 0.513      ;
; 0.361 ; cycle_ctr[15]             ; cycle_ctr[15]                                                                   ; clk          ; clk         ; 0.000        ; 0.000      ; 0.513      ;
; 0.361 ; cycle_ctr[20]             ; cycle_ctr[20]                                                                   ; clk          ; clk         ; 0.000        ; 0.000      ; 0.513      ;
; 0.361 ; cycle_ctr[23]             ; cycle_ctr[23]                                                                   ; clk          ; clk         ; 0.000        ; 0.000      ; 0.513      ;
; 0.361 ; cycle_ctr[29]             ; cycle_ctr[29]                                                                   ; clk          ; clk         ; 0.000        ; 0.000      ; 0.513      ;
; 0.361 ; cycle_ctr[30]             ; cycle_ctr[30]                                                                   ; clk          ; clk         ; 0.000        ; 0.000      ; 0.513      ;
; 0.367 ; state.O_MAC               ; product_reg[2]                                                                  ; clk          ; clk         ; 0.000        ; 0.000      ; 0.519      ;
; 0.371 ; output_n[3]               ; output_n[3]                                                                     ; clk          ; clk         ; 0.000        ; 0.000      ; 0.523      ;
; 0.371 ; output_n[8]               ; output_n[8]                                                                     ; clk          ; clk         ; 0.000        ; 0.000      ; 0.523      ;
; 0.371 ; output_n[10]              ; output_n[10]                                                                    ; clk          ; clk         ; 0.000        ; 0.000      ; 0.523      ;
; 0.371 ; output_n[19]              ; output_n[19]                                                                    ; clk          ; clk         ; 0.000        ; 0.000      ; 0.523      ;
; 0.371 ; output_n[24]              ; output_n[24]                                                                    ; clk          ; clk         ; 0.000        ; 0.000      ; 0.523      ;
; 0.371 ; output_n[26]              ; output_n[26]                                                                    ; clk          ; clk         ; 0.000        ; 0.000      ; 0.523      ;
; 0.371 ; cycle_ctr[3]              ; cycle_ctr[3]                                                                    ; clk          ; clk         ; 0.000        ; 0.000      ; 0.523      ;
; 0.371 ; cycle_ctr[8]              ; cycle_ctr[8]                                                                    ; clk          ; clk         ; 0.000        ; 0.000      ; 0.523      ;
; 0.371 ; cycle_ctr[10]             ; cycle_ctr[10]                                                                   ; clk          ; clk         ; 0.000        ; 0.000      ; 0.523      ;
; 0.371 ; cycle_ctr[19]             ; cycle_ctr[19]                                                                   ; clk          ; clk         ; 0.000        ; 0.000      ; 0.523      ;
; 0.371 ; cycle_ctr[24]             ; cycle_ctr[24]                                                                   ; clk          ; clk         ; 0.000        ; 0.000      ; 0.523      ;
; 0.371 ; cycle_ctr[26]             ; cycle_ctr[26]                                                                   ; clk          ; clk         ; 0.000        ; 0.000      ; 0.523      ;
; 0.372 ; output_n[5]               ; output_n[5]                                                                     ; clk          ; clk         ; 0.000        ; 0.000      ; 0.524      ;
; 0.372 ; output_n[6]               ; output_n[6]                                                                     ; clk          ; clk         ; 0.000        ; 0.000      ; 0.524      ;
; 0.372 ; output_n[12]              ; output_n[12]                                                                    ; clk          ; clk         ; 0.000        ; 0.000      ; 0.524      ;
; 0.372 ; output_n[21]              ; output_n[21]                                                                    ; clk          ; clk         ; 0.000        ; 0.000      ; 0.524      ;
; 0.372 ; output_n[22]              ; output_n[22]                                                                    ; clk          ; clk         ; 0.000        ; 0.000      ; 0.524      ;
; 0.372 ; output_n[28]              ; output_n[28]                                                                    ; clk          ; clk         ; 0.000        ; 0.000      ; 0.524      ;
; 0.372 ; cycle_ctr[5]              ; cycle_ctr[5]                                                                    ; clk          ; clk         ; 0.000        ; 0.000      ; 0.524      ;
; 0.372 ; cycle_ctr[6]              ; cycle_ctr[6]                                                                    ; clk          ; clk         ; 0.000        ; 0.000      ; 0.524      ;
; 0.372 ; cycle_ctr[12]             ; cycle_ctr[12]                                                                   ; clk          ; clk         ; 0.000        ; 0.000      ; 0.524      ;
; 0.372 ; cycle_ctr[21]             ; cycle_ctr[21]                                                                   ; clk          ; clk         ; 0.000        ; 0.000      ; 0.524      ;
; 0.372 ; cycle_ctr[22]             ; cycle_ctr[22]                                                                   ; clk          ; clk         ; 0.000        ; 0.000      ; 0.524      ;
; 0.372 ; cycle_ctr[28]             ; cycle_ctr[28]                                                                   ; clk          ; clk         ; 0.000        ; 0.000      ; 0.524      ;
; 0.386 ; cycle_ctr[15]             ; result_cycles[15]~reg0                                                          ; clk          ; clk         ; 0.000        ; -0.001     ; 0.537      ;
; 0.392 ; cycle_ctr[23]             ; result_cycles[23]~reg0                                                          ; clk          ; clk         ; 0.000        ; 0.000      ; 0.544      ;
; 0.397 ; cycle_ctr[2]              ; result_cycles[2]~reg0                                                           ; clk          ; clk         ; 0.000        ; -0.001     ; 0.548      ;
; 0.397 ; cycle_ctr[24]             ; result_cycles[24]~reg0                                                          ; clk          ; clk         ; 0.000        ; 0.000      ; 0.549      ;
; 0.398 ; cycle_ctr[3]              ; result_cycles[3]~reg0                                                           ; clk          ; clk         ; 0.000        ; -0.001     ; 0.549      ;
; 0.399 ; cycle_ctr[10]             ; result_cycles[10]~reg0                                                          ; clk          ; clk         ; 0.000        ; -0.001     ; 0.550      ;
; 0.400 ; cycle_ctr[22]             ; result_cycles[22]~reg0                                                          ; clk          ; clk         ; 0.000        ; 0.000      ; 0.552      ;
; 0.402 ; cycle_ctr[20]             ; result_cycles[20]~reg0                                                          ; clk          ; clk         ; 0.000        ; 0.000      ; 0.554      ;
; 0.402 ; cycle_ctr[21]             ; result_cycles[21]~reg0                                                          ; clk          ; clk         ; 0.000        ; 0.000      ; 0.554      ;
; 0.403 ; state.IDLE                ; state.REJECT_FRAME                                                              ; clk          ; clk         ; 0.000        ; 0.000      ; 0.555      ;
; 0.403 ; cycle_ctr[29]             ; result_cycles[29]~reg0                                                          ; clk          ; clk         ; 0.000        ; 0.000      ; 0.555      ;
; 0.406 ; cycle_ctr[16]             ; result_cycles[16]~reg0                                                          ; clk          ; clk         ; 0.000        ; 0.000      ; 0.558      ;
; 0.411 ; cycle_ctr[27]             ; result_cycles[27]~reg0                                                          ; clk          ; clk         ; 0.000        ; 0.000      ; 0.563      ;
; 0.417 ; cycle_ctr[8]              ; result_cycles[8]~reg0                                                           ; clk          ; clk         ; 0.000        ; -0.001     ; 0.568      ;
; 0.427 ; neuron[0]                 ; hidden_rtl_0_bypass[1]                                                          ; clk          ; clk         ; 0.000        ; 0.000      ; 0.579      ;
; 0.435 ; pixel_idx[1]              ; altsyncram:l1_rom|altsyncram_vqt:auto_generated|ram_block1a9~porta_address_reg1 ; clk          ; clk         ; 0.000        ; 0.059      ; 0.632      ;
+-------+---------------------------+---------------------------------------------------------------------------------+--------------+-------------+--------------+------------+------------+


+--------------------------------------------------------------------------------------------------------------------------------------------------------------------------+
; Fast Model Minimum Pulse Width: 'clk'                                                                                                                                    ;
+--------+--------------+----------------+------------------+-------+------------+-----------------------------------------------------------------------------------------+
; Slack  ; Actual Width ; Required Width ; Type             ; Clock ; Clock Edge ; Target                                                                                  ;
+--------+--------------+----------------+------------------+-------+------------+-----------------------------------------------------------------------------------------+
; 47.873 ; 50.000       ; 2.127          ; High Pulse Width ; clk   ; Rise       ; altsyncram:hidden_rtl_0|altsyncram_4og1:auto_generated|ram_block1a0~porta_address_reg0  ;
; 47.873 ; 50.000       ; 2.127          ; Low Pulse Width  ; clk   ; Rise       ; altsyncram:hidden_rtl_0|altsyncram_4og1:auto_generated|ram_block1a0~porta_address_reg0  ;
; 47.873 ; 50.000       ; 2.127          ; High Pulse Width ; clk   ; Rise       ; altsyncram:hidden_rtl_0|altsyncram_4og1:auto_generated|ram_block1a0~porta_address_reg1  ;
; 47.873 ; 50.000       ; 2.127          ; Low Pulse Width  ; clk   ; Rise       ; altsyncram:hidden_rtl_0|altsyncram_4og1:auto_generated|ram_block1a0~porta_address_reg1  ;
; 47.873 ; 50.000       ; 2.127          ; High Pulse Width ; clk   ; Rise       ; altsyncram:hidden_rtl_0|altsyncram_4og1:auto_generated|ram_block1a0~porta_address_reg2  ;
; 47.873 ; 50.000       ; 2.127          ; Low Pulse Width  ; clk   ; Rise       ; altsyncram:hidden_rtl_0|altsyncram_4og1:auto_generated|ram_block1a0~porta_address_reg2  ;
; 47.873 ; 50.000       ; 2.127          ; High Pulse Width ; clk   ; Rise       ; altsyncram:hidden_rtl_0|altsyncram_4og1:auto_generated|ram_block1a0~porta_address_reg3  ;
; 47.873 ; 50.000       ; 2.127          ; Low Pulse Width  ; clk   ; Rise       ; altsyncram:hidden_rtl_0|altsyncram_4og1:auto_generated|ram_block1a0~porta_address_reg3  ;
; 47.873 ; 50.000       ; 2.127          ; High Pulse Width ; clk   ; Rise       ; altsyncram:hidden_rtl_0|altsyncram_4og1:auto_generated|ram_block1a0~porta_address_reg4  ;
; 47.873 ; 50.000       ; 2.127          ; Low Pulse Width  ; clk   ; Rise       ; altsyncram:hidden_rtl_0|altsyncram_4og1:auto_generated|ram_block1a0~porta_address_reg4  ;
; 47.873 ; 50.000       ; 2.127          ; High Pulse Width ; clk   ; Rise       ; altsyncram:hidden_rtl_0|altsyncram_4og1:auto_generated|ram_block1a0~porta_datain_reg0   ;
; 47.873 ; 50.000       ; 2.127          ; Low Pulse Width  ; clk   ; Rise       ; altsyncram:hidden_rtl_0|altsyncram_4og1:auto_generated|ram_block1a0~porta_datain_reg0   ;
; 47.873 ; 50.000       ; 2.127          ; High Pulse Width ; clk   ; Rise       ; altsyncram:hidden_rtl_0|altsyncram_4og1:auto_generated|ram_block1a0~porta_datain_reg1   ;
; 47.873 ; 50.000       ; 2.127          ; Low Pulse Width  ; clk   ; Rise       ; altsyncram:hidden_rtl_0|altsyncram_4og1:auto_generated|ram_block1a0~porta_datain_reg1   ;
; 47.873 ; 50.000       ; 2.127          ; High Pulse Width ; clk   ; Rise       ; altsyncram:hidden_rtl_0|altsyncram_4og1:auto_generated|ram_block1a0~porta_datain_reg10  ;
; 47.873 ; 50.000       ; 2.127          ; Low Pulse Width  ; clk   ; Rise       ; altsyncram:hidden_rtl_0|altsyncram_4og1:auto_generated|ram_block1a0~porta_datain_reg10  ;
; 47.873 ; 50.000       ; 2.127          ; High Pulse Width ; clk   ; Rise       ; altsyncram:hidden_rtl_0|altsyncram_4og1:auto_generated|ram_block1a0~porta_datain_reg11  ;
; 47.873 ; 50.000       ; 2.127          ; Low Pulse Width  ; clk   ; Rise       ; altsyncram:hidden_rtl_0|altsyncram_4og1:auto_generated|ram_block1a0~porta_datain_reg11  ;
; 47.873 ; 50.000       ; 2.127          ; High Pulse Width ; clk   ; Rise       ; altsyncram:hidden_rtl_0|altsyncram_4og1:auto_generated|ram_block1a0~porta_datain_reg12  ;
; 47.873 ; 50.000       ; 2.127          ; Low Pulse Width  ; clk   ; Rise       ; altsyncram:hidden_rtl_0|altsyncram_4og1:auto_generated|ram_block1a0~porta_datain_reg12  ;
; 47.873 ; 50.000       ; 2.127          ; High Pulse Width ; clk   ; Rise       ; altsyncram:hidden_rtl_0|altsyncram_4og1:auto_generated|ram_block1a0~porta_datain_reg13  ;
; 47.873 ; 50.000       ; 2.127          ; Low Pulse Width  ; clk   ; Rise       ; altsyncram:hidden_rtl_0|altsyncram_4og1:auto_generated|ram_block1a0~porta_datain_reg13  ;
; 47.873 ; 50.000       ; 2.127          ; High Pulse Width ; clk   ; Rise       ; altsyncram:hidden_rtl_0|altsyncram_4og1:auto_generated|ram_block1a0~porta_datain_reg14  ;
; 47.873 ; 50.000       ; 2.127          ; Low Pulse Width  ; clk   ; Rise       ; altsyncram:hidden_rtl_0|altsyncram_4og1:auto_generated|ram_block1a0~porta_datain_reg14  ;
; 47.873 ; 50.000       ; 2.127          ; High Pulse Width ; clk   ; Rise       ; altsyncram:hidden_rtl_0|altsyncram_4og1:auto_generated|ram_block1a0~porta_datain_reg15  ;
; 47.873 ; 50.000       ; 2.127          ; Low Pulse Width  ; clk   ; Rise       ; altsyncram:hidden_rtl_0|altsyncram_4og1:auto_generated|ram_block1a0~porta_datain_reg15  ;
; 47.873 ; 50.000       ; 2.127          ; High Pulse Width ; clk   ; Rise       ; altsyncram:hidden_rtl_0|altsyncram_4og1:auto_generated|ram_block1a0~porta_datain_reg16  ;
; 47.873 ; 50.000       ; 2.127          ; Low Pulse Width  ; clk   ; Rise       ; altsyncram:hidden_rtl_0|altsyncram_4og1:auto_generated|ram_block1a0~porta_datain_reg16  ;
; 47.873 ; 50.000       ; 2.127          ; High Pulse Width ; clk   ; Rise       ; altsyncram:hidden_rtl_0|altsyncram_4og1:auto_generated|ram_block1a0~porta_datain_reg17  ;
; 47.873 ; 50.000       ; 2.127          ; Low Pulse Width  ; clk   ; Rise       ; altsyncram:hidden_rtl_0|altsyncram_4og1:auto_generated|ram_block1a0~porta_datain_reg17  ;
; 47.873 ; 50.000       ; 2.127          ; High Pulse Width ; clk   ; Rise       ; altsyncram:hidden_rtl_0|altsyncram_4og1:auto_generated|ram_block1a0~porta_datain_reg18  ;
; 47.873 ; 50.000       ; 2.127          ; Low Pulse Width  ; clk   ; Rise       ; altsyncram:hidden_rtl_0|altsyncram_4og1:auto_generated|ram_block1a0~porta_datain_reg18  ;
; 47.873 ; 50.000       ; 2.127          ; High Pulse Width ; clk   ; Rise       ; altsyncram:hidden_rtl_0|altsyncram_4og1:auto_generated|ram_block1a0~porta_datain_reg19  ;
; 47.873 ; 50.000       ; 2.127          ; Low Pulse Width  ; clk   ; Rise       ; altsyncram:hidden_rtl_0|altsyncram_4og1:auto_generated|ram_block1a0~porta_datain_reg19  ;
; 47.873 ; 50.000       ; 2.127          ; High Pulse Width ; clk   ; Rise       ; altsyncram:hidden_rtl_0|altsyncram_4og1:auto_generated|ram_block1a0~porta_datain_reg2   ;
; 47.873 ; 50.000       ; 2.127          ; Low Pulse Width  ; clk   ; Rise       ; altsyncram:hidden_rtl_0|altsyncram_4og1:auto_generated|ram_block1a0~porta_datain_reg2   ;
; 47.873 ; 50.000       ; 2.127          ; High Pulse Width ; clk   ; Rise       ; altsyncram:hidden_rtl_0|altsyncram_4og1:auto_generated|ram_block1a0~porta_datain_reg20  ;
; 47.873 ; 50.000       ; 2.127          ; Low Pulse Width  ; clk   ; Rise       ; altsyncram:hidden_rtl_0|altsyncram_4og1:auto_generated|ram_block1a0~porta_datain_reg20  ;
; 47.873 ; 50.000       ; 2.127          ; High Pulse Width ; clk   ; Rise       ; altsyncram:hidden_rtl_0|altsyncram_4og1:auto_generated|ram_block1a0~porta_datain_reg21  ;
; 47.873 ; 50.000       ; 2.127          ; Low Pulse Width  ; clk   ; Rise       ; altsyncram:hidden_rtl_0|altsyncram_4og1:auto_generated|ram_block1a0~porta_datain_reg21  ;
; 47.873 ; 50.000       ; 2.127          ; High Pulse Width ; clk   ; Rise       ; altsyncram:hidden_rtl_0|altsyncram_4og1:auto_generated|ram_block1a0~porta_datain_reg22  ;
; 47.873 ; 50.000       ; 2.127          ; Low Pulse Width  ; clk   ; Rise       ; altsyncram:hidden_rtl_0|altsyncram_4og1:auto_generated|ram_block1a0~porta_datain_reg22  ;
; 47.873 ; 50.000       ; 2.127          ; High Pulse Width ; clk   ; Rise       ; altsyncram:hidden_rtl_0|altsyncram_4og1:auto_generated|ram_block1a0~porta_datain_reg23  ;
; 47.873 ; 50.000       ; 2.127          ; Low Pulse Width  ; clk   ; Rise       ; altsyncram:hidden_rtl_0|altsyncram_4og1:auto_generated|ram_block1a0~porta_datain_reg23  ;
; 47.873 ; 50.000       ; 2.127          ; High Pulse Width ; clk   ; Rise       ; altsyncram:hidden_rtl_0|altsyncram_4og1:auto_generated|ram_block1a0~porta_datain_reg24  ;
; 47.873 ; 50.000       ; 2.127          ; Low Pulse Width  ; clk   ; Rise       ; altsyncram:hidden_rtl_0|altsyncram_4og1:auto_generated|ram_block1a0~porta_datain_reg24  ;
; 47.873 ; 50.000       ; 2.127          ; High Pulse Width ; clk   ; Rise       ; altsyncram:hidden_rtl_0|altsyncram_4og1:auto_generated|ram_block1a0~porta_datain_reg25  ;
; 47.873 ; 50.000       ; 2.127          ; Low Pulse Width  ; clk   ; Rise       ; altsyncram:hidden_rtl_0|altsyncram_4og1:auto_generated|ram_block1a0~porta_datain_reg25  ;
; 47.873 ; 50.000       ; 2.127          ; High Pulse Width ; clk   ; Rise       ; altsyncram:hidden_rtl_0|altsyncram_4og1:auto_generated|ram_block1a0~porta_datain_reg26  ;
; 47.873 ; 50.000       ; 2.127          ; Low Pulse Width  ; clk   ; Rise       ; altsyncram:hidden_rtl_0|altsyncram_4og1:auto_generated|ram_block1a0~porta_datain_reg26  ;
; 47.873 ; 50.000       ; 2.127          ; High Pulse Width ; clk   ; Rise       ; altsyncram:hidden_rtl_0|altsyncram_4og1:auto_generated|ram_block1a0~porta_datain_reg3   ;
; 47.873 ; 50.000       ; 2.127          ; Low Pulse Width  ; clk   ; Rise       ; altsyncram:hidden_rtl_0|altsyncram_4og1:auto_generated|ram_block1a0~porta_datain_reg3   ;
; 47.873 ; 50.000       ; 2.127          ; High Pulse Width ; clk   ; Rise       ; altsyncram:hidden_rtl_0|altsyncram_4og1:auto_generated|ram_block1a0~porta_datain_reg4   ;
; 47.873 ; 50.000       ; 2.127          ; Low Pulse Width  ; clk   ; Rise       ; altsyncram:hidden_rtl_0|altsyncram_4og1:auto_generated|ram_block1a0~porta_datain_reg4   ;
; 47.873 ; 50.000       ; 2.127          ; High Pulse Width ; clk   ; Rise       ; altsyncram:hidden_rtl_0|altsyncram_4og1:auto_generated|ram_block1a0~porta_datain_reg5   ;
; 47.873 ; 50.000       ; 2.127          ; Low Pulse Width  ; clk   ; Rise       ; altsyncram:hidden_rtl_0|altsyncram_4og1:auto_generated|ram_block1a0~porta_datain_reg5   ;
; 47.873 ; 50.000       ; 2.127          ; High Pulse Width ; clk   ; Rise       ; altsyncram:hidden_rtl_0|altsyncram_4og1:auto_generated|ram_block1a0~porta_datain_reg6   ;
; 47.873 ; 50.000       ; 2.127          ; Low Pulse Width  ; clk   ; Rise       ; altsyncram:hidden_rtl_0|altsyncram_4og1:auto_generated|ram_block1a0~porta_datain_reg6   ;
; 47.873 ; 50.000       ; 2.127          ; High Pulse Width ; clk   ; Rise       ; altsyncram:hidden_rtl_0|altsyncram_4og1:auto_generated|ram_block1a0~porta_datain_reg7   ;
; 47.873 ; 50.000       ; 2.127          ; Low Pulse Width  ; clk   ; Rise       ; altsyncram:hidden_rtl_0|altsyncram_4og1:auto_generated|ram_block1a0~porta_datain_reg7   ;
; 47.873 ; 50.000       ; 2.127          ; High Pulse Width ; clk   ; Rise       ; altsyncram:hidden_rtl_0|altsyncram_4og1:auto_generated|ram_block1a0~porta_datain_reg8   ;
; 47.873 ; 50.000       ; 2.127          ; Low Pulse Width  ; clk   ; Rise       ; altsyncram:hidden_rtl_0|altsyncram_4og1:auto_generated|ram_block1a0~porta_datain_reg8   ;
; 47.873 ; 50.000       ; 2.127          ; High Pulse Width ; clk   ; Rise       ; altsyncram:hidden_rtl_0|altsyncram_4og1:auto_generated|ram_block1a0~porta_datain_reg9   ;
; 47.873 ; 50.000       ; 2.127          ; Low Pulse Width  ; clk   ; Rise       ; altsyncram:hidden_rtl_0|altsyncram_4og1:auto_generated|ram_block1a0~porta_datain_reg9   ;
; 47.873 ; 50.000       ; 2.127          ; High Pulse Width ; clk   ; Rise       ; altsyncram:hidden_rtl_0|altsyncram_4og1:auto_generated|ram_block1a0~porta_memory_reg0   ;
; 47.873 ; 50.000       ; 2.127          ; Low Pulse Width  ; clk   ; Rise       ; altsyncram:hidden_rtl_0|altsyncram_4og1:auto_generated|ram_block1a0~porta_memory_reg0   ;
; 47.873 ; 50.000       ; 2.127          ; High Pulse Width ; clk   ; Rise       ; altsyncram:hidden_rtl_0|altsyncram_4og1:auto_generated|ram_block1a0~porta_we_reg        ;
; 47.873 ; 50.000       ; 2.127          ; Low Pulse Width  ; clk   ; Rise       ; altsyncram:hidden_rtl_0|altsyncram_4og1:auto_generated|ram_block1a0~porta_we_reg        ;
; 47.873 ; 50.000       ; 2.127          ; High Pulse Width ; clk   ; Rise       ; altsyncram:hidden_rtl_0|altsyncram_4og1:auto_generated|ram_block1a0~portb_address_reg0  ;
; 47.873 ; 50.000       ; 2.127          ; Low Pulse Width  ; clk   ; Rise       ; altsyncram:hidden_rtl_0|altsyncram_4og1:auto_generated|ram_block1a0~portb_address_reg0  ;
; 47.873 ; 50.000       ; 2.127          ; High Pulse Width ; clk   ; Rise       ; altsyncram:hidden_rtl_0|altsyncram_4og1:auto_generated|ram_block1a0~portb_address_reg1  ;
; 47.873 ; 50.000       ; 2.127          ; Low Pulse Width  ; clk   ; Rise       ; altsyncram:hidden_rtl_0|altsyncram_4og1:auto_generated|ram_block1a0~portb_address_reg1  ;
; 47.873 ; 50.000       ; 2.127          ; High Pulse Width ; clk   ; Rise       ; altsyncram:hidden_rtl_0|altsyncram_4og1:auto_generated|ram_block1a0~portb_address_reg2  ;
; 47.873 ; 50.000       ; 2.127          ; Low Pulse Width  ; clk   ; Rise       ; altsyncram:hidden_rtl_0|altsyncram_4og1:auto_generated|ram_block1a0~portb_address_reg2  ;
; 47.873 ; 50.000       ; 2.127          ; High Pulse Width ; clk   ; Rise       ; altsyncram:hidden_rtl_0|altsyncram_4og1:auto_generated|ram_block1a0~portb_address_reg3  ;
; 47.873 ; 50.000       ; 2.127          ; Low Pulse Width  ; clk   ; Rise       ; altsyncram:hidden_rtl_0|altsyncram_4og1:auto_generated|ram_block1a0~portb_address_reg3  ;
; 47.873 ; 50.000       ; 2.127          ; High Pulse Width ; clk   ; Rise       ; altsyncram:hidden_rtl_0|altsyncram_4og1:auto_generated|ram_block1a0~portb_address_reg4  ;
; 47.873 ; 50.000       ; 2.127          ; Low Pulse Width  ; clk   ; Rise       ; altsyncram:hidden_rtl_0|altsyncram_4og1:auto_generated|ram_block1a0~portb_address_reg4  ;
; 47.873 ; 50.000       ; 2.127          ; High Pulse Width ; clk   ; Rise       ; altsyncram:hidden_rtl_0|altsyncram_4og1:auto_generated|ram_block1a10~porta_memory_reg0  ;
; 47.873 ; 50.000       ; 2.127          ; Low Pulse Width  ; clk   ; Rise       ; altsyncram:hidden_rtl_0|altsyncram_4og1:auto_generated|ram_block1a10~porta_memory_reg0  ;
; 47.873 ; 50.000       ; 2.127          ; High Pulse Width ; clk   ; Rise       ; altsyncram:hidden_rtl_0|altsyncram_4og1:auto_generated|ram_block1a11~porta_memory_reg0  ;
; 47.873 ; 50.000       ; 2.127          ; Low Pulse Width  ; clk   ; Rise       ; altsyncram:hidden_rtl_0|altsyncram_4og1:auto_generated|ram_block1a11~porta_memory_reg0  ;
; 47.873 ; 50.000       ; 2.127          ; High Pulse Width ; clk   ; Rise       ; altsyncram:hidden_rtl_0|altsyncram_4og1:auto_generated|ram_block1a12~porta_memory_reg0  ;
; 47.873 ; 50.000       ; 2.127          ; Low Pulse Width  ; clk   ; Rise       ; altsyncram:hidden_rtl_0|altsyncram_4og1:auto_generated|ram_block1a12~porta_memory_reg0  ;
; 47.873 ; 50.000       ; 2.127          ; High Pulse Width ; clk   ; Rise       ; altsyncram:hidden_rtl_0|altsyncram_4og1:auto_generated|ram_block1a13~porta_memory_reg0  ;
; 47.873 ; 50.000       ; 2.127          ; Low Pulse Width  ; clk   ; Rise       ; altsyncram:hidden_rtl_0|altsyncram_4og1:auto_generated|ram_block1a13~porta_memory_reg0  ;
; 47.873 ; 50.000       ; 2.127          ; High Pulse Width ; clk   ; Rise       ; altsyncram:hidden_rtl_0|altsyncram_4og1:auto_generated|ram_block1a14~porta_memory_reg0  ;
; 47.873 ; 50.000       ; 2.127          ; Low Pulse Width  ; clk   ; Rise       ; altsyncram:hidden_rtl_0|altsyncram_4og1:auto_generated|ram_block1a14~porta_memory_reg0  ;
; 47.873 ; 50.000       ; 2.127          ; High Pulse Width ; clk   ; Rise       ; altsyncram:hidden_rtl_0|altsyncram_4og1:auto_generated|ram_block1a15~porta_memory_reg0  ;
; 47.873 ; 50.000       ; 2.127          ; Low Pulse Width  ; clk   ; Rise       ; altsyncram:hidden_rtl_0|altsyncram_4og1:auto_generated|ram_block1a15~porta_memory_reg0  ;
; 47.873 ; 50.000       ; 2.127          ; High Pulse Width ; clk   ; Rise       ; altsyncram:hidden_rtl_0|altsyncram_4og1:auto_generated|ram_block1a16~porta_memory_reg0  ;
; 47.873 ; 50.000       ; 2.127          ; Low Pulse Width  ; clk   ; Rise       ; altsyncram:hidden_rtl_0|altsyncram_4og1:auto_generated|ram_block1a16~porta_memory_reg0  ;
; 47.873 ; 50.000       ; 2.127          ; High Pulse Width ; clk   ; Rise       ; altsyncram:hidden_rtl_0|altsyncram_4og1:auto_generated|ram_block1a17~porta_memory_reg0  ;
; 47.873 ; 50.000       ; 2.127          ; Low Pulse Width  ; clk   ; Rise       ; altsyncram:hidden_rtl_0|altsyncram_4og1:auto_generated|ram_block1a17~porta_memory_reg0  ;
; 47.873 ; 50.000       ; 2.127          ; High Pulse Width ; clk   ; Rise       ; altsyncram:hidden_rtl_0|altsyncram_4og1:auto_generated|ram_block1a18~porta_address_reg0 ;
; 47.873 ; 50.000       ; 2.127          ; Low Pulse Width  ; clk   ; Rise       ; altsyncram:hidden_rtl_0|altsyncram_4og1:auto_generated|ram_block1a18~porta_address_reg0 ;
; 47.873 ; 50.000       ; 2.127          ; High Pulse Width ; clk   ; Rise       ; altsyncram:hidden_rtl_0|altsyncram_4og1:auto_generated|ram_block1a18~porta_address_reg1 ;
; 47.873 ; 50.000       ; 2.127          ; Low Pulse Width  ; clk   ; Rise       ; altsyncram:hidden_rtl_0|altsyncram_4og1:auto_generated|ram_block1a18~porta_address_reg1 ;
; 47.873 ; 50.000       ; 2.127          ; High Pulse Width ; clk   ; Rise       ; altsyncram:hidden_rtl_0|altsyncram_4og1:auto_generated|ram_block1a18~porta_address_reg2 ;
; 47.873 ; 50.000       ; 2.127          ; Low Pulse Width  ; clk   ; Rise       ; altsyncram:hidden_rtl_0|altsyncram_4og1:auto_generated|ram_block1a18~porta_address_reg2 ;
+--------+--------------+----------------+------------------+-------+------------+-----------------------------------------------------------------------------------------+


+-----------------------------------------------------------------------------------+
; Setup Times                                                                       ;
+-----------------------+------------+-------+-------+------------+-----------------+
; Data Port             ; Clock Port ; Rise  ; Fall  ; Clock Edge ; Clock Reference ;
+-----------------------+------------+-------+-------+------------+-----------------+
; input_frame_error     ; clk        ; 3.736 ; 3.736 ; Rise       ; clk             ;
; input_frame_last      ; clk        ; 3.386 ; 3.386 ; Rise       ; clk             ;
; input_frame_valid     ; clk        ; 3.701 ; 3.701 ; Rise       ; clk             ;
; input_pixel[*]        ; clk        ; 2.516 ; 2.516 ; Rise       ; clk             ;
;  input_pixel[0]       ; clk        ; 0.141 ; 0.141 ; Rise       ; clk             ;
;  input_pixel[1]       ; clk        ; 2.270 ; 2.270 ; Rise       ; clk             ;
;  input_pixel[2]       ; clk        ; 2.303 ; 2.303 ; Rise       ; clk             ;
;  input_pixel[3]       ; clk        ; 2.516 ; 2.516 ; Rise       ; clk             ;
; input_pixel_index[*]  ; clk        ; 6.463 ; 6.463 ; Rise       ; clk             ;
;  input_pixel_index[0] ; clk        ; 6.463 ; 6.463 ; Rise       ; clk             ;
;  input_pixel_index[1] ; clk        ; 6.230 ; 6.230 ; Rise       ; clk             ;
;  input_pixel_index[2] ; clk        ; 6.446 ; 6.446 ; Rise       ; clk             ;
;  input_pixel_index[3] ; clk        ; 6.387 ; 6.387 ; Rise       ; clk             ;
;  input_pixel_index[4] ; clk        ; 3.650 ; 3.650 ; Rise       ; clk             ;
;  input_pixel_index[5] ; clk        ; 3.617 ; 3.617 ; Rise       ; clk             ;
;  input_pixel_index[6] ; clk        ; 5.813 ; 5.813 ; Rise       ; clk             ;
;  input_pixel_index[7] ; clk        ; 5.959 ; 5.959 ; Rise       ; clk             ;
; reset_n               ; clk        ; 4.421 ; 4.421 ; Rise       ; clk             ;
+-----------------------+------------+-------+-------+------------+-----------------+


+-------------------------------------------------------------------------------------+
; Hold Times                                                                          ;
+-----------------------+------------+--------+--------+------------+-----------------+
; Data Port             ; Clock Port ; Rise   ; Fall   ; Clock Edge ; Clock Reference ;
+-----------------------+------------+--------+--------+------------+-----------------+
; input_frame_error     ; clk        ; 0.196  ; 0.196  ; Rise       ; clk             ;
; input_frame_last      ; clk        ; -0.336 ; -0.336 ; Rise       ; clk             ;
; input_frame_valid     ; clk        ; 0.058  ; 0.058  ; Rise       ; clk             ;
; input_pixel[*]        ; clk        ; 0.332  ; 0.332  ; Rise       ; clk             ;
;  input_pixel[0]       ; clk        ; 0.332  ; 0.332  ; Rise       ; clk             ;
;  input_pixel[1]       ; clk        ; -2.010 ; -2.010 ; Rise       ; clk             ;
;  input_pixel[2]       ; clk        ; -2.164 ; -2.164 ; Rise       ; clk             ;
;  input_pixel[3]       ; clk        ; -2.256 ; -2.256 ; Rise       ; clk             ;
; input_pixel_index[*]  ; clk        ; 0.154  ; 0.154  ; Rise       ; clk             ;
;  input_pixel_index[0] ; clk        ; -2.155 ; -2.155 ; Rise       ; clk             ;
;  input_pixel_index[1] ; clk        ; -1.902 ; -1.902 ; Rise       ; clk             ;
;  input_pixel_index[2] ; clk        ; -2.142 ; -2.142 ; Rise       ; clk             ;
;  input_pixel_index[3] ; clk        ; -2.149 ; -2.149 ; Rise       ; clk             ;
;  input_pixel_index[4] ; clk        ; 0.069  ; 0.069  ; Rise       ; clk             ;
;  input_pixel_index[5] ; clk        ; 0.154  ; 0.154  ; Rise       ; clk             ;
;  input_pixel_index[6] ; clk        ; -1.884 ; -1.884 ; Rise       ; clk             ;
;  input_pixel_index[7] ; clk        ; -1.933 ; -1.933 ; Rise       ; clk             ;
; reset_n               ; clk        ; 0.407  ; 0.407  ; Rise       ; clk             ;
+-----------------------+------------+--------+--------+------------+-----------------+


+-----------------------------------------------------------------------------------+
; Clock to Output Times                                                             ;
+-----------------------+------------+-------+-------+------------+-----------------+
; Data Port             ; Clock Port ; Rise  ; Fall  ; Clock Edge ; Clock Reference ;
+-----------------------+------------+-------+-------+------------+-----------------+
; busy                  ; clk        ; 3.935 ; 3.935 ; Rise       ; clk             ;
; result_accepted       ; clk        ; 3.507 ; 3.507 ; Rise       ; clk             ;
; result_confidence[*]  ; clk        ; 3.948 ; 3.948 ; Rise       ; clk             ;
;  result_confidence[0] ; clk        ; 3.429 ; 3.429 ; Rise       ; clk             ;
;  result_confidence[1] ; clk        ; 3.623 ; 3.623 ; Rise       ; clk             ;
;  result_confidence[2] ; clk        ; 3.682 ; 3.682 ; Rise       ; clk             ;
;  result_confidence[3] ; clk        ; 3.948 ; 3.948 ; Rise       ; clk             ;
;  result_confidence[4] ; clk        ; 3.804 ; 3.804 ; Rise       ; clk             ;
;  result_confidence[5] ; clk        ; 3.893 ; 3.893 ; Rise       ; clk             ;
;  result_confidence[6] ; clk        ; 3.659 ; 3.659 ; Rise       ; clk             ;
;  result_confidence[7] ; clk        ; 3.893 ; 3.893 ; Rise       ; clk             ;
; result_cycles[*]      ; clk        ; 4.181 ; 4.181 ; Rise       ; clk             ;
;  result_cycles[0]     ; clk        ; 3.827 ; 3.827 ; Rise       ; clk             ;
;  result_cycles[1]     ; clk        ; 3.875 ; 3.875 ; Rise       ; clk             ;
;  result_cycles[2]     ; clk        ; 3.346 ; 3.346 ; Rise       ; clk             ;
;  result_cycles[3]     ; clk        ; 4.181 ; 4.181 ; Rise       ; clk             ;
;  result_cycles[4]     ; clk        ; 3.459 ; 3.459 ; Rise       ; clk             ;
;  result_cycles[5]     ; clk        ; 4.080 ; 4.080 ; Rise       ; clk             ;
;  result_cycles[6]     ; clk        ; 4.033 ; 4.033 ; Rise       ; clk             ;
;  result_cycles[7]     ; clk        ; 3.532 ; 3.532 ; Rise       ; clk             ;
;  result_cycles[8]     ; clk        ; 3.819 ; 3.819 ; Rise       ; clk             ;
;  result_cycles[9]     ; clk        ; 3.439 ; 3.439 ; Rise       ; clk             ;
;  result_cycles[10]    ; clk        ; 4.001 ; 4.001 ; Rise       ; clk             ;
;  result_cycles[11]    ; clk        ; 3.796 ; 3.796 ; Rise       ; clk             ;
;  result_cycles[12]    ; clk        ; 4.146 ; 4.146 ; Rise       ; clk             ;
;  result_cycles[13]    ; clk        ; 3.731 ; 3.731 ; Rise       ; clk             ;
;  result_cycles[14]    ; clk        ; 3.828 ; 3.828 ; Rise       ; clk             ;
;  result_cycles[15]    ; clk        ; 3.467 ; 3.467 ; Rise       ; clk             ;
;  result_cycles[16]    ; clk        ; 3.408 ; 3.408 ; Rise       ; clk             ;
;  result_cycles[17]    ; clk        ; 3.413 ; 3.413 ; Rise       ; clk             ;
;  result_cycles[18]    ; clk        ; 3.727 ; 3.727 ; Rise       ; clk             ;
;  result_cycles[19]    ; clk        ; 3.426 ; 3.426 ; Rise       ; clk             ;
;  result_cycles[20]    ; clk        ; 3.401 ; 3.401 ; Rise       ; clk             ;
;  result_cycles[21]    ; clk        ; 3.406 ; 3.406 ; Rise       ; clk             ;
;  result_cycles[22]    ; clk        ; 3.821 ; 3.821 ; Rise       ; clk             ;
;  result_cycles[23]    ; clk        ; 3.425 ; 3.425 ; Rise       ; clk             ;
;  result_cycles[24]    ; clk        ; 3.412 ; 3.412 ; Rise       ; clk             ;
;  result_cycles[25]    ; clk        ; 3.710 ; 3.710 ; Rise       ; clk             ;
;  result_cycles[26]    ; clk        ; 3.672 ; 3.672 ; Rise       ; clk             ;
;  result_cycles[27]    ; clk        ; 3.991 ; 3.991 ; Rise       ; clk             ;
;  result_cycles[28]    ; clk        ; 3.836 ; 3.836 ; Rise       ; clk             ;
;  result_cycles[29]    ; clk        ; 3.702 ; 3.702 ; Rise       ; clk             ;
;  result_cycles[30]    ; clk        ; 3.416 ; 3.416 ; Rise       ; clk             ;
;  result_cycles[31]    ; clk        ; 3.855 ; 3.855 ; Rise       ; clk             ;
; result_digit[*]       ; clk        ; 3.916 ; 3.916 ; Rise       ; clk             ;
;  result_digit[0]      ; clk        ; 3.659 ; 3.659 ; Rise       ; clk             ;
;  result_digit[1]      ; clk        ; 3.639 ; 3.639 ; Rise       ; clk             ;
;  result_digit[2]      ; clk        ; 3.916 ; 3.916 ; Rise       ; clk             ;
;  result_digit[3]      ; clk        ; 3.642 ; 3.642 ; Rise       ; clk             ;
; result_margin[*]      ; clk        ; 4.008 ; 4.008 ; Rise       ; clk             ;
;  result_margin[0]     ; clk        ; 3.732 ; 3.732 ; Rise       ; clk             ;
;  result_margin[1]     ; clk        ; 3.629 ; 3.629 ; Rise       ; clk             ;
;  result_margin[2]     ; clk        ; 3.518 ; 3.518 ; Rise       ; clk             ;
;  result_margin[3]     ; clk        ; 3.675 ; 3.675 ; Rise       ; clk             ;
;  result_margin[4]     ; clk        ; 3.797 ; 3.797 ; Rise       ; clk             ;
;  result_margin[5]     ; clk        ; 3.439 ; 3.439 ; Rise       ; clk             ;
;  result_margin[6]     ; clk        ; 3.431 ; 3.431 ; Rise       ; clk             ;
;  result_margin[7]     ; clk        ; 3.661 ; 3.661 ; Rise       ; clk             ;
;  result_margin[8]     ; clk        ; 3.616 ; 3.616 ; Rise       ; clk             ;
;  result_margin[9]     ; clk        ; 3.837 ; 3.837 ; Rise       ; clk             ;
;  result_margin[10]    ; clk        ; 3.741 ; 3.741 ; Rise       ; clk             ;
;  result_margin[11]    ; clk        ; 3.755 ; 3.755 ; Rise       ; clk             ;
;  result_margin[12]    ; clk        ; 3.742 ; 3.742 ; Rise       ; clk             ;
;  result_margin[13]    ; clk        ; 4.008 ; 4.008 ; Rise       ; clk             ;
;  result_margin[14]    ; clk        ; 3.792 ; 3.792 ; Rise       ; clk             ;
;  result_margin[15]    ; clk        ; 3.825 ; 3.825 ; Rise       ; clk             ;
; result_valid          ; clk        ; 3.750 ; 3.750 ; Rise       ; clk             ;
+-----------------------+------------+-------+-------+------------+-----------------+


+-----------------------------------------------------------------------------------+
; Minimum Clock to Output Times                                                     ;
+-----------------------+------------+-------+-------+------------+-----------------+
; Data Port             ; Clock Port ; Rise  ; Fall  ; Clock Edge ; Clock Reference ;
+-----------------------+------------+-------+-------+------------+-----------------+
; busy                  ; clk        ; 3.741 ; 3.741 ; Rise       ; clk             ;
; result_accepted       ; clk        ; 3.507 ; 3.507 ; Rise       ; clk             ;
; result_confidence[*]  ; clk        ; 3.429 ; 3.429 ; Rise       ; clk             ;
;  result_confidence[0] ; clk        ; 3.429 ; 3.429 ; Rise       ; clk             ;
;  result_confidence[1] ; clk        ; 3.623 ; 3.623 ; Rise       ; clk             ;
;  result_confidence[2] ; clk        ; 3.682 ; 3.682 ; Rise       ; clk             ;
;  result_confidence[3] ; clk        ; 3.948 ; 3.948 ; Rise       ; clk             ;
;  result_confidence[4] ; clk        ; 3.804 ; 3.804 ; Rise       ; clk             ;
;  result_confidence[5] ; clk        ; 3.893 ; 3.893 ; Rise       ; clk             ;
;  result_confidence[6] ; clk        ; 3.659 ; 3.659 ; Rise       ; clk             ;
;  result_confidence[7] ; clk        ; 3.893 ; 3.893 ; Rise       ; clk             ;
; result_cycles[*]      ; clk        ; 3.346 ; 3.346 ; Rise       ; clk             ;
;  result_cycles[0]     ; clk        ; 3.827 ; 3.827 ; Rise       ; clk             ;
;  result_cycles[1]     ; clk        ; 3.875 ; 3.875 ; Rise       ; clk             ;
;  result_cycles[2]     ; clk        ; 3.346 ; 3.346 ; Rise       ; clk             ;
;  result_cycles[3]     ; clk        ; 4.181 ; 4.181 ; Rise       ; clk             ;
;  result_cycles[4]     ; clk        ; 3.459 ; 3.459 ; Rise       ; clk             ;
;  result_cycles[5]     ; clk        ; 4.080 ; 4.080 ; Rise       ; clk             ;
;  result_cycles[6]     ; clk        ; 4.033 ; 4.033 ; Rise       ; clk             ;
;  result_cycles[7]     ; clk        ; 3.532 ; 3.532 ; Rise       ; clk             ;
;  result_cycles[8]     ; clk        ; 3.819 ; 3.819 ; Rise       ; clk             ;
;  result_cycles[9]     ; clk        ; 3.439 ; 3.439 ; Rise       ; clk             ;
;  result_cycles[10]    ; clk        ; 4.001 ; 4.001 ; Rise       ; clk             ;
;  result_cycles[11]    ; clk        ; 3.796 ; 3.796 ; Rise       ; clk             ;
;  result_cycles[12]    ; clk        ; 4.146 ; 4.146 ; Rise       ; clk             ;
;  result_cycles[13]    ; clk        ; 3.731 ; 3.731 ; Rise       ; clk             ;
;  result_cycles[14]    ; clk        ; 3.828 ; 3.828 ; Rise       ; clk             ;
;  result_cycles[15]    ; clk        ; 3.467 ; 3.467 ; Rise       ; clk             ;
;  result_cycles[16]    ; clk        ; 3.408 ; 3.408 ; Rise       ; clk             ;
;  result_cycles[17]    ; clk        ; 3.413 ; 3.413 ; Rise       ; clk             ;
;  result_cycles[18]    ; clk        ; 3.727 ; 3.727 ; Rise       ; clk             ;
;  result_cycles[19]    ; clk        ; 3.426 ; 3.426 ; Rise       ; clk             ;
;  result_cycles[20]    ; clk        ; 3.401 ; 3.401 ; Rise       ; clk             ;
;  result_cycles[21]    ; clk        ; 3.406 ; 3.406 ; Rise       ; clk             ;
;  result_cycles[22]    ; clk        ; 3.821 ; 3.821 ; Rise       ; clk             ;
;  result_cycles[23]    ; clk        ; 3.425 ; 3.425 ; Rise       ; clk             ;
;  result_cycles[24]    ; clk        ; 3.412 ; 3.412 ; Rise       ; clk             ;
;  result_cycles[25]    ; clk        ; 3.710 ; 3.710 ; Rise       ; clk             ;
;  result_cycles[26]    ; clk        ; 3.672 ; 3.672 ; Rise       ; clk             ;
;  result_cycles[27]    ; clk        ; 3.991 ; 3.991 ; Rise       ; clk             ;
;  result_cycles[28]    ; clk        ; 3.836 ; 3.836 ; Rise       ; clk             ;
;  result_cycles[29]    ; clk        ; 3.702 ; 3.702 ; Rise       ; clk             ;
;  result_cycles[30]    ; clk        ; 3.416 ; 3.416 ; Rise       ; clk             ;
;  result_cycles[31]    ; clk        ; 3.855 ; 3.855 ; Rise       ; clk             ;
; result_digit[*]       ; clk        ; 3.639 ; 3.639 ; Rise       ; clk             ;
;  result_digit[0]      ; clk        ; 3.659 ; 3.659 ; Rise       ; clk             ;
;  result_digit[1]      ; clk        ; 3.639 ; 3.639 ; Rise       ; clk             ;
;  result_digit[2]      ; clk        ; 3.916 ; 3.916 ; Rise       ; clk             ;
;  result_digit[3]      ; clk        ; 3.642 ; 3.642 ; Rise       ; clk             ;
; result_margin[*]      ; clk        ; 3.431 ; 3.431 ; Rise       ; clk             ;
;  result_margin[0]     ; clk        ; 3.732 ; 3.732 ; Rise       ; clk             ;
;  result_margin[1]     ; clk        ; 3.629 ; 3.629 ; Rise       ; clk             ;
;  result_margin[2]     ; clk        ; 3.518 ; 3.518 ; Rise       ; clk             ;
;  result_margin[3]     ; clk        ; 3.675 ; 3.675 ; Rise       ; clk             ;
;  result_margin[4]     ; clk        ; 3.797 ; 3.797 ; Rise       ; clk             ;
;  result_margin[5]     ; clk        ; 3.439 ; 3.439 ; Rise       ; clk             ;
;  result_margin[6]     ; clk        ; 3.431 ; 3.431 ; Rise       ; clk             ;
;  result_margin[7]     ; clk        ; 3.661 ; 3.661 ; Rise       ; clk             ;
;  result_margin[8]     ; clk        ; 3.616 ; 3.616 ; Rise       ; clk             ;
;  result_margin[9]     ; clk        ; 3.837 ; 3.837 ; Rise       ; clk             ;
;  result_margin[10]    ; clk        ; 3.741 ; 3.741 ; Rise       ; clk             ;
;  result_margin[11]    ; clk        ; 3.755 ; 3.755 ; Rise       ; clk             ;
;  result_margin[12]    ; clk        ; 3.742 ; 3.742 ; Rise       ; clk             ;
;  result_margin[13]    ; clk        ; 4.008 ; 4.008 ; Rise       ; clk             ;
;  result_margin[14]    ; clk        ; 3.792 ; 3.792 ; Rise       ; clk             ;
;  result_margin[15]    ; clk        ; 3.825 ; 3.825 ; Rise       ; clk             ;
; result_valid          ; clk        ; 3.750 ; 3.750 ; Rise       ; clk             ;
+-----------------------+------------+-------+-------+------------+-----------------+


+--------------------------------------------------------------------------------+
; Multicorner Timing Analysis Summary                                            ;
+------------------+----------+-------+----------+---------+---------------------+
; Clock            ; Setup    ; Hold  ; Recovery ; Removal ; Minimum Pulse Width ;
+------------------+----------+-------+----------+---------+---------------------+
; Worst-case Slack ; -17.798  ; 0.215 ; N/A      ; N/A     ; 46.933              ;
;  clk             ; -17.798  ; 0.215 ; N/A      ; N/A     ; 46.933              ;
; Design-wide TNS  ; -405.617 ; 0.0   ; 0.0      ; 0.0     ; 0.0                 ;
;  clk             ; -405.617 ; 0.000 ; N/A      ; N/A     ; 0.000               ;
+------------------+----------+-------+----------+---------+---------------------+


+-------------------------------------------------------------------------------------+
; Setup Times                                                                         ;
+-----------------------+------------+--------+--------+------------+-----------------+
; Data Port             ; Clock Port ; Rise   ; Fall   ; Clock Edge ; Clock Reference ;
+-----------------------+------------+--------+--------+------------+-----------------+
; input_frame_error     ; clk        ; 12.922 ; 12.922 ; Rise       ; clk             ;
; input_frame_last      ; clk        ; 11.937 ; 11.937 ; Rise       ; clk             ;
; input_frame_valid     ; clk        ; 12.595 ; 12.595 ; Rise       ; clk             ;
; input_pixel[*]        ; clk        ; 5.755  ; 5.755  ; Rise       ; clk             ;
;  input_pixel[0]       ; clk        ; 1.330  ; 1.330  ; Rise       ; clk             ;
;  input_pixel[1]       ; clk        ; 4.934  ; 4.934  ; Rise       ; clk             ;
;  input_pixel[2]       ; clk        ; 5.406  ; 5.406  ; Rise       ; clk             ;
;  input_pixel[3]       ; clk        ; 5.755  ; 5.755  ; Rise       ; clk             ;
; input_pixel_index[*]  ; clk        ; 19.017 ; 19.017 ; Rise       ; clk             ;
;  input_pixel_index[0] ; clk        ; 19.017 ; 19.017 ; Rise       ; clk             ;
;  input_pixel_index[1] ; clk        ; 18.269 ; 18.269 ; Rise       ; clk             ;
;  input_pixel_index[2] ; clk        ; 18.931 ; 18.931 ; Rise       ; clk             ;
;  input_pixel_index[3] ; clk        ; 18.728 ; 18.728 ; Rise       ; clk             ;
;  input_pixel_index[4] ; clk        ; 12.882 ; 12.882 ; Rise       ; clk             ;
;  input_pixel_index[5] ; clk        ; 12.881 ; 12.881 ; Rise       ; clk             ;
;  input_pixel_index[6] ; clk        ; 16.893 ; 16.893 ; Rise       ; clk             ;
;  input_pixel_index[7] ; clk        ; 17.299 ; 17.299 ; Rise       ; clk             ;
; reset_n               ; clk        ; 14.195 ; 14.195 ; Rise       ; clk             ;
+-----------------------+------------+--------+--------+------------+-----------------+


+-------------------------------------------------------------------------------------+
; Hold Times                                                                          ;
+-----------------------+------------+--------+--------+------------+-----------------+
; Data Port             ; Clock Port ; Rise   ; Fall   ; Clock Edge ; Clock Reference ;
+-----------------------+------------+--------+--------+------------+-----------------+
; input_frame_error     ; clk        ; 0.196  ; 0.196  ; Rise       ; clk             ;
; input_frame_last      ; clk        ; -0.336 ; -0.336 ; Rise       ; clk             ;
; input_frame_valid     ; clk        ; 0.058  ; 0.058  ; Rise       ; clk             ;
; input_pixel[*]        ; clk        ; 0.332  ; 0.332  ; Rise       ; clk             ;
;  input_pixel[0]       ; clk        ; 0.332  ; 0.332  ; Rise       ; clk             ;
;  input_pixel[1]       ; clk        ; -2.010 ; -2.010 ; Rise       ; clk             ;
;  input_pixel[2]       ; clk        ; -2.164 ; -2.164 ; Rise       ; clk             ;
;  input_pixel[3]       ; clk        ; -2.256 ; -2.256 ; Rise       ; clk             ;
; input_pixel_index[*]  ; clk        ; 0.154  ; 0.154  ; Rise       ; clk             ;
;  input_pixel_index[0] ; clk        ; -2.155 ; -2.155 ; Rise       ; clk             ;
;  input_pixel_index[1] ; clk        ; -1.902 ; -1.902 ; Rise       ; clk             ;
;  input_pixel_index[2] ; clk        ; -2.142 ; -2.142 ; Rise       ; clk             ;
;  input_pixel_index[3] ; clk        ; -2.149 ; -2.149 ; Rise       ; clk             ;
;  input_pixel_index[4] ; clk        ; 0.069  ; 0.069  ; Rise       ; clk             ;
;  input_pixel_index[5] ; clk        ; 0.154  ; 0.154  ; Rise       ; clk             ;
;  input_pixel_index[6] ; clk        ; -1.884 ; -1.884 ; Rise       ; clk             ;
;  input_pixel_index[7] ; clk        ; -1.933 ; -1.933 ; Rise       ; clk             ;
; reset_n               ; clk        ; 0.407  ; 0.407  ; Rise       ; clk             ;
+-----------------------+------------+--------+--------+------------+-----------------+


+-----------------------------------------------------------------------------------+
; Clock to Output Times                                                             ;
+-----------------------+------------+-------+-------+------------+-----------------+
; Data Port             ; Clock Port ; Rise  ; Fall  ; Clock Edge ; Clock Reference ;
+-----------------------+------------+-------+-------+------------+-----------------+
; busy                  ; clk        ; 8.931 ; 8.931 ; Rise       ; clk             ;
; result_accepted       ; clk        ; 7.551 ; 7.551 ; Rise       ; clk             ;
; result_confidence[*]  ; clk        ; 8.849 ; 8.849 ; Rise       ; clk             ;
;  result_confidence[0] ; clk        ; 7.212 ; 7.212 ; Rise       ; clk             ;
;  result_confidence[1] ; clk        ; 7.908 ; 7.908 ; Rise       ; clk             ;
;  result_confidence[2] ; clk        ; 8.020 ; 8.020 ; Rise       ; clk             ;
;  result_confidence[3] ; clk        ; 8.689 ; 8.689 ; Rise       ; clk             ;
;  result_confidence[4] ; clk        ; 8.409 ; 8.409 ; Rise       ; clk             ;
;  result_confidence[5] ; clk        ; 8.722 ; 8.722 ; Rise       ; clk             ;
;  result_confidence[6] ; clk        ; 7.965 ; 7.965 ; Rise       ; clk             ;
;  result_confidence[7] ; clk        ; 8.849 ; 8.849 ; Rise       ; clk             ;
; result_cycles[*]      ; clk        ; 9.607 ; 9.607 ; Rise       ; clk             ;
;  result_cycles[0]     ; clk        ; 8.271 ; 8.271 ; Rise       ; clk             ;
;  result_cycles[1]     ; clk        ; 8.171 ; 8.171 ; Rise       ; clk             ;
;  result_cycles[2]     ; clk        ; 7.139 ; 7.139 ; Rise       ; clk             ;
;  result_cycles[3]     ; clk        ; 9.536 ; 9.536 ; Rise       ; clk             ;
;  result_cycles[4]     ; clk        ; 7.313 ; 7.313 ; Rise       ; clk             ;
;  result_cycles[5]     ; clk        ; 9.207 ; 9.207 ; Rise       ; clk             ;
;  result_cycles[6]     ; clk        ; 9.243 ; 9.243 ; Rise       ; clk             ;
;  result_cycles[7]     ; clk        ; 7.577 ; 7.577 ; Rise       ; clk             ;
;  result_cycles[8]     ; clk        ; 8.275 ; 8.275 ; Rise       ; clk             ;
;  result_cycles[9]     ; clk        ; 7.233 ; 7.233 ; Rise       ; clk             ;
;  result_cycles[10]    ; clk        ; 9.014 ; 9.014 ; Rise       ; clk             ;
;  result_cycles[11]    ; clk        ; 8.041 ; 8.041 ; Rise       ; clk             ;
;  result_cycles[12]    ; clk        ; 9.607 ; 9.607 ; Rise       ; clk             ;
;  result_cycles[13]    ; clk        ; 8.173 ; 8.173 ; Rise       ; clk             ;
;  result_cycles[14]    ; clk        ; 8.283 ; 8.283 ; Rise       ; clk             ;
;  result_cycles[15]    ; clk        ; 7.329 ; 7.329 ; Rise       ; clk             ;
;  result_cycles[16]    ; clk        ; 7.253 ; 7.253 ; Rise       ; clk             ;
;  result_cycles[17]    ; clk        ; 7.190 ; 7.190 ; Rise       ; clk             ;
;  result_cycles[18]    ; clk        ; 7.925 ; 7.925 ; Rise       ; clk             ;
;  result_cycles[19]    ; clk        ; 7.207 ; 7.207 ; Rise       ; clk             ;
;  result_cycles[20]    ; clk        ; 7.245 ; 7.245 ; Rise       ; clk             ;
;  result_cycles[21]    ; clk        ; 7.254 ; 7.254 ; Rise       ; clk             ;
;  result_cycles[22]    ; clk        ; 8.264 ; 8.264 ; Rise       ; clk             ;
;  result_cycles[23]    ; clk        ; 7.207 ; 7.207 ; Rise       ; clk             ;
;  result_cycles[24]    ; clk        ; 7.256 ; 7.256 ; Rise       ; clk             ;
;  result_cycles[25]    ; clk        ; 8.155 ; 8.155 ; Rise       ; clk             ;
;  result_cycles[26]    ; clk        ; 7.913 ; 7.913 ; Rise       ; clk             ;
;  result_cycles[27]    ; clk        ; 8.939 ; 8.939 ; Rise       ; clk             ;
;  result_cycles[28]    ; clk        ; 8.548 ; 8.548 ; Rise       ; clk             ;
;  result_cycles[29]    ; clk        ; 7.944 ; 7.944 ; Rise       ; clk             ;
;  result_cycles[30]    ; clk        ; 7.266 ; 7.266 ; Rise       ; clk             ;
;  result_cycles[31]    ; clk        ; 8.339 ; 8.339 ; Rise       ; clk             ;
; result_digit[*]       ; clk        ; 8.638 ; 8.638 ; Rise       ; clk             ;
;  result_digit[0]      ; clk        ; 7.966 ; 7.966 ; Rise       ; clk             ;
;  result_digit[1]      ; clk        ; 7.941 ; 7.941 ; Rise       ; clk             ;
;  result_digit[2]      ; clk        ; 8.638 ; 8.638 ; Rise       ; clk             ;
;  result_digit[3]      ; clk        ; 7.948 ; 7.948 ; Rise       ; clk             ;
; result_margin[*]      ; clk        ; 8.954 ; 8.954 ; Rise       ; clk             ;
;  result_margin[0]     ; clk        ; 7.948 ; 7.948 ; Rise       ; clk             ;
;  result_margin[1]     ; clk        ; 7.841 ; 7.841 ; Rise       ; clk             ;
;  result_margin[2]     ; clk        ; 7.549 ; 7.549 ; Rise       ; clk             ;
;  result_margin[3]     ; clk        ; 7.922 ; 7.922 ; Rise       ; clk             ;
;  result_margin[4]     ; clk        ; 8.242 ; 8.242 ; Rise       ; clk             ;
;  result_margin[5]     ; clk        ; 7.234 ; 7.234 ; Rise       ; clk             ;
;  result_margin[6]     ; clk        ; 7.214 ; 7.214 ; Rise       ; clk             ;
;  result_margin[7]     ; clk        ; 7.835 ; 7.835 ; Rise       ; clk             ;
;  result_margin[8]     ; clk        ; 7.813 ; 7.813 ; Rise       ; clk             ;
;  result_margin[9]     ; clk        ; 8.300 ; 8.300 ; Rise       ; clk             ;
;  result_margin[10]    ; clk        ; 7.951 ; 7.951 ; Rise       ; clk             ;
;  result_margin[11]    ; clk        ; 8.237 ; 8.237 ; Rise       ; clk             ;
;  result_margin[12]    ; clk        ; 8.295 ; 8.295 ; Rise       ; clk             ;
;  result_margin[13]    ; clk        ; 8.954 ; 8.954 ; Rise       ; clk             ;
;  result_margin[14]    ; clk        ; 8.306 ; 8.306 ; Rise       ; clk             ;
;  result_margin[15]    ; clk        ; 8.290 ; 8.290 ; Rise       ; clk             ;
; result_valid          ; clk        ; 8.234 ; 8.234 ; Rise       ; clk             ;
+-----------------------+------------+-------+-------+------------+-----------------+


+-----------------------------------------------------------------------------------+
; Minimum Clock to Output Times                                                     ;
+-----------------------+------------+-------+-------+------------+-----------------+
; Data Port             ; Clock Port ; Rise  ; Fall  ; Clock Edge ; Clock Reference ;
+-----------------------+------------+-------+-------+------------+-----------------+
; busy                  ; clk        ; 3.741 ; 3.741 ; Rise       ; clk             ;
; result_accepted       ; clk        ; 3.507 ; 3.507 ; Rise       ; clk             ;
; result_confidence[*]  ; clk        ; 3.429 ; 3.429 ; Rise       ; clk             ;
;  result_confidence[0] ; clk        ; 3.429 ; 3.429 ; Rise       ; clk             ;
;  result_confidence[1] ; clk        ; 3.623 ; 3.623 ; Rise       ; clk             ;
;  result_confidence[2] ; clk        ; 3.682 ; 3.682 ; Rise       ; clk             ;
;  result_confidence[3] ; clk        ; 3.948 ; 3.948 ; Rise       ; clk             ;
;  result_confidence[4] ; clk        ; 3.804 ; 3.804 ; Rise       ; clk             ;
;  result_confidence[5] ; clk        ; 3.893 ; 3.893 ; Rise       ; clk             ;
;  result_confidence[6] ; clk        ; 3.659 ; 3.659 ; Rise       ; clk             ;
;  result_confidence[7] ; clk        ; 3.893 ; 3.893 ; Rise       ; clk             ;
; result_cycles[*]      ; clk        ; 3.346 ; 3.346 ; Rise       ; clk             ;
;  result_cycles[0]     ; clk        ; 3.827 ; 3.827 ; Rise       ; clk             ;
;  result_cycles[1]     ; clk        ; 3.875 ; 3.875 ; Rise       ; clk             ;
;  result_cycles[2]     ; clk        ; 3.346 ; 3.346 ; Rise       ; clk             ;
;  result_cycles[3]     ; clk        ; 4.181 ; 4.181 ; Rise       ; clk             ;
;  result_cycles[4]     ; clk        ; 3.459 ; 3.459 ; Rise       ; clk             ;
;  result_cycles[5]     ; clk        ; 4.080 ; 4.080 ; Rise       ; clk             ;
;  result_cycles[6]     ; clk        ; 4.033 ; 4.033 ; Rise       ; clk             ;
;  result_cycles[7]     ; clk        ; 3.532 ; 3.532 ; Rise       ; clk             ;
;  result_cycles[8]     ; clk        ; 3.819 ; 3.819 ; Rise       ; clk             ;
;  result_cycles[9]     ; clk        ; 3.439 ; 3.439 ; Rise       ; clk             ;
;  result_cycles[10]    ; clk        ; 4.001 ; 4.001 ; Rise       ; clk             ;
;  result_cycles[11]    ; clk        ; 3.796 ; 3.796 ; Rise       ; clk             ;
;  result_cycles[12]    ; clk        ; 4.146 ; 4.146 ; Rise       ; clk             ;
;  result_cycles[13]    ; clk        ; 3.731 ; 3.731 ; Rise       ; clk             ;
;  result_cycles[14]    ; clk        ; 3.828 ; 3.828 ; Rise       ; clk             ;
;  result_cycles[15]    ; clk        ; 3.467 ; 3.467 ; Rise       ; clk             ;
;  result_cycles[16]    ; clk        ; 3.408 ; 3.408 ; Rise       ; clk             ;
;  result_cycles[17]    ; clk        ; 3.413 ; 3.413 ; Rise       ; clk             ;
;  result_cycles[18]    ; clk        ; 3.727 ; 3.727 ; Rise       ; clk             ;
;  result_cycles[19]    ; clk        ; 3.426 ; 3.426 ; Rise       ; clk             ;
;  result_cycles[20]    ; clk        ; 3.401 ; 3.401 ; Rise       ; clk             ;
;  result_cycles[21]    ; clk        ; 3.406 ; 3.406 ; Rise       ; clk             ;
;  result_cycles[22]    ; clk        ; 3.821 ; 3.821 ; Rise       ; clk             ;
;  result_cycles[23]    ; clk        ; 3.425 ; 3.425 ; Rise       ; clk             ;
;  result_cycles[24]    ; clk        ; 3.412 ; 3.412 ; Rise       ; clk             ;
;  result_cycles[25]    ; clk        ; 3.710 ; 3.710 ; Rise       ; clk             ;
;  result_cycles[26]    ; clk        ; 3.672 ; 3.672 ; Rise       ; clk             ;
;  result_cycles[27]    ; clk        ; 3.991 ; 3.991 ; Rise       ; clk             ;
;  result_cycles[28]    ; clk        ; 3.836 ; 3.836 ; Rise       ; clk             ;
;  result_cycles[29]    ; clk        ; 3.702 ; 3.702 ; Rise       ; clk             ;
;  result_cycles[30]    ; clk        ; 3.416 ; 3.416 ; Rise       ; clk             ;
;  result_cycles[31]    ; clk        ; 3.855 ; 3.855 ; Rise       ; clk             ;
; result_digit[*]       ; clk        ; 3.639 ; 3.639 ; Rise       ; clk             ;
;  result_digit[0]      ; clk        ; 3.659 ; 3.659 ; Rise       ; clk             ;
;  result_digit[1]      ; clk        ; 3.639 ; 3.639 ; Rise       ; clk             ;
;  result_digit[2]      ; clk        ; 3.916 ; 3.916 ; Rise       ; clk             ;
;  result_digit[3]      ; clk        ; 3.642 ; 3.642 ; Rise       ; clk             ;
; result_margin[*]      ; clk        ; 3.431 ; 3.431 ; Rise       ; clk             ;
;  result_margin[0]     ; clk        ; 3.732 ; 3.732 ; Rise       ; clk             ;
;  result_margin[1]     ; clk        ; 3.629 ; 3.629 ; Rise       ; clk             ;
;  result_margin[2]     ; clk        ; 3.518 ; 3.518 ; Rise       ; clk             ;
;  result_margin[3]     ; clk        ; 3.675 ; 3.675 ; Rise       ; clk             ;
;  result_margin[4]     ; clk        ; 3.797 ; 3.797 ; Rise       ; clk             ;
;  result_margin[5]     ; clk        ; 3.439 ; 3.439 ; Rise       ; clk             ;
;  result_margin[6]     ; clk        ; 3.431 ; 3.431 ; Rise       ; clk             ;
;  result_margin[7]     ; clk        ; 3.661 ; 3.661 ; Rise       ; clk             ;
;  result_margin[8]     ; clk        ; 3.616 ; 3.616 ; Rise       ; clk             ;
;  result_margin[9]     ; clk        ; 3.837 ; 3.837 ; Rise       ; clk             ;
;  result_margin[10]    ; clk        ; 3.741 ; 3.741 ; Rise       ; clk             ;
;  result_margin[11]    ; clk        ; 3.755 ; 3.755 ; Rise       ; clk             ;
;  result_margin[12]    ; clk        ; 3.742 ; 3.742 ; Rise       ; clk             ;
;  result_margin[13]    ; clk        ; 4.008 ; 4.008 ; Rise       ; clk             ;
;  result_margin[14]    ; clk        ; 3.792 ; 3.792 ; Rise       ; clk             ;
;  result_margin[15]    ; clk        ; 3.825 ; 3.825 ; Rise       ; clk             ;
; result_valid          ; clk        ; 3.750 ; 3.750 ; Rise       ; clk             ;
+-----------------------+------------+-------+-------+------------+-----------------+


+-----------------------------------------------------------------------+
; Setup Transfers                                                       ;
+------------+----------+--------------+----------+----------+----------+
; From Clock ; To Clock ; RR Paths     ; FR Paths ; RF Paths ; FF Paths ;
+------------+----------+--------------+----------+----------+----------+
; clk        ; clk      ; > 2147483647 ; 0        ; 0        ; 0        ;
+------------+----------+--------------+----------+----------+----------+
Entries labeled "false path" only account for clock-to-clock false paths and not path-based false paths. As a result, actual path counts may be lower than reported.


+-----------------------------------------------------------------------+
; Hold Transfers                                                        ;
+------------+----------+--------------+----------+----------+----------+
; From Clock ; To Clock ; RR Paths     ; FR Paths ; RF Paths ; FF Paths ;
+------------+----------+--------------+----------+----------+----------+
; clk        ; clk      ; > 2147483647 ; 0        ; 0        ; 0        ;
+------------+----------+--------------+----------+----------+----------+
Entries labeled "false path" only account for clock-to-clock false paths and not path-based false paths. As a result, actual path counts may be lower than reported.


---------------
; Report TCCS ;
---------------
No dedicated SERDES Transmitter circuitry present in device or used in design


---------------
; Report RSKM ;
---------------
No dedicated SERDES Receiver circuitry present in device or used in design


+------------------------------------------------+
; Unconstrained Paths                            ;
+---------------------------------+-------+------+
; Property                        ; Setup ; Hold ;
+---------------------------------+-------+------+
; Illegal Clocks                  ; 0     ; 0    ;
; Unconstrained Clocks            ; 0     ; 0    ;
; Unconstrained Input Ports       ; 16    ; 16   ;
; Unconstrained Input Port Paths  ; 2023  ; 2023 ;
; Unconstrained Output Ports      ; 63    ; 63   ;
; Unconstrained Output Port Paths ; 65    ; 65   ;
+---------------------------------+-------+------+


+------------------------------------+
; TimeQuest Timing Analyzer Messages ;
+------------------------------------+
Info: *******************************************************************
Info: Running Quartus II 64-Bit TimeQuest Timing Analyzer
    Info: Version 13.0.1 Build 232 06/12/2013 Service Pack 1 SJ Web Edition
    Info: Processing started: Wed Sep 30 18:06:52 2026
Info: Command: quartus_sta pipe3_10mhz -c pipe3_10mhz
Info: qsta_default_script.tcl version: #1
Info (20030): Parallel compilation is enabled and will use 6 of the 6 processors detected
Info (332104): Reading SDC File: 'pipe3_10mhz.sdc'
Info: Found TIMEQUEST_REPORT_SCRIPT_INCLUDE_DEFAULT_ANALYSIS = ON
Info: Analyzing Slow Model
Critical Warning (332148): Timing requirements not met
Info (332146): Worst-case setup slack is -17.798
    Info (332119):     Slack End Point TNS Clock 
    Info (332119): ========= ============= =====================
    Info (332119):   -17.798      -405.617 clk 
Info (332146): Worst-case hold slack is 0.499
    Info (332119):     Slack End Point TNS Clock 
    Info (332119): ========= ============= =====================
    Info (332119):     0.499         0.000 clk 
Info (332140): No Recovery paths to report
Info (332140): No Removal paths to report
Info (332146): Worst-case minimum pulse width slack is 46.933
    Info (332119):     Slack End Point TNS Clock 
    Info (332119): ========= ============= =====================
    Info (332119):    46.933         0.000 clk 
Info (332001): The selected device family is not supported by the report_metastability command.
Info: Analyzing Fast Model
Info (332146): Worst-case setup slack is 56.425
    Info (332119):     Slack End Point TNS Clock 
    Info (332119): ========= ============= =====================
    Info (332119):    56.425         0.000 clk 
Info (332146): Worst-case hold slack is 0.215
    Info (332119):     Slack End Point TNS Clock 
    Info (332119): ========= ============= =====================
    Info (332119):     0.215         0.000 clk 
Info (332140): No Recovery paths to report
Info (332140): No Removal paths to report
Info (332146): Worst-case minimum pulse width slack is 47.873
    Info (332119):     Slack End Point TNS Clock 
    Info (332119): ========= ============= =====================
    Info (332119):    47.873         0.000 clk 
Info (332001): The selected device family is not supported by the report_metastability command.
Info (332102): Design is not fully constrained for setup requirements
Info (332102): Design is not fully constrained for hold requirements
Info: Quartus II 64-Bit TimeQuest Timing Analyzer was successful. 0 errors, 1 warning
    Info: Peak virtual memory: 4644 megabytes
    Info: Processing ended: Wed Sep 30 18:06:55 2026
    Info: Elapsed time: 00:00:03
    Info: Total CPU time (on all processors): 00:00:02


