TimeQuest Timing Analyzer report for pipe3_5mhz
Wed Sep 30 19:51:40 2026
Quartus II 64-Bit Version 13.0.1 Build 232 06/12/2013 Service Pack 1 SJ Web Edition


---------------------
; Table of Contents ;
---------------------
  1. Legal Notice
  2. TimeQuest Timing Analyzer Summary
  3. Parallel Compilation
  4. SDC File List
  5. Clocks
  6. Slow Model Fmax Summary
  7. Slow Model Setup Summary
  8. Slow Model Hold Summary
  9. Slow Model Recovery Summary
 10. Slow Model Removal Summary
 11. Slow Model Minimum Pulse Width Summary
 12. Slow Model Setup: 'clk'
 13. Slow Model Hold: 'clk'
 14. Slow Model Minimum Pulse Width: 'clk'
 15. Setup Times
 16. Hold Times
 17. Clock to Output Times
 18. Minimum Clock to Output Times
 19. Fast Model Setup Summary
 20. Fast Model Hold Summary
 21. Fast Model Recovery Summary
 22. Fast Model Removal Summary
 23. Fast Model Minimum Pulse Width Summary
 24. Fast Model Setup: 'clk'
 25. Fast Model Hold: 'clk'
 26. Fast Model Minimum Pulse Width: 'clk'
 27. Setup Times
 28. Hold Times
 29. Clock to Output Times
 30. Minimum Clock to Output Times
 31. Multicorner Timing Analysis Summary
 32. Setup Times
 33. Hold Times
 34. Clock to Output Times
 35. Minimum Clock to Output Times
 36. Setup Transfers
 37. Hold Transfers
 38. Report TCCS
 39. Report RSKM
 40. Unconstrained Paths
 41. TimeQuest Timing Analyzer Messages



----------------
; Legal Notice ;
----------------
Copyright (C) 1991-2013 Altera Corporation
Your use of Altera Corporation's design tools, logic functions 
and other software and tools, and its AMPP partner logic 
functions, and any output files from any of the foregoing 
(including device programming or simulation files), and any 
associated documentation or information are expressly subject 
to the terms and conditions of the Altera Program License 
Subscription Agreement, Altera MegaCore Function License 
Agreement, or other applicable license agreement, including, 
without limitation, that your use is for the sole purpose of 
programming logic devices manufactured by Altera and sold by 
Altera or its authorized distributors.  Please refer to the 
applicable agreement for further details.



+----------------------------------------------------------------------------------------+
; TimeQuest Timing Analyzer Summary                                                      ;
+--------------------+-------------------------------------------------------------------+
; Quartus II Version ; Version 13.0.1 Build 232 06/12/2013 Service Pack 1 SJ Web Edition ;
; Revision Name      ; pipe3_5mhz                                                        ;
; Device Family      ; Cyclone II                                                        ;
; Device Name        ; EP2C5T144C8                                                       ;
; Timing Models      ; Final                                                             ;
; Delay Model        ; Combined                                                          ;
; Rise/Fall Delays   ; Unavailable                                                       ;
+--------------------+-------------------------------------------------------------------+


+------------------------------------------+
; Parallel Compilation                     ;
+----------------------------+-------------+
; Processors                 ; Number      ;
+----------------------------+-------------+
; Number detected on machine ; 6           ;
; Maximum allowed            ; 6           ;
;                            ;             ;
; Average used               ; 1.00        ;
; Maximum used               ; 2           ;
;                            ;             ;
; Usage by Processor         ; % Time Used ;
;     Processor 1            ; 100.0%      ;
;     Processor 2            ; < 0.1%      ;
;     Processors 3-6         ;   0.0%      ;
+----------------------------+-------------+


+----------------------------------------------------+
; SDC File List                                      ;
+----------------+--------+--------------------------+
; SDC File Path  ; Status ; Read at                  ;
+----------------+--------+--------------------------+
; pipe3_5mhz.sdc ; OK     ; Wed Sep 30 19:51:38 2026 ;
+----------------+--------+--------------------------+


+-----------------------------------------------------------------------------------------------------------------------------------------------------------------------------------+
; Clocks                                                                                                                                                                            ;
+------------+------+---------+-----------+-------+---------+------------+-----------+-------------+-------+--------+-----------+------------+----------+--------+--------+---------+
; Clock Name ; Type ; Period  ; Frequency ; Rise  ; Fall    ; Duty Cycle ; Divide by ; Multiply by ; Phase ; Offset ; Edge List ; Edge Shift ; Inverted ; Master ; Source ; Targets ;
+------------+------+---------+-----------+-------+---------+------------+-----------+-------------+-------+--------+-----------+------------+----------+--------+--------+---------+
; clk        ; Base ; 200.000 ; 5.0 MHz   ; 0.000 ; 100.000 ;            ;           ;             ;       ;        ;           ;            ;          ;        ;        ; { clk } ;
+------------+------+---------+-----------+-------+---------+------------+-----------+-------------+-------+--------+-----------+------------+----------+--------+--------+---------+


+------------------------------------------------+
; Slow Model Fmax Summary                        ;
+----------+-----------------+------------+------+
; Fmax     ; Restricted Fmax ; Clock Name ; Note ;
+----------+-----------------+------------+------+
; 7.77 MHz ; 7.77 MHz        ; clk        ;      ;
+----------+-----------------+------------+------+
This panel reports FMAX for every clock in the design, regardless of the user-specified clock periods.  FMAX is only computed for paths where the source and destination registers or ports are driven by the same clock.  Paths of different clocks, including generated clocks, are ignored.  For paths between a clock and its inversion, FMAX is computed as if the rising and falling edges are scaled along with FMAX, such that the duty cycle (in terms of a percentage) is maintained. Altera recommends that you always use clock constraints and other slack reports for sign-off analysis.


+--------------------------------+
; Slow Model Setup Summary       ;
+-------+--------+---------------+
; Clock ; Slack  ; End Point TNS ;
+-------+--------+---------------+
; clk   ; 71.355 ; 0.000         ;
+-------+--------+---------------+


+-------------------------------+
; Slow Model Hold Summary       ;
+-------+-------+---------------+
; Clock ; Slack ; End Point TNS ;
+-------+-------+---------------+
; clk   ; 0.499 ; 0.000         ;
+-------+-------+---------------+


-------------------------------
; Slow Model Recovery Summary ;
-------------------------------
No paths to report.


------------------------------
; Slow Model Removal Summary ;
------------------------------
No paths to report.


+----------------------------------------+
; Slow Model Minimum Pulse Width Summary ;
+-------+--------+-----------------------+
; Clock ; Slack  ; End Point TNS         ;
+-------+--------+-----------------------+
; clk   ; 96.933 ; 0.000                 ;
+-------+--------+-----------------------+


+-----------------------------------------------------------------------------------------------------------------------+
; Slow Model Setup: 'clk'                                                                                               ;
+--------+---------------+------------------------+--------------+-------------+--------------+------------+------------+
; Slack  ; From Node     ; To Node                ; Launch Clock ; Latch Clock ; Relationship ; Clock Skew ; Data Delay ;
+--------+---------------+------------------------+--------------+-------------+--------------+------------+------------+
; 71.355 ; scores[0][0]  ; result_margin[3]~reg0  ; clk          ; clk         ; 200.000      ; 0.016      ; 128.701    ;
; 71.398 ; scores[0][0]  ; result_margin[6]~reg0  ; clk          ; clk         ; 200.000      ; 0.016      ; 128.658    ;
; 71.661 ; scores[0][0]  ; result_margin[1]~reg0  ; clk          ; clk         ; 200.000      ; 0.016      ; 128.395    ;
; 71.666 ; scores[0][0]  ; result_margin[0]~reg0  ; clk          ; clk         ; 200.000      ; 0.016      ; 128.390    ;
; 71.802 ; scores[0][0]  ; result_margin[9]~reg0  ; clk          ; clk         ; 200.000      ; 0.002      ; 128.240    ;
; 71.802 ; scores[0][0]  ; result_margin[14]~reg0 ; clk          ; clk         ; 200.000      ; 0.002      ; 128.240    ;
; 71.803 ; scores[0][0]  ; result_margin[11]~reg0 ; clk          ; clk         ; 200.000      ; 0.002      ; 128.239    ;
; 71.812 ; scores[0][0]  ; result_margin[12]~reg0 ; clk          ; clk         ; 200.000      ; 0.002      ; 128.230    ;
; 71.824 ; scores[0][0]  ; result_margin[8]~reg0  ; clk          ; clk         ; 200.000      ; 0.016      ; 128.232    ;
; 71.833 ; scores[0][0]  ; result_margin[2]~reg0  ; clk          ; clk         ; 200.000      ; 0.016      ; 128.223    ;
; 71.853 ; scores[0][0]  ; result_margin[4]~reg0  ; clk          ; clk         ; 200.000      ; 0.016      ; 128.203    ;
; 71.871 ; scores[0][0]  ; result_margin[5]~reg0  ; clk          ; clk         ; 200.000      ; 0.016      ; 128.185    ;
; 71.872 ; scores[0][0]  ; result_margin[13]~reg0 ; clk          ; clk         ; 200.000      ; 0.016      ; 128.184    ;
; 72.084 ; scores[1][0]  ; result_margin[3]~reg0  ; clk          ; clk         ; 200.000      ; 0.016      ; 127.972    ;
; 72.127 ; scores[1][0]  ; result_margin[6]~reg0  ; clk          ; clk         ; 200.000      ; 0.016      ; 127.929    ;
; 72.198 ; scores[0][0]  ; result_margin[15]~reg0 ; clk          ; clk         ; 200.000      ; 0.016      ; 127.858    ;
; 72.279 ; scores[0][0]  ; result_margin[7]~reg0  ; clk          ; clk         ; 200.000      ; 0.002      ; 127.763    ;
; 72.282 ; scores[0][0]  ; result_margin[10]~reg0 ; clk          ; clk         ; 200.000      ; 0.002      ; 127.760    ;
; 72.390 ; scores[1][0]  ; result_margin[1]~reg0  ; clk          ; clk         ; 200.000      ; 0.016      ; 127.666    ;
; 72.395 ; scores[1][0]  ; result_margin[0]~reg0  ; clk          ; clk         ; 200.000      ; 0.016      ; 127.661    ;
; 72.531 ; scores[1][0]  ; result_margin[9]~reg0  ; clk          ; clk         ; 200.000      ; 0.002      ; 127.511    ;
; 72.531 ; scores[1][0]  ; result_margin[14]~reg0 ; clk          ; clk         ; 200.000      ; 0.002      ; 127.511    ;
; 72.532 ; scores[1][0]  ; result_margin[11]~reg0 ; clk          ; clk         ; 200.000      ; 0.002      ; 127.510    ;
; 72.541 ; scores[1][0]  ; result_margin[12]~reg0 ; clk          ; clk         ; 200.000      ; 0.002      ; 127.501    ;
; 72.553 ; scores[1][0]  ; result_margin[8]~reg0  ; clk          ; clk         ; 200.000      ; 0.016      ; 127.503    ;
; 72.562 ; scores[1][0]  ; result_margin[2]~reg0  ; clk          ; clk         ; 200.000      ; 0.016      ; 127.494    ;
; 72.582 ; scores[1][0]  ; result_margin[4]~reg0  ; clk          ; clk         ; 200.000      ; 0.016      ; 127.474    ;
; 72.600 ; scores[1][0]  ; result_margin[5]~reg0  ; clk          ; clk         ; 200.000      ; 0.016      ; 127.456    ;
; 72.601 ; scores[1][0]  ; result_margin[13]~reg0 ; clk          ; clk         ; 200.000      ; 0.016      ; 127.455    ;
; 72.660 ; scores[1][7]  ; result_margin[3]~reg0  ; clk          ; clk         ; 200.000      ; 0.002      ; 127.382    ;
; 72.662 ; scores[1][14] ; result_margin[3]~reg0  ; clk          ; clk         ; 200.000      ; 0.003      ; 127.381    ;
; 72.703 ; scores[1][7]  ; result_margin[6]~reg0  ; clk          ; clk         ; 200.000      ; 0.002      ; 127.339    ;
; 72.705 ; scores[1][14] ; result_margin[6]~reg0  ; clk          ; clk         ; 200.000      ; 0.003      ; 127.338    ;
; 72.927 ; scores[1][0]  ; result_margin[15]~reg0 ; clk          ; clk         ; 200.000      ; 0.016      ; 127.129    ;
; 72.966 ; scores[1][7]  ; result_margin[1]~reg0  ; clk          ; clk         ; 200.000      ; 0.002      ; 127.076    ;
; 72.968 ; scores[1][14] ; result_margin[1]~reg0  ; clk          ; clk         ; 200.000      ; 0.003      ; 127.075    ;
; 72.971 ; scores[1][7]  ; result_margin[0]~reg0  ; clk          ; clk         ; 200.000      ; 0.002      ; 127.071    ;
; 72.973 ; scores[1][14] ; result_margin[0]~reg0  ; clk          ; clk         ; 200.000      ; 0.003      ; 127.070    ;
; 73.008 ; scores[1][0]  ; result_margin[7]~reg0  ; clk          ; clk         ; 200.000      ; 0.002      ; 127.034    ;
; 73.011 ; scores[1][0]  ; result_margin[10]~reg0 ; clk          ; clk         ; 200.000      ; 0.002      ; 127.031    ;
; 73.038 ; scores[0][7]  ; result_margin[3]~reg0  ; clk          ; clk         ; 200.000      ; 0.002      ; 127.004    ;
; 73.081 ; scores[0][7]  ; result_margin[6]~reg0  ; clk          ; clk         ; 200.000      ; 0.002      ; 126.961    ;
; 73.107 ; scores[1][7]  ; result_margin[9]~reg0  ; clk          ; clk         ; 200.000      ; -0.012     ; 126.921    ;
; 73.107 ; scores[1][7]  ; result_margin[14]~reg0 ; clk          ; clk         ; 200.000      ; -0.012     ; 126.921    ;
; 73.108 ; scores[1][7]  ; result_margin[11]~reg0 ; clk          ; clk         ; 200.000      ; -0.012     ; 126.920    ;
; 73.109 ; scores[1][14] ; result_margin[9]~reg0  ; clk          ; clk         ; 200.000      ; -0.011     ; 126.920    ;
; 73.109 ; scores[1][14] ; result_margin[14]~reg0 ; clk          ; clk         ; 200.000      ; -0.011     ; 126.920    ;
; 73.110 ; scores[1][14] ; result_margin[11]~reg0 ; clk          ; clk         ; 200.000      ; -0.011     ; 126.919    ;
; 73.117 ; scores[1][7]  ; result_margin[12]~reg0 ; clk          ; clk         ; 200.000      ; -0.012     ; 126.911    ;
; 73.119 ; scores[1][14] ; result_margin[12]~reg0 ; clk          ; clk         ; 200.000      ; -0.011     ; 126.910    ;
; 73.129 ; scores[1][7]  ; result_margin[8]~reg0  ; clk          ; clk         ; 200.000      ; 0.002      ; 126.913    ;
; 73.131 ; scores[1][14] ; result_margin[8]~reg0  ; clk          ; clk         ; 200.000      ; 0.003      ; 126.912    ;
; 73.138 ; scores[1][7]  ; result_margin[2]~reg0  ; clk          ; clk         ; 200.000      ; 0.002      ; 126.904    ;
; 73.140 ; scores[1][14] ; result_margin[2]~reg0  ; clk          ; clk         ; 200.000      ; 0.003      ; 126.903    ;
; 73.158 ; scores[1][7]  ; result_margin[4]~reg0  ; clk          ; clk         ; 200.000      ; 0.002      ; 126.884    ;
; 73.160 ; scores[1][14] ; result_margin[4]~reg0  ; clk          ; clk         ; 200.000      ; 0.003      ; 126.883    ;
; 73.176 ; scores[1][7]  ; result_margin[5]~reg0  ; clk          ; clk         ; 200.000      ; 0.002      ; 126.866    ;
; 73.177 ; scores[1][7]  ; result_margin[13]~reg0 ; clk          ; clk         ; 200.000      ; 0.002      ; 126.865    ;
; 73.178 ; scores[1][14] ; result_margin[5]~reg0  ; clk          ; clk         ; 200.000      ; 0.003      ; 126.865    ;
; 73.179 ; scores[1][14] ; result_margin[13]~reg0 ; clk          ; clk         ; 200.000      ; 0.003      ; 126.864    ;
; 73.323 ; scores[1][2]  ; result_margin[3]~reg0  ; clk          ; clk         ; 200.000      ; -0.004     ; 126.713    ;
; 73.344 ; scores[0][7]  ; result_margin[1]~reg0  ; clk          ; clk         ; 200.000      ; 0.002      ; 126.698    ;
; 73.349 ; scores[0][7]  ; result_margin[0]~reg0  ; clk          ; clk         ; 200.000      ; 0.002      ; 126.693    ;
; 73.359 ; scores[0][2]  ; result_margin[3]~reg0  ; clk          ; clk         ; 200.000      ; -0.004     ; 126.677    ;
; 73.366 ; scores[1][2]  ; result_margin[6]~reg0  ; clk          ; clk         ; 200.000      ; -0.004     ; 126.670    ;
; 73.402 ; scores[0][2]  ; result_margin[6]~reg0  ; clk          ; clk         ; 200.000      ; -0.004     ; 126.634    ;
; 73.408 ; scores[1][3]  ; result_margin[3]~reg0  ; clk          ; clk         ; 200.000      ; -0.009     ; 126.623    ;
; 73.437 ; scores[1][4]  ; result_margin[3]~reg0  ; clk          ; clk         ; 200.000      ; 0.009      ; 126.612    ;
; 73.451 ; scores[1][3]  ; result_margin[6]~reg0  ; clk          ; clk         ; 200.000      ; -0.009     ; 126.580    ;
; 73.473 ; scores[0][3]  ; result_margin[3]~reg0  ; clk          ; clk         ; 200.000      ; -0.009     ; 126.558    ;
; 73.480 ; scores[1][4]  ; result_margin[6]~reg0  ; clk          ; clk         ; 200.000      ; 0.009      ; 126.569    ;
; 73.485 ; scores[0][7]  ; result_margin[9]~reg0  ; clk          ; clk         ; 200.000      ; -0.012     ; 126.543    ;
; 73.485 ; scores[0][7]  ; result_margin[14]~reg0 ; clk          ; clk         ; 200.000      ; -0.012     ; 126.543    ;
; 73.486 ; scores[0][7]  ; result_margin[11]~reg0 ; clk          ; clk         ; 200.000      ; -0.012     ; 126.542    ;
; 73.495 ; scores[0][7]  ; result_margin[12]~reg0 ; clk          ; clk         ; 200.000      ; -0.012     ; 126.533    ;
; 73.503 ; scores[1][7]  ; result_margin[15]~reg0 ; clk          ; clk         ; 200.000      ; 0.002      ; 126.539    ;
; 73.505 ; scores[1][14] ; result_margin[15]~reg0 ; clk          ; clk         ; 200.000      ; 0.003      ; 126.538    ;
; 73.507 ; scores[0][7]  ; result_margin[8]~reg0  ; clk          ; clk         ; 200.000      ; 0.002      ; 126.535    ;
; 73.516 ; scores[0][3]  ; result_margin[6]~reg0  ; clk          ; clk         ; 200.000      ; -0.009     ; 126.515    ;
; 73.516 ; scores[0][7]  ; result_margin[2]~reg0  ; clk          ; clk         ; 200.000      ; 0.002      ; 126.526    ;
; 73.536 ; scores[0][7]  ; result_margin[4]~reg0  ; clk          ; clk         ; 200.000      ; 0.002      ; 126.506    ;
; 73.554 ; scores[0][7]  ; result_margin[5]~reg0  ; clk          ; clk         ; 200.000      ; 0.002      ; 126.488    ;
; 73.555 ; scores[0][7]  ; result_margin[13]~reg0 ; clk          ; clk         ; 200.000      ; 0.002      ; 126.487    ;
; 73.584 ; scores[1][7]  ; result_margin[7]~reg0  ; clk          ; clk         ; 200.000      ; -0.012     ; 126.444    ;
; 73.586 ; scores[1][14] ; result_margin[7]~reg0  ; clk          ; clk         ; 200.000      ; -0.011     ; 126.443    ;
; 73.587 ; scores[1][7]  ; result_margin[10]~reg0 ; clk          ; clk         ; 200.000      ; -0.012     ; 126.441    ;
; 73.589 ; scores[1][14] ; result_margin[10]~reg0 ; clk          ; clk         ; 200.000      ; -0.011     ; 126.440    ;
; 73.629 ; scores[1][2]  ; result_margin[1]~reg0  ; clk          ; clk         ; 200.000      ; -0.004     ; 126.407    ;
; 73.634 ; scores[1][2]  ; result_margin[0]~reg0  ; clk          ; clk         ; 200.000      ; -0.004     ; 126.402    ;
; 73.642 ; scores[1][1]  ; result_margin[3]~reg0  ; clk          ; clk         ; 200.000      ; 0.004      ; 126.402    ;
; 73.661 ; scores[0][10] ; result_margin[3]~reg0  ; clk          ; clk         ; 200.000      ; 0.012      ; 126.391    ;
; 73.665 ; scores[0][2]  ; result_margin[1]~reg0  ; clk          ; clk         ; 200.000      ; -0.004     ; 126.371    ;
; 73.670 ; scores[0][2]  ; result_margin[0]~reg0  ; clk          ; clk         ; 200.000      ; -0.004     ; 126.366    ;
; 73.685 ; scores[1][1]  ; result_margin[6]~reg0  ; clk          ; clk         ; 200.000      ; 0.004      ; 126.359    ;
; 73.698 ; scores[0][1]  ; result_margin[3]~reg0  ; clk          ; clk         ; 200.000      ; 0.004      ; 126.346    ;
; 73.704 ; scores[0][10] ; result_margin[6]~reg0  ; clk          ; clk         ; 200.000      ; 0.012      ; 126.348    ;
; 73.714 ; scores[1][3]  ; result_margin[1]~reg0  ; clk          ; clk         ; 200.000      ; -0.009     ; 126.317    ;
; 73.719 ; scores[1][3]  ; result_margin[0]~reg0  ; clk          ; clk         ; 200.000      ; -0.009     ; 126.312    ;
; 73.741 ; scores[0][1]  ; result_margin[6]~reg0  ; clk          ; clk         ; 200.000      ; 0.004      ; 126.303    ;
; 73.743 ; scores[1][4]  ; result_margin[1]~reg0  ; clk          ; clk         ; 200.000      ; 0.009      ; 126.306    ;
+--------+---------------+------------------------+--------------+-------------+--------------+------------+------------+


+-------------------------------------------------------------------------------------------------------------------------------------+
; Slow Model Hold: 'clk'                                                                                                              ;
+-------+---------------------------+---------------------------+--------------+-------------+--------------+------------+------------+
; Slack ; From Node                 ; To Node                   ; Launch Clock ; Latch Clock ; Relationship ; Clock Skew ; Data Delay ;
+-------+---------------------------+---------------------------+--------------+-------------+--------------+------------+------------+
; 0.499 ; state.LOAD                ; state.LOAD                ; clk          ; clk         ; 0.000        ; 0.000      ; 0.805      ;
; 0.499 ; neuron[0]                 ; neuron[0]                 ; clk          ; clk         ; 0.000        ; 0.000      ; 0.805      ;
; 0.499 ; neuron[1]                 ; neuron[1]                 ; clk          ; clk         ; 0.000        ; 0.000      ; 0.805      ;
; 0.499 ; neuron[2]                 ; neuron[2]                 ; clk          ; clk         ; 0.000        ; 0.000      ; 0.805      ;
; 0.499 ; neuron[3]                 ; neuron[3]                 ; clk          ; clk         ; 0.000        ; 0.000      ; 0.805      ;
; 0.499 ; state.IDLE                ; state.IDLE                ; clk          ; clk         ; 0.000        ; 0.000      ; 0.805      ;
; 0.499 ; result_digit[0]~reg0      ; result_digit[0]~reg0      ; clk          ; clk         ; 0.000        ; 0.000      ; 0.805      ;
; 0.499 ; result_digit[1]~reg0      ; result_digit[1]~reg0      ; clk          ; clk         ; 0.000        ; 0.000      ; 0.805      ;
; 0.499 ; result_digit[2]~reg0      ; result_digit[2]~reg0      ; clk          ; clk         ; 0.000        ; 0.000      ; 0.805      ;
; 0.499 ; result_confidence[0]~reg0 ; result_confidence[0]~reg0 ; clk          ; clk         ; 0.000        ; 0.000      ; 0.805      ;
; 0.499 ; result_confidence[1]~reg0 ; result_confidence[1]~reg0 ; clk          ; clk         ; 0.000        ; 0.000      ; 0.805      ;
; 0.499 ; result_confidence[2]~reg0 ; result_confidence[2]~reg0 ; clk          ; clk         ; 0.000        ; 0.000      ; 0.805      ;
; 0.499 ; result_confidence[3]~reg0 ; result_confidence[3]~reg0 ; clk          ; clk         ; 0.000        ; 0.000      ; 0.805      ;
; 0.499 ; result_confidence[4]~reg0 ; result_confidence[4]~reg0 ; clk          ; clk         ; 0.000        ; 0.000      ; 0.805      ;
; 0.499 ; result_confidence[5]~reg0 ; result_confidence[5]~reg0 ; clk          ; clk         ; 0.000        ; 0.000      ; 0.805      ;
; 0.499 ; result_confidence[6]~reg0 ; result_confidence[6]~reg0 ; clk          ; clk         ; 0.000        ; 0.000      ; 0.805      ;
; 0.499 ; result_confidence[7]~reg0 ; result_confidence[7]~reg0 ; clk          ; clk         ; 0.000        ; 0.000      ; 0.805      ;
; 0.753 ; output_n[31]              ; output_n[31]              ; clk          ; clk         ; 0.000        ; 0.000      ; 1.059      ;
; 0.753 ; cycle_ctr[31]             ; cycle_ctr[31]             ; clk          ; clk         ; 0.000        ; 0.000      ; 1.059      ;
; 0.790 ; state.IDLE                ; state.REJECT_FRAME        ; clk          ; clk         ; 0.000        ; 0.000      ; 1.096      ;
; 0.914 ; state.O_SETUP             ; state.O_READ              ; clk          ; clk         ; 0.000        ; 0.000      ; 1.220      ;
; 0.924 ; state.H_MAC               ; state.H_ACCUM             ; clk          ; clk         ; 0.000        ; 0.000      ; 1.230      ;
; 0.934 ; neuron[1]                 ; hidden_rtl_0_bypass[3]    ; clk          ; clk         ; 0.000        ; 0.000      ; 1.240      ;
; 1.140 ; cycle_ctr[7]              ; result_cycles[7]~reg0     ; clk          ; clk         ; 0.000        ; 0.000      ; 1.446      ;
; 1.142 ; cycle_ctr[23]             ; result_cycles[23]~reg0    ; clk          ; clk         ; 0.000        ; 0.000      ; 1.448      ;
; 1.166 ; output_n[16]              ; output_n[16]              ; clk          ; clk         ; 0.000        ; 0.000      ; 1.472      ;
; 1.166 ; cycle_ctr[16]             ; cycle_ctr[16]             ; clk          ; clk         ; 0.000        ; 0.000      ; 1.472      ;
; 1.167 ; output_n[0]               ; output_n[0]               ; clk          ; clk         ; 0.000        ; 0.000      ; 1.473      ;
; 1.167 ; cycle_ctr[0]              ; cycle_ctr[0]              ; clk          ; clk         ; 0.000        ; 0.000      ; 1.473      ;
; 1.175 ; output_n[1]               ; output_n[1]               ; clk          ; clk         ; 0.000        ; 0.000      ; 1.481      ;
; 1.175 ; output_n[17]              ; output_n[17]              ; clk          ; clk         ; 0.000        ; 0.000      ; 1.481      ;
; 1.175 ; cycle_ctr[1]              ; cycle_ctr[1]              ; clk          ; clk         ; 0.000        ; 0.000      ; 1.481      ;
; 1.175 ; cycle_ctr[17]             ; cycle_ctr[17]             ; clk          ; clk         ; 0.000        ; 0.000      ; 1.481      ;
; 1.176 ; output_n[2]               ; output_n[2]               ; clk          ; clk         ; 0.000        ; 0.000      ; 1.482      ;
; 1.176 ; output_n[9]               ; output_n[9]               ; clk          ; clk         ; 0.000        ; 0.000      ; 1.482      ;
; 1.176 ; output_n[18]              ; output_n[18]              ; clk          ; clk         ; 0.000        ; 0.000      ; 1.482      ;
; 1.176 ; output_n[25]              ; output_n[25]              ; clk          ; clk         ; 0.000        ; 0.000      ; 1.482      ;
; 1.176 ; cycle_ctr[2]              ; cycle_ctr[2]              ; clk          ; clk         ; 0.000        ; 0.000      ; 1.482      ;
; 1.176 ; cycle_ctr[9]              ; cycle_ctr[9]              ; clk          ; clk         ; 0.000        ; 0.000      ; 1.482      ;
; 1.176 ; cycle_ctr[18]             ; cycle_ctr[18]             ; clk          ; clk         ; 0.000        ; 0.000      ; 1.482      ;
; 1.176 ; cycle_ctr[25]             ; cycle_ctr[25]             ; clk          ; clk         ; 0.000        ; 0.000      ; 1.482      ;
; 1.177 ; output_n[4]               ; output_n[4]               ; clk          ; clk         ; 0.000        ; 0.000      ; 1.483      ;
; 1.177 ; output_n[7]               ; output_n[7]               ; clk          ; clk         ; 0.000        ; 0.000      ; 1.483      ;
; 1.177 ; output_n[11]              ; output_n[11]              ; clk          ; clk         ; 0.000        ; 0.000      ; 1.483      ;
; 1.177 ; output_n[13]              ; output_n[13]              ; clk          ; clk         ; 0.000        ; 0.000      ; 1.483      ;
; 1.177 ; output_n[14]              ; output_n[14]              ; clk          ; clk         ; 0.000        ; 0.000      ; 1.483      ;
; 1.177 ; output_n[15]              ; output_n[15]              ; clk          ; clk         ; 0.000        ; 0.000      ; 1.483      ;
; 1.177 ; output_n[20]              ; output_n[20]              ; clk          ; clk         ; 0.000        ; 0.000      ; 1.483      ;
; 1.177 ; output_n[23]              ; output_n[23]              ; clk          ; clk         ; 0.000        ; 0.000      ; 1.483      ;
; 1.177 ; output_n[27]              ; output_n[27]              ; clk          ; clk         ; 0.000        ; 0.000      ; 1.483      ;
; 1.177 ; output_n[29]              ; output_n[29]              ; clk          ; clk         ; 0.000        ; 0.000      ; 1.483      ;
; 1.177 ; output_n[30]              ; output_n[30]              ; clk          ; clk         ; 0.000        ; 0.000      ; 1.483      ;
; 1.177 ; cycle_ctr[4]              ; cycle_ctr[4]              ; clk          ; clk         ; 0.000        ; 0.000      ; 1.483      ;
; 1.177 ; cycle_ctr[7]              ; cycle_ctr[7]              ; clk          ; clk         ; 0.000        ; 0.000      ; 1.483      ;
; 1.177 ; cycle_ctr[11]             ; cycle_ctr[11]             ; clk          ; clk         ; 0.000        ; 0.000      ; 1.483      ;
; 1.177 ; cycle_ctr[13]             ; cycle_ctr[13]             ; clk          ; clk         ; 0.000        ; 0.000      ; 1.483      ;
; 1.177 ; cycle_ctr[14]             ; cycle_ctr[14]             ; clk          ; clk         ; 0.000        ; 0.000      ; 1.483      ;
; 1.177 ; cycle_ctr[15]             ; cycle_ctr[15]             ; clk          ; clk         ; 0.000        ; 0.000      ; 1.483      ;
; 1.177 ; cycle_ctr[20]             ; cycle_ctr[20]             ; clk          ; clk         ; 0.000        ; 0.000      ; 1.483      ;
; 1.177 ; cycle_ctr[23]             ; cycle_ctr[23]             ; clk          ; clk         ; 0.000        ; 0.000      ; 1.483      ;
; 1.177 ; cycle_ctr[27]             ; cycle_ctr[27]             ; clk          ; clk         ; 0.000        ; 0.000      ; 1.483      ;
; 1.177 ; cycle_ctr[29]             ; cycle_ctr[29]             ; clk          ; clk         ; 0.000        ; 0.000      ; 1.483      ;
; 1.177 ; cycle_ctr[30]             ; cycle_ctr[30]             ; clk          ; clk         ; 0.000        ; 0.000      ; 1.483      ;
; 1.188 ; state.O_MAC               ; state.O_ACCUM             ; clk          ; clk         ; 0.000        ; 0.000      ; 1.494      ;
; 1.215 ; cycle_ctr[0]              ; result_cycles[0]~reg0     ; clk          ; clk         ; 0.000        ; -0.001     ; 1.520      ;
; 1.219 ; cycle_ctr[6]              ; result_cycles[6]~reg0     ; clk          ; clk         ; 0.000        ; 0.000      ; 1.525      ;
; 1.219 ; cycle_ctr[22]             ; result_cycles[22]~reg0    ; clk          ; clk         ; 0.000        ; 0.000      ; 1.525      ;
; 1.220 ; cycle_ctr[24]             ; result_cycles[24]~reg0    ; clk          ; clk         ; 0.000        ; 0.000      ; 1.526      ;
; 1.221 ; cycle_ctr[13]             ; result_cycles[13]~reg0    ; clk          ; clk         ; 0.000        ; 0.000      ; 1.527      ;
; 1.222 ; cycle_ctr[5]              ; result_cycles[5]~reg0     ; clk          ; clk         ; 0.000        ; 0.000      ; 1.528      ;
; 1.223 ; cycle_ctr[8]              ; result_cycles[8]~reg0     ; clk          ; clk         ; 0.000        ; 0.000      ; 1.529      ;
; 1.224 ; cycle_ctr[29]             ; result_cycles[29]~reg0    ; clk          ; clk         ; 0.000        ; 0.000      ; 1.530      ;
; 1.225 ; output_n[3]               ; output_n[3]               ; clk          ; clk         ; 0.000        ; 0.000      ; 1.531      ;
; 1.225 ; output_n[8]               ; output_n[8]               ; clk          ; clk         ; 0.000        ; 0.000      ; 1.531      ;
; 1.225 ; output_n[10]              ; output_n[10]              ; clk          ; clk         ; 0.000        ; 0.000      ; 1.531      ;
; 1.225 ; output_n[19]              ; output_n[19]              ; clk          ; clk         ; 0.000        ; 0.000      ; 1.531      ;
; 1.225 ; output_n[24]              ; output_n[24]              ; clk          ; clk         ; 0.000        ; 0.000      ; 1.531      ;
; 1.225 ; output_n[26]              ; output_n[26]              ; clk          ; clk         ; 0.000        ; 0.000      ; 1.531      ;
; 1.225 ; cycle_ctr[3]              ; cycle_ctr[3]              ; clk          ; clk         ; 0.000        ; 0.000      ; 1.531      ;
; 1.225 ; cycle_ctr[8]              ; cycle_ctr[8]              ; clk          ; clk         ; 0.000        ; 0.000      ; 1.531      ;
; 1.225 ; cycle_ctr[10]             ; cycle_ctr[10]             ; clk          ; clk         ; 0.000        ; 0.000      ; 1.531      ;
; 1.225 ; cycle_ctr[19]             ; cycle_ctr[19]             ; clk          ; clk         ; 0.000        ; 0.000      ; 1.531      ;
; 1.225 ; cycle_ctr[24]             ; cycle_ctr[24]             ; clk          ; clk         ; 0.000        ; 0.000      ; 1.531      ;
; 1.225 ; cycle_ctr[26]             ; cycle_ctr[26]             ; clk          ; clk         ; 0.000        ; 0.000      ; 1.531      ;
; 1.226 ; output_n[5]               ; output_n[5]               ; clk          ; clk         ; 0.000        ; 0.000      ; 1.532      ;
; 1.226 ; output_n[6]               ; output_n[6]               ; clk          ; clk         ; 0.000        ; 0.000      ; 1.532      ;
; 1.226 ; output_n[12]              ; output_n[12]              ; clk          ; clk         ; 0.000        ; 0.000      ; 1.532      ;
; 1.226 ; output_n[21]              ; output_n[21]              ; clk          ; clk         ; 0.000        ; 0.000      ; 1.532      ;
; 1.226 ; output_n[22]              ; output_n[22]              ; clk          ; clk         ; 0.000        ; 0.000      ; 1.532      ;
; 1.226 ; output_n[28]              ; output_n[28]              ; clk          ; clk         ; 0.000        ; 0.000      ; 1.532      ;
; 1.226 ; cycle_ctr[5]              ; cycle_ctr[5]              ; clk          ; clk         ; 0.000        ; 0.000      ; 1.532      ;
; 1.226 ; cycle_ctr[6]              ; cycle_ctr[6]              ; clk          ; clk         ; 0.000        ; 0.000      ; 1.532      ;
; 1.226 ; cycle_ctr[12]             ; cycle_ctr[12]             ; clk          ; clk         ; 0.000        ; 0.000      ; 1.532      ;
; 1.226 ; cycle_ctr[21]             ; cycle_ctr[21]             ; clk          ; clk         ; 0.000        ; 0.000      ; 1.532      ;
; 1.226 ; cycle_ctr[22]             ; cycle_ctr[22]             ; clk          ; clk         ; 0.000        ; 0.000      ; 1.532      ;
; 1.226 ; cycle_ctr[28]             ; cycle_ctr[28]             ; clk          ; clk         ; 0.000        ; 0.000      ; 1.532      ;
; 1.227 ; cycle_ctr[20]             ; result_cycles[20]~reg0    ; clk          ; clk         ; 0.000        ; 0.000      ; 1.533      ;
; 1.228 ; cycle_ctr[21]             ; result_cycles[21]~reg0    ; clk          ; clk         ; 0.000        ; 0.000      ; 1.534      ;
; 1.230 ; cycle_ctr[16]             ; result_cycles[16]~reg0    ; clk          ; clk         ; 0.000        ; 0.000      ; 1.536      ;
; 1.245 ; neuron[2]                 ; hidden_rtl_0_bypass[5]    ; clk          ; clk         ; 0.000        ; 0.000      ; 1.551      ;
+-------+---------------------------+---------------------------+--------------+-------------+--------------+------------+------------+


+--------------------------------------------------------------------------------------------------------------------------------------------------------------------------+
; Slow Model Minimum Pulse Width: 'clk'                                                                                                                                    ;
+--------+--------------+----------------+------------------+-------+------------+-----------------------------------------------------------------------------------------+
; Slack  ; Actual Width ; Required Width ; Type             ; Clock ; Clock Edge ; Target                                                                                  ;
+--------+--------------+----------------+------------------+-------+------------+-----------------------------------------------------------------------------------------+
; 96.933 ; 100.000      ; 3.067          ; High Pulse Width ; clk   ; Rise       ; altsyncram:hidden_rtl_0|altsyncram_4og1:auto_generated|ram_block1a0~porta_address_reg0  ;
; 96.933 ; 100.000      ; 3.067          ; Low Pulse Width  ; clk   ; Rise       ; altsyncram:hidden_rtl_0|altsyncram_4og1:auto_generated|ram_block1a0~porta_address_reg0  ;
; 96.933 ; 100.000      ; 3.067          ; High Pulse Width ; clk   ; Rise       ; altsyncram:hidden_rtl_0|altsyncram_4og1:auto_generated|ram_block1a0~porta_address_reg1  ;
; 96.933 ; 100.000      ; 3.067          ; Low Pulse Width  ; clk   ; Rise       ; altsyncram:hidden_rtl_0|altsyncram_4og1:auto_generated|ram_block1a0~porta_address_reg1  ;
; 96.933 ; 100.000      ; 3.067          ; High Pulse Width ; clk   ; Rise       ; altsyncram:hidden_rtl_0|altsyncram_4og1:auto_generated|ram_block1a0~porta_address_reg2  ;
; 96.933 ; 100.000      ; 3.067          ; Low Pulse Width  ; clk   ; Rise       ; altsyncram:hidden_rtl_0|altsyncram_4og1:auto_generated|ram_block1a0~porta_address_reg2  ;
; 96.933 ; 100.000      ; 3.067          ; High Pulse Width ; clk   ; Rise       ; altsyncram:hidden_rtl_0|altsyncram_4og1:auto_generated|ram_block1a0~porta_address_reg3  ;
; 96.933 ; 100.000      ; 3.067          ; Low Pulse Width  ; clk   ; Rise       ; altsyncram:hidden_rtl_0|altsyncram_4og1:auto_generated|ram_block1a0~porta_address_reg3  ;
; 96.933 ; 100.000      ; 3.067          ; High Pulse Width ; clk   ; Rise       ; altsyncram:hidden_rtl_0|altsyncram_4og1:auto_generated|ram_block1a0~porta_address_reg4  ;
; 96.933 ; 100.000      ; 3.067          ; Low Pulse Width  ; clk   ; Rise       ; altsyncram:hidden_rtl_0|altsyncram_4og1:auto_generated|ram_block1a0~porta_address_reg4  ;
; 96.933 ; 100.000      ; 3.067          ; High Pulse Width ; clk   ; Rise       ; altsyncram:hidden_rtl_0|altsyncram_4og1:auto_generated|ram_block1a0~porta_datain_reg0   ;
; 96.933 ; 100.000      ; 3.067          ; Low Pulse Width  ; clk   ; Rise       ; altsyncram:hidden_rtl_0|altsyncram_4og1:auto_generated|ram_block1a0~porta_datain_reg0   ;
; 96.933 ; 100.000      ; 3.067          ; High Pulse Width ; clk   ; Rise       ; altsyncram:hidden_rtl_0|altsyncram_4og1:auto_generated|ram_block1a0~porta_datain_reg1   ;
; 96.933 ; 100.000      ; 3.067          ; Low Pulse Width  ; clk   ; Rise       ; altsyncram:hidden_rtl_0|altsyncram_4og1:auto_generated|ram_block1a0~porta_datain_reg1   ;
; 96.933 ; 100.000      ; 3.067          ; High Pulse Width ; clk   ; Rise       ; altsyncram:hidden_rtl_0|altsyncram_4og1:auto_generated|ram_block1a0~porta_datain_reg10  ;
; 96.933 ; 100.000      ; 3.067          ; Low Pulse Width  ; clk   ; Rise       ; altsyncram:hidden_rtl_0|altsyncram_4og1:auto_generated|ram_block1a0~porta_datain_reg10  ;
; 96.933 ; 100.000      ; 3.067          ; High Pulse Width ; clk   ; Rise       ; altsyncram:hidden_rtl_0|altsyncram_4og1:auto_generated|ram_block1a0~porta_datain_reg11  ;
; 96.933 ; 100.000      ; 3.067          ; Low Pulse Width  ; clk   ; Rise       ; altsyncram:hidden_rtl_0|altsyncram_4og1:auto_generated|ram_block1a0~porta_datain_reg11  ;
; 96.933 ; 100.000      ; 3.067          ; High Pulse Width ; clk   ; Rise       ; altsyncram:hidden_rtl_0|altsyncram_4og1:auto_generated|ram_block1a0~porta_datain_reg12  ;
; 96.933 ; 100.000      ; 3.067          ; Low Pulse Width  ; clk   ; Rise       ; altsyncram:hidden_rtl_0|altsyncram_4og1:auto_generated|ram_block1a0~porta_datain_reg12  ;
; 96.933 ; 100.000      ; 3.067          ; High Pulse Width ; clk   ; Rise       ; altsyncram:hidden_rtl_0|altsyncram_4og1:auto_generated|ram_block1a0~porta_datain_reg13  ;
; 96.933 ; 100.000      ; 3.067          ; Low Pulse Width  ; clk   ; Rise       ; altsyncram:hidden_rtl_0|altsyncram_4og1:auto_generated|ram_block1a0~porta_datain_reg13  ;
; 96.933 ; 100.000      ; 3.067          ; High Pulse Width ; clk   ; Rise       ; altsyncram:hidden_rtl_0|altsyncram_4og1:auto_generated|ram_block1a0~porta_datain_reg14  ;
; 96.933 ; 100.000      ; 3.067          ; Low Pulse Width  ; clk   ; Rise       ; altsyncram:hidden_rtl_0|altsyncram_4og1:auto_generated|ram_block1a0~porta_datain_reg14  ;
; 96.933 ; 100.000      ; 3.067          ; High Pulse Width ; clk   ; Rise       ; altsyncram:hidden_rtl_0|altsyncram_4og1:auto_generated|ram_block1a0~porta_datain_reg15  ;
; 96.933 ; 100.000      ; 3.067          ; Low Pulse Width  ; clk   ; Rise       ; altsyncram:hidden_rtl_0|altsyncram_4og1:auto_generated|ram_block1a0~porta_datain_reg15  ;
; 96.933 ; 100.000      ; 3.067          ; High Pulse Width ; clk   ; Rise       ; altsyncram:hidden_rtl_0|altsyncram_4og1:auto_generated|ram_block1a0~porta_datain_reg16  ;
; 96.933 ; 100.000      ; 3.067          ; Low Pulse Width  ; clk   ; Rise       ; altsyncram:hidden_rtl_0|altsyncram_4og1:auto_generated|ram_block1a0~porta_datain_reg16  ;
; 96.933 ; 100.000      ; 3.067          ; High Pulse Width ; clk   ; Rise       ; altsyncram:hidden_rtl_0|altsyncram_4og1:auto_generated|ram_block1a0~porta_datain_reg17  ;
; 96.933 ; 100.000      ; 3.067          ; Low Pulse Width  ; clk   ; Rise       ; altsyncram:hidden_rtl_0|altsyncram_4og1:auto_generated|ram_block1a0~porta_datain_reg17  ;
; 96.933 ; 100.000      ; 3.067          ; High Pulse Width ; clk   ; Rise       ; altsyncram:hidden_rtl_0|altsyncram_4og1:auto_generated|ram_block1a0~porta_datain_reg18  ;
; 96.933 ; 100.000      ; 3.067          ; Low Pulse Width  ; clk   ; Rise       ; altsyncram:hidden_rtl_0|altsyncram_4og1:auto_generated|ram_block1a0~porta_datain_reg18  ;
; 96.933 ; 100.000      ; 3.067          ; High Pulse Width ; clk   ; Rise       ; altsyncram:hidden_rtl_0|altsyncram_4og1:auto_generated|ram_block1a0~porta_datain_reg19  ;
; 96.933 ; 100.000      ; 3.067          ; Low Pulse Width  ; clk   ; Rise       ; altsyncram:hidden_rtl_0|altsyncram_4og1:auto_generated|ram_block1a0~porta_datain_reg19  ;
; 96.933 ; 100.000      ; 3.067          ; High Pulse Width ; clk   ; Rise       ; altsyncram:hidden_rtl_0|altsyncram_4og1:auto_generated|ram_block1a0~porta_datain_reg2   ;
; 96.933 ; 100.000      ; 3.067          ; Low Pulse Width  ; clk   ; Rise       ; altsyncram:hidden_rtl_0|altsyncram_4og1:auto_generated|ram_block1a0~porta_datain_reg2   ;
; 96.933 ; 100.000      ; 3.067          ; High Pulse Width ; clk   ; Rise       ; altsyncram:hidden_rtl_0|altsyncram_4og1:auto_generated|ram_block1a0~porta_datain_reg20  ;
; 96.933 ; 100.000      ; 3.067          ; Low Pulse Width  ; clk   ; Rise       ; altsyncram:hidden_rtl_0|altsyncram_4og1:auto_generated|ram_block1a0~porta_datain_reg20  ;
; 96.933 ; 100.000      ; 3.067          ; High Pulse Width ; clk   ; Rise       ; altsyncram:hidden_rtl_0|altsyncram_4og1:auto_generated|ram_block1a0~porta_datain_reg21  ;
; 96.933 ; 100.000      ; 3.067          ; Low Pulse Width  ; clk   ; Rise       ; altsyncram:hidden_rtl_0|altsyncram_4og1:auto_generated|ram_block1a0~porta_datain_reg21  ;
; 96.933 ; 100.000      ; 3.067          ; High Pulse Width ; clk   ; Rise       ; altsyncram:hidden_rtl_0|altsyncram_4og1:auto_generated|ram_block1a0~porta_datain_reg22  ;
; 96.933 ; 100.000      ; 3.067          ; Low Pulse Width  ; clk   ; Rise       ; altsyncram:hidden_rtl_0|altsyncram_4og1:auto_generated|ram_block1a0~porta_datain_reg22  ;
; 96.933 ; 100.000      ; 3.067          ; High Pulse Width ; clk   ; Rise       ; altsyncram:hidden_rtl_0|altsyncram_4og1:auto_generated|ram_block1a0~porta_datain_reg23  ;
; 96.933 ; 100.000      ; 3.067          ; Low Pulse Width  ; clk   ; Rise       ; altsyncram:hidden_rtl_0|altsyncram_4og1:auto_generated|ram_block1a0~porta_datain_reg23  ;
; 96.933 ; 100.000      ; 3.067          ; High Pulse Width ; clk   ; Rise       ; altsyncram:hidden_rtl_0|altsyncram_4og1:auto_generated|ram_block1a0~porta_datain_reg24  ;
; 96.933 ; 100.000      ; 3.067          ; Low Pulse Width  ; clk   ; Rise       ; altsyncram:hidden_rtl_0|altsyncram_4og1:auto_generated|ram_block1a0~porta_datain_reg24  ;
; 96.933 ; 100.000      ; 3.067          ; High Pulse Width ; clk   ; Rise       ; altsyncram:hidden_rtl_0|altsyncram_4og1:auto_generated|ram_block1a0~porta_datain_reg25  ;
; 96.933 ; 100.000      ; 3.067          ; Low Pulse Width  ; clk   ; Rise       ; altsyncram:hidden_rtl_0|altsyncram_4og1:auto_generated|ram_block1a0~porta_datain_reg25  ;
; 96.933 ; 100.000      ; 3.067          ; High Pulse Width ; clk   ; Rise       ; altsyncram:hidden_rtl_0|altsyncram_4og1:auto_generated|ram_block1a0~porta_datain_reg26  ;
; 96.933 ; 100.000      ; 3.067          ; Low Pulse Width  ; clk   ; Rise       ; altsyncram:hidden_rtl_0|altsyncram_4og1:auto_generated|ram_block1a0~porta_datain_reg26  ;
; 96.933 ; 100.000      ; 3.067          ; High Pulse Width ; clk   ; Rise       ; altsyncram:hidden_rtl_0|altsyncram_4og1:auto_generated|ram_block1a0~porta_datain_reg3   ;
; 96.933 ; 100.000      ; 3.067          ; Low Pulse Width  ; clk   ; Rise       ; altsyncram:hidden_rtl_0|altsyncram_4og1:auto_generated|ram_block1a0~porta_datain_reg3   ;
; 96.933 ; 100.000      ; 3.067          ; High Pulse Width ; clk   ; Rise       ; altsyncram:hidden_rtl_0|altsyncram_4og1:auto_generated|ram_block1a0~porta_datain_reg4   ;
; 96.933 ; 100.000      ; 3.067          ; Low Pulse Width  ; clk   ; Rise       ; altsyncram:hidden_rtl_0|altsyncram_4og1:auto_generated|ram_block1a0~porta_datain_reg4   ;
; 96.933 ; 100.000      ; 3.067          ; High Pulse Width ; clk   ; Rise       ; altsyncram:hidden_rtl_0|altsyncram_4og1:auto_generated|ram_block1a0~porta_datain_reg5   ;
; 96.933 ; 100.000      ; 3.067          ; Low Pulse Width  ; clk   ; Rise       ; altsyncram:hidden_rtl_0|altsyncram_4og1:auto_generated|ram_block1a0~porta_datain_reg5   ;
; 96.933 ; 100.000      ; 3.067          ; High Pulse Width ; clk   ; Rise       ; altsyncram:hidden_rtl_0|altsyncram_4og1:auto_generated|ram_block1a0~porta_datain_reg6   ;
; 96.933 ; 100.000      ; 3.067          ; Low Pulse Width  ; clk   ; Rise       ; altsyncram:hidden_rtl_0|altsyncram_4og1:auto_generated|ram_block1a0~porta_datain_reg6   ;
; 96.933 ; 100.000      ; 3.067          ; High Pulse Width ; clk   ; Rise       ; altsyncram:hidden_rtl_0|altsyncram_4og1:auto_generated|ram_block1a0~porta_datain_reg7   ;
; 96.933 ; 100.000      ; 3.067          ; Low Pulse Width  ; clk   ; Rise       ; altsyncram:hidden_rtl_0|altsyncram_4og1:auto_generated|ram_block1a0~porta_datain_reg7   ;
; 96.933 ; 100.000      ; 3.067          ; High Pulse Width ; clk   ; Rise       ; altsyncram:hidden_rtl_0|altsyncram_4og1:auto_generated|ram_block1a0~porta_datain_reg8   ;
; 96.933 ; 100.000      ; 3.067          ; Low Pulse Width  ; clk   ; Rise       ; altsyncram:hidden_rtl_0|altsyncram_4og1:auto_generated|ram_block1a0~porta_datain_reg8   ;
; 96.933 ; 100.000      ; 3.067          ; High Pulse Width ; clk   ; Rise       ; altsyncram:hidden_rtl_0|altsyncram_4og1:auto_generated|ram_block1a0~porta_datain_reg9   ;
; 96.933 ; 100.000      ; 3.067          ; Low Pulse Width  ; clk   ; Rise       ; altsyncram:hidden_rtl_0|altsyncram_4og1:auto_generated|ram_block1a0~porta_datain_reg9   ;
; 96.933 ; 100.000      ; 3.067          ; High Pulse Width ; clk   ; Rise       ; altsyncram:hidden_rtl_0|altsyncram_4og1:auto_generated|ram_block1a0~porta_memory_reg0   ;
; 96.933 ; 100.000      ; 3.067          ; Low Pulse Width  ; clk   ; Rise       ; altsyncram:hidden_rtl_0|altsyncram_4og1:auto_generated|ram_block1a0~porta_memory_reg0   ;
; 96.933 ; 100.000      ; 3.067          ; High Pulse Width ; clk   ; Rise       ; altsyncram:hidden_rtl_0|altsyncram_4og1:auto_generated|ram_block1a0~porta_we_reg        ;
; 96.933 ; 100.000      ; 3.067          ; Low Pulse Width  ; clk   ; Rise       ; altsyncram:hidden_rtl_0|altsyncram_4og1:auto_generated|ram_block1a0~porta_we_reg        ;
; 96.933 ; 100.000      ; 3.067          ; High Pulse Width ; clk   ; Rise       ; altsyncram:hidden_rtl_0|altsyncram_4og1:auto_generated|ram_block1a0~portb_address_reg0  ;
; 96.933 ; 100.000      ; 3.067          ; Low Pulse Width  ; clk   ; Rise       ; altsyncram:hidden_rtl_0|altsyncram_4og1:auto_generated|ram_block1a0~portb_address_reg0  ;
; 96.933 ; 100.000      ; 3.067          ; High Pulse Width ; clk   ; Rise       ; altsyncram:hidden_rtl_0|altsyncram_4og1:auto_generated|ram_block1a0~portb_address_reg1  ;
; 96.933 ; 100.000      ; 3.067          ; Low Pulse Width  ; clk   ; Rise       ; altsyncram:hidden_rtl_0|altsyncram_4og1:auto_generated|ram_block1a0~portb_address_reg1  ;
; 96.933 ; 100.000      ; 3.067          ; High Pulse Width ; clk   ; Rise       ; altsyncram:hidden_rtl_0|altsyncram_4og1:auto_generated|ram_block1a0~portb_address_reg2  ;
; 96.933 ; 100.000      ; 3.067          ; Low Pulse Width  ; clk   ; Rise       ; altsyncram:hidden_rtl_0|altsyncram_4og1:auto_generated|ram_block1a0~portb_address_reg2  ;
; 96.933 ; 100.000      ; 3.067          ; High Pulse Width ; clk   ; Rise       ; altsyncram:hidden_rtl_0|altsyncram_4og1:auto_generated|ram_block1a0~portb_address_reg3  ;
; 96.933 ; 100.000      ; 3.067          ; Low Pulse Width  ; clk   ; Rise       ; altsyncram:hidden_rtl_0|altsyncram_4og1:auto_generated|ram_block1a0~portb_address_reg3  ;
; 96.933 ; 100.000      ; 3.067          ; High Pulse Width ; clk   ; Rise       ; altsyncram:hidden_rtl_0|altsyncram_4og1:auto_generated|ram_block1a0~portb_address_reg4  ;
; 96.933 ; 100.000      ; 3.067          ; Low Pulse Width  ; clk   ; Rise       ; altsyncram:hidden_rtl_0|altsyncram_4og1:auto_generated|ram_block1a0~portb_address_reg4  ;
; 96.933 ; 100.000      ; 3.067          ; High Pulse Width ; clk   ; Rise       ; altsyncram:hidden_rtl_0|altsyncram_4og1:auto_generated|ram_block1a10~porta_memory_reg0  ;
; 96.933 ; 100.000      ; 3.067          ; Low Pulse Width  ; clk   ; Rise       ; altsyncram:hidden_rtl_0|altsyncram_4og1:auto_generated|ram_block1a10~porta_memory_reg0  ;
; 96.933 ; 100.000      ; 3.067          ; High Pulse Width ; clk   ; Rise       ; altsyncram:hidden_rtl_0|altsyncram_4og1:auto_generated|ram_block1a11~porta_memory_reg0  ;
; 96.933 ; 100.000      ; 3.067          ; Low Pulse Width  ; clk   ; Rise       ; altsyncram:hidden_rtl_0|altsyncram_4og1:auto_generated|ram_block1a11~porta_memory_reg0  ;
; 96.933 ; 100.000      ; 3.067          ; High Pulse Width ; clk   ; Rise       ; altsyncram:hidden_rtl_0|altsyncram_4og1:auto_generated|ram_block1a12~porta_memory_reg0  ;
; 96.933 ; 100.000      ; 3.067          ; Low Pulse Width  ; clk   ; Rise       ; altsyncram:hidden_rtl_0|altsyncram_4og1:auto_generated|ram_block1a12~porta_memory_reg0  ;
; 96.933 ; 100.000      ; 3.067          ; High Pulse Width ; clk   ; Rise       ; altsyncram:hidden_rtl_0|altsyncram_4og1:auto_generated|ram_block1a13~porta_memory_reg0  ;
; 96.933 ; 100.000      ; 3.067          ; Low Pulse Width  ; clk   ; Rise       ; altsyncram:hidden_rtl_0|altsyncram_4og1:auto_generated|ram_block1a13~porta_memory_reg0  ;
; 96.933 ; 100.000      ; 3.067          ; High Pulse Width ; clk   ; Rise       ; altsyncram:hidden_rtl_0|altsyncram_4og1:auto_generated|ram_block1a14~porta_memory_reg0  ;
; 96.933 ; 100.000      ; 3.067          ; Low Pulse Width  ; clk   ; Rise       ; altsyncram:hidden_rtl_0|altsyncram_4og1:auto_generated|ram_block1a14~porta_memory_reg0  ;
; 96.933 ; 100.000      ; 3.067          ; High Pulse Width ; clk   ; Rise       ; altsyncram:hidden_rtl_0|altsyncram_4og1:auto_generated|ram_block1a15~porta_memory_reg0  ;
; 96.933 ; 100.000      ; 3.067          ; Low Pulse Width  ; clk   ; Rise       ; altsyncram:hidden_rtl_0|altsyncram_4og1:auto_generated|ram_block1a15~porta_memory_reg0  ;
; 96.933 ; 100.000      ; 3.067          ; High Pulse Width ; clk   ; Rise       ; altsyncram:hidden_rtl_0|altsyncram_4og1:auto_generated|ram_block1a16~porta_memory_reg0  ;
; 96.933 ; 100.000      ; 3.067          ; Low Pulse Width  ; clk   ; Rise       ; altsyncram:hidden_rtl_0|altsyncram_4og1:auto_generated|ram_block1a16~porta_memory_reg0  ;
; 96.933 ; 100.000      ; 3.067          ; High Pulse Width ; clk   ; Rise       ; altsyncram:hidden_rtl_0|altsyncram_4og1:auto_generated|ram_block1a17~porta_memory_reg0  ;
; 96.933 ; 100.000      ; 3.067          ; Low Pulse Width  ; clk   ; Rise       ; altsyncram:hidden_rtl_0|altsyncram_4og1:auto_generated|ram_block1a17~porta_memory_reg0  ;
; 96.933 ; 100.000      ; 3.067          ; High Pulse Width ; clk   ; Rise       ; altsyncram:hidden_rtl_0|altsyncram_4og1:auto_generated|ram_block1a18~porta_address_reg0 ;
; 96.933 ; 100.000      ; 3.067          ; Low Pulse Width  ; clk   ; Rise       ; altsyncram:hidden_rtl_0|altsyncram_4og1:auto_generated|ram_block1a18~porta_address_reg0 ;
; 96.933 ; 100.000      ; 3.067          ; High Pulse Width ; clk   ; Rise       ; altsyncram:hidden_rtl_0|altsyncram_4og1:auto_generated|ram_block1a18~porta_address_reg1 ;
; 96.933 ; 100.000      ; 3.067          ; Low Pulse Width  ; clk   ; Rise       ; altsyncram:hidden_rtl_0|altsyncram_4og1:auto_generated|ram_block1a18~porta_address_reg1 ;
; 96.933 ; 100.000      ; 3.067          ; High Pulse Width ; clk   ; Rise       ; altsyncram:hidden_rtl_0|altsyncram_4og1:auto_generated|ram_block1a18~porta_address_reg2 ;
; 96.933 ; 100.000      ; 3.067          ; Low Pulse Width  ; clk   ; Rise       ; altsyncram:hidden_rtl_0|altsyncram_4og1:auto_generated|ram_block1a18~porta_address_reg2 ;
+--------+--------------+----------------+------------------+-------+------------+-----------------------------------------------------------------------------------------+


+-------------------------------------------------------------------------------------+
; Setup Times                                                                         ;
+-----------------------+------------+--------+--------+------------+-----------------+
; Data Port             ; Clock Port ; Rise   ; Fall   ; Clock Edge ; Clock Reference ;
+-----------------------+------------+--------+--------+------------+-----------------+
; input_frame_error     ; clk        ; 9.681  ; 9.681  ; Rise       ; clk             ;
; input_frame_last      ; clk        ; 9.517  ; 9.517  ; Rise       ; clk             ;
; input_frame_valid     ; clk        ; 9.095  ; 9.095  ; Rise       ; clk             ;
; input_pixel[*]        ; clk        ; 5.450  ; 5.450  ; Rise       ; clk             ;
;  input_pixel[0]       ; clk        ; 1.596  ; 1.596  ; Rise       ; clk             ;
;  input_pixel[1]       ; clk        ; 4.502  ; 4.502  ; Rise       ; clk             ;
;  input_pixel[2]       ; clk        ; 5.450  ; 5.450  ; Rise       ; clk             ;
;  input_pixel[3]       ; clk        ; 4.697  ; 4.697  ; Rise       ; clk             ;
; input_pixel_index[*]  ; clk        ; 15.340 ; 15.340 ; Rise       ; clk             ;
;  input_pixel_index[0] ; clk        ; 15.023 ; 15.023 ; Rise       ; clk             ;
;  input_pixel_index[1] ; clk        ; 15.082 ; 15.082 ; Rise       ; clk             ;
;  input_pixel_index[2] ; clk        ; 14.404 ; 14.404 ; Rise       ; clk             ;
;  input_pixel_index[3] ; clk        ; 15.340 ; 15.340 ; Rise       ; clk             ;
;  input_pixel_index[4] ; clk        ; 10.727 ; 10.727 ; Rise       ; clk             ;
;  input_pixel_index[5] ; clk        ; 11.205 ; 11.205 ; Rise       ; clk             ;
;  input_pixel_index[6] ; clk        ; 14.476 ; 14.476 ; Rise       ; clk             ;
;  input_pixel_index[7] ; clk        ; 15.099 ; 15.099 ; Rise       ; clk             ;
; reset_n               ; clk        ; 10.034 ; 10.034 ; Rise       ; clk             ;
+-----------------------+------------+--------+--------+------------+-----------------+


+-------------------------------------------------------------------------------------+
; Hold Times                                                                          ;
+-----------------------+------------+--------+--------+------------+-----------------+
; Data Port             ; Clock Port ; Rise   ; Fall   ; Clock Edge ; Clock Reference ;
+-----------------------+------------+--------+--------+------------+-----------------+
; input_frame_error     ; clk        ; -1.196 ; -1.196 ; Rise       ; clk             ;
; input_frame_last      ; clk        ; -2.408 ; -2.408 ; Rise       ; clk             ;
; input_frame_valid     ; clk        ; -0.372 ; -0.372 ; Rise       ; clk             ;
; input_pixel[*]        ; clk        ; -1.106 ; -1.106 ; Rise       ; clk             ;
;  input_pixel[0]       ; clk        ; -1.106 ; -1.106 ; Rise       ; clk             ;
;  input_pixel[1]       ; clk        ; -4.057 ; -4.057 ; Rise       ; clk             ;
;  input_pixel[2]       ; clk        ; -4.964 ; -4.964 ; Rise       ; clk             ;
;  input_pixel[3]       ; clk        ; -3.842 ; -3.842 ; Rise       ; clk             ;
; input_pixel_index[*]  ; clk        ; -0.852 ; -0.852 ; Rise       ; clk             ;
;  input_pixel_index[0] ; clk        ; -4.825 ; -4.825 ; Rise       ; clk             ;
;  input_pixel_index[1] ; clk        ; -4.662 ; -4.662 ; Rise       ; clk             ;
;  input_pixel_index[2] ; clk        ; -4.289 ; -4.289 ; Rise       ; clk             ;
;  input_pixel_index[3] ; clk        ; -5.415 ; -5.415 ; Rise       ; clk             ;
;  input_pixel_index[4] ; clk        ; -1.225 ; -1.225 ; Rise       ; clk             ;
;  input_pixel_index[5] ; clk        ; -0.852 ; -0.852 ; Rise       ; clk             ;
;  input_pixel_index[6] ; clk        ; -4.039 ; -4.039 ; Rise       ; clk             ;
;  input_pixel_index[7] ; clk        ; -4.662 ; -4.662 ; Rise       ; clk             ;
; reset_n               ; clk        ; 0.810  ; 0.810  ; Rise       ; clk             ;
+-----------------------+------------+--------+--------+------------+-----------------+


+-----------------------------------------------------------------------------------+
; Clock to Output Times                                                             ;
+-----------------------+------------+-------+-------+------------+-----------------+
; Data Port             ; Clock Port ; Rise  ; Fall  ; Clock Edge ; Clock Reference ;
+-----------------------+------------+-------+-------+------------+-----------------+
; busy                  ; clk        ; 9.757 ; 9.757 ; Rise       ; clk             ;
; result_accepted       ; clk        ; 7.121 ; 7.121 ; Rise       ; clk             ;
; result_confidence[*]  ; clk        ; 7.664 ; 7.664 ; Rise       ; clk             ;
;  result_confidence[0] ; clk        ; 6.804 ; 6.804 ; Rise       ; clk             ;
;  result_confidence[1] ; clk        ; 7.208 ; 7.208 ; Rise       ; clk             ;
;  result_confidence[2] ; clk        ; 7.595 ; 7.595 ; Rise       ; clk             ;
;  result_confidence[3] ; clk        ; 7.196 ; 7.196 ; Rise       ; clk             ;
;  result_confidence[4] ; clk        ; 7.225 ; 7.225 ; Rise       ; clk             ;
;  result_confidence[5] ; clk        ; 7.626 ; 7.626 ; Rise       ; clk             ;
;  result_confidence[6] ; clk        ; 7.664 ; 7.664 ; Rise       ; clk             ;
;  result_confidence[7] ; clk        ; 7.594 ; 7.594 ; Rise       ; clk             ;
; result_cycles[*]      ; clk        ; 8.913 ; 8.913 ; Rise       ; clk             ;
;  result_cycles[0]     ; clk        ; 8.348 ; 8.348 ; Rise       ; clk             ;
;  result_cycles[1]     ; clk        ; 7.207 ; 7.207 ; Rise       ; clk             ;
;  result_cycles[2]     ; clk        ; 7.221 ; 7.221 ; Rise       ; clk             ;
;  result_cycles[3]     ; clk        ; 7.205 ; 7.205 ; Rise       ; clk             ;
;  result_cycles[4]     ; clk        ; 8.349 ; 8.349 ; Rise       ; clk             ;
;  result_cycles[5]     ; clk        ; 7.891 ; 7.891 ; Rise       ; clk             ;
;  result_cycles[6]     ; clk        ; 6.830 ; 6.830 ; Rise       ; clk             ;
;  result_cycles[7]     ; clk        ; 7.533 ; 7.533 ; Rise       ; clk             ;
;  result_cycles[8]     ; clk        ; 6.840 ; 6.840 ; Rise       ; clk             ;
;  result_cycles[9]     ; clk        ; 7.205 ; 7.205 ; Rise       ; clk             ;
;  result_cycles[10]    ; clk        ; 7.545 ; 7.545 ; Rise       ; clk             ;
;  result_cycles[11]    ; clk        ; 7.561 ; 7.561 ; Rise       ; clk             ;
;  result_cycles[12]    ; clk        ; 7.201 ; 7.201 ; Rise       ; clk             ;
;  result_cycles[13]    ; clk        ; 7.970 ; 7.970 ; Rise       ; clk             ;
;  result_cycles[14]    ; clk        ; 8.137 ; 8.137 ; Rise       ; clk             ;
;  result_cycles[15]    ; clk        ; 8.161 ; 8.161 ; Rise       ; clk             ;
;  result_cycles[16]    ; clk        ; 7.245 ; 7.245 ; Rise       ; clk             ;
;  result_cycles[17]    ; clk        ; 7.999 ; 7.999 ; Rise       ; clk             ;
;  result_cycles[18]    ; clk        ; 8.560 ; 8.560 ; Rise       ; clk             ;
;  result_cycles[19]    ; clk        ; 7.566 ; 7.566 ; Rise       ; clk             ;
;  result_cycles[20]    ; clk        ; 7.239 ; 7.239 ; Rise       ; clk             ;
;  result_cycles[21]    ; clk        ; 7.202 ; 7.202 ; Rise       ; clk             ;
;  result_cycles[22]    ; clk        ; 8.406 ; 8.406 ; Rise       ; clk             ;
;  result_cycles[23]    ; clk        ; 8.012 ; 8.012 ; Rise       ; clk             ;
;  result_cycles[24]    ; clk        ; 8.913 ; 8.913 ; Rise       ; clk             ;
;  result_cycles[25]    ; clk        ; 8.041 ; 8.041 ; Rise       ; clk             ;
;  result_cycles[26]    ; clk        ; 7.917 ; 7.917 ; Rise       ; clk             ;
;  result_cycles[27]    ; clk        ; 7.577 ; 7.577 ; Rise       ; clk             ;
;  result_cycles[28]    ; clk        ; 7.208 ; 7.208 ; Rise       ; clk             ;
;  result_cycles[29]    ; clk        ; 8.007 ; 8.007 ; Rise       ; clk             ;
;  result_cycles[30]    ; clk        ; 7.534 ; 7.534 ; Rise       ; clk             ;
;  result_cycles[31]    ; clk        ; 7.207 ; 7.207 ; Rise       ; clk             ;
; result_digit[*]       ; clk        ; 7.309 ; 7.309 ; Rise       ; clk             ;
;  result_digit[0]      ; clk        ; 7.218 ; 7.218 ; Rise       ; clk             ;
;  result_digit[1]      ; clk        ; 7.219 ; 7.219 ; Rise       ; clk             ;
;  result_digit[2]      ; clk        ; 7.309 ; 7.309 ; Rise       ; clk             ;
;  result_digit[3]      ; clk        ; 6.848 ; 6.848 ; Rise       ; clk             ;
; result_margin[*]      ; clk        ; 8.397 ; 8.397 ; Rise       ; clk             ;
;  result_margin[0]     ; clk        ; 7.677 ; 7.677 ; Rise       ; clk             ;
;  result_margin[1]     ; clk        ; 7.089 ; 7.089 ; Rise       ; clk             ;
;  result_margin[2]     ; clk        ; 7.579 ; 7.579 ; Rise       ; clk             ;
;  result_margin[3]     ; clk        ; 7.744 ; 7.744 ; Rise       ; clk             ;
;  result_margin[4]     ; clk        ; 7.071 ; 7.071 ; Rise       ; clk             ;
;  result_margin[5]     ; clk        ; 7.389 ; 7.389 ; Rise       ; clk             ;
;  result_margin[6]     ; clk        ; 7.224 ; 7.224 ; Rise       ; clk             ;
;  result_margin[7]     ; clk        ; 7.188 ; 7.188 ; Rise       ; clk             ;
;  result_margin[8]     ; clk        ; 6.784 ; 6.784 ; Rise       ; clk             ;
;  result_margin[9]     ; clk        ; 7.181 ; 7.181 ; Rise       ; clk             ;
;  result_margin[10]    ; clk        ; 7.224 ; 7.224 ; Rise       ; clk             ;
;  result_margin[11]    ; clk        ; 7.203 ; 7.203 ; Rise       ; clk             ;
;  result_margin[12]    ; clk        ; 7.186 ; 7.186 ; Rise       ; clk             ;
;  result_margin[13]    ; clk        ; 7.219 ; 7.219 ; Rise       ; clk             ;
;  result_margin[14]    ; clk        ; 7.250 ; 7.250 ; Rise       ; clk             ;
;  result_margin[15]    ; clk        ; 8.397 ; 8.397 ; Rise       ; clk             ;
; result_valid          ; clk        ; 7.929 ; 7.929 ; Rise       ; clk             ;
+-----------------------+------------+-------+-------+------------+-----------------+


+-----------------------------------------------------------------------------------+
; Minimum Clock to Output Times                                                     ;
+-----------------------+------------+-------+-------+------------+-----------------+
; Data Port             ; Clock Port ; Rise  ; Fall  ; Clock Edge ; Clock Reference ;
+-----------------------+------------+-------+-------+------------+-----------------+
; busy                  ; clk        ; 8.553 ; 8.553 ; Rise       ; clk             ;
; result_accepted       ; clk        ; 7.121 ; 7.121 ; Rise       ; clk             ;
; result_confidence[*]  ; clk        ; 6.804 ; 6.804 ; Rise       ; clk             ;
;  result_confidence[0] ; clk        ; 6.804 ; 6.804 ; Rise       ; clk             ;
;  result_confidence[1] ; clk        ; 7.208 ; 7.208 ; Rise       ; clk             ;
;  result_confidence[2] ; clk        ; 7.595 ; 7.595 ; Rise       ; clk             ;
;  result_confidence[3] ; clk        ; 7.196 ; 7.196 ; Rise       ; clk             ;
;  result_confidence[4] ; clk        ; 7.225 ; 7.225 ; Rise       ; clk             ;
;  result_confidence[5] ; clk        ; 7.626 ; 7.626 ; Rise       ; clk             ;
;  result_confidence[6] ; clk        ; 7.664 ; 7.664 ; Rise       ; clk             ;
;  result_confidence[7] ; clk        ; 7.594 ; 7.594 ; Rise       ; clk             ;
; result_cycles[*]      ; clk        ; 6.830 ; 6.830 ; Rise       ; clk             ;
;  result_cycles[0]     ; clk        ; 8.348 ; 8.348 ; Rise       ; clk             ;
;  result_cycles[1]     ; clk        ; 7.207 ; 7.207 ; Rise       ; clk             ;
;  result_cycles[2]     ; clk        ; 7.221 ; 7.221 ; Rise       ; clk             ;
;  result_cycles[3]     ; clk        ; 7.205 ; 7.205 ; Rise       ; clk             ;
;  result_cycles[4]     ; clk        ; 8.349 ; 8.349 ; Rise       ; clk             ;
;  result_cycles[5]     ; clk        ; 7.891 ; 7.891 ; Rise       ; clk             ;
;  result_cycles[6]     ; clk        ; 6.830 ; 6.830 ; Rise       ; clk             ;
;  result_cycles[7]     ; clk        ; 7.533 ; 7.533 ; Rise       ; clk             ;
;  result_cycles[8]     ; clk        ; 6.840 ; 6.840 ; Rise       ; clk             ;
;  result_cycles[9]     ; clk        ; 7.205 ; 7.205 ; Rise       ; clk             ;
;  result_cycles[10]    ; clk        ; 7.545 ; 7.545 ; Rise       ; clk             ;
;  result_cycles[11]    ; clk        ; 7.561 ; 7.561 ; Rise       ; clk             ;
;  result_cycles[12]    ; clk        ; 7.201 ; 7.201 ; Rise       ; clk             ;
;  result_cycles[13]    ; clk        ; 7.970 ; 7.970 ; Rise       ; clk             ;
;  result_cycles[14]    ; clk        ; 8.137 ; 8.137 ; Rise       ; clk             ;
;  result_cycles[15]    ; clk        ; 8.161 ; 8.161 ; Rise       ; clk             ;
;  result_cycles[16]    ; clk        ; 7.245 ; 7.245 ; Rise       ; clk             ;
;  result_cycles[17]    ; clk        ; 7.999 ; 7.999 ; Rise       ; clk             ;
;  result_cycles[18]    ; clk        ; 8.560 ; 8.560 ; Rise       ; clk             ;
;  result_cycles[19]    ; clk        ; 7.566 ; 7.566 ; Rise       ; clk             ;
;  result_cycles[20]    ; clk        ; 7.239 ; 7.239 ; Rise       ; clk             ;
;  result_cycles[21]    ; clk        ; 7.202 ; 7.202 ; Rise       ; clk             ;
;  result_cycles[22]    ; clk        ; 8.406 ; 8.406 ; Rise       ; clk             ;
;  result_cycles[23]    ; clk        ; 8.012 ; 8.012 ; Rise       ; clk             ;
;  result_cycles[24]    ; clk        ; 8.913 ; 8.913 ; Rise       ; clk             ;
;  result_cycles[25]    ; clk        ; 8.041 ; 8.041 ; Rise       ; clk             ;
;  result_cycles[26]    ; clk        ; 7.917 ; 7.917 ; Rise       ; clk             ;
;  result_cycles[27]    ; clk        ; 7.577 ; 7.577 ; Rise       ; clk             ;
;  result_cycles[28]    ; clk        ; 7.208 ; 7.208 ; Rise       ; clk             ;
;  result_cycles[29]    ; clk        ; 8.007 ; 8.007 ; Rise       ; clk             ;
;  result_cycles[30]    ; clk        ; 7.534 ; 7.534 ; Rise       ; clk             ;
;  result_cycles[31]    ; clk        ; 7.207 ; 7.207 ; Rise       ; clk             ;
; result_digit[*]       ; clk        ; 6.848 ; 6.848 ; Rise       ; clk             ;
;  result_digit[0]      ; clk        ; 7.218 ; 7.218 ; Rise       ; clk             ;
;  result_digit[1]      ; clk        ; 7.219 ; 7.219 ; Rise       ; clk             ;
;  result_digit[2]      ; clk        ; 7.309 ; 7.309 ; Rise       ; clk             ;
;  result_digit[3]      ; clk        ; 6.848 ; 6.848 ; Rise       ; clk             ;
; result_margin[*]      ; clk        ; 6.784 ; 6.784 ; Rise       ; clk             ;
;  result_margin[0]     ; clk        ; 7.677 ; 7.677 ; Rise       ; clk             ;
;  result_margin[1]     ; clk        ; 7.089 ; 7.089 ; Rise       ; clk             ;
;  result_margin[2]     ; clk        ; 7.579 ; 7.579 ; Rise       ; clk             ;
;  result_margin[3]     ; clk        ; 7.744 ; 7.744 ; Rise       ; clk             ;
;  result_margin[4]     ; clk        ; 7.071 ; 7.071 ; Rise       ; clk             ;
;  result_margin[5]     ; clk        ; 7.389 ; 7.389 ; Rise       ; clk             ;
;  result_margin[6]     ; clk        ; 7.224 ; 7.224 ; Rise       ; clk             ;
;  result_margin[7]     ; clk        ; 7.188 ; 7.188 ; Rise       ; clk             ;
;  result_margin[8]     ; clk        ; 6.784 ; 6.784 ; Rise       ; clk             ;
;  result_margin[9]     ; clk        ; 7.181 ; 7.181 ; Rise       ; clk             ;
;  result_margin[10]    ; clk        ; 7.224 ; 7.224 ; Rise       ; clk             ;
;  result_margin[11]    ; clk        ; 7.203 ; 7.203 ; Rise       ; clk             ;
;  result_margin[12]    ; clk        ; 7.186 ; 7.186 ; Rise       ; clk             ;
;  result_margin[13]    ; clk        ; 7.219 ; 7.219 ; Rise       ; clk             ;
;  result_margin[14]    ; clk        ; 7.250 ; 7.250 ; Rise       ; clk             ;
;  result_margin[15]    ; clk        ; 8.397 ; 8.397 ; Rise       ; clk             ;
; result_valid          ; clk        ; 7.929 ; 7.929 ; Rise       ; clk             ;
+-----------------------+------------+-------+-------+------------+-----------------+


+---------------------------------+
; Fast Model Setup Summary        ;
+-------+---------+---------------+
; Clock ; Slack   ; End Point TNS ;
+-------+---------+---------------+
; clk   ; 153.352 ; 0.000         ;
+-------+---------+---------------+


+-------------------------------+
; Fast Model Hold Summary       ;
+-------+-------+---------------+
; Clock ; Slack ; End Point TNS ;
+-------+-------+---------------+
; clk   ; 0.215 ; 0.000         ;
+-------+-------+---------------+


-------------------------------
; Fast Model Recovery Summary ;
-------------------------------
No paths to report.


------------------------------
; Fast Model Removal Summary ;
------------------------------
No paths to report.


+----------------------------------------+
; Fast Model Minimum Pulse Width Summary ;
+-------+--------+-----------------------+
; Clock ; Slack  ; End Point TNS         ;
+-------+--------+-----------------------+
; clk   ; 97.873 ; 0.000                 ;
+-------+--------+-----------------------+


+------------------------------------------------------------------------------------------------------------------------+
; Fast Model Setup: 'clk'                                                                                                ;
+---------+---------------+------------------------+--------------+-------------+--------------+------------+------------+
; Slack   ; From Node     ; To Node                ; Launch Clock ; Latch Clock ; Relationship ; Clock Skew ; Data Delay ;
+---------+---------------+------------------------+--------------+-------------+--------------+------------+------------+
; 153.352 ; scores[0][0]  ; result_margin[3]~reg0  ; clk          ; clk         ; 200.000      ; 0.011      ; 46.691     ;
; 153.368 ; scores[0][0]  ; result_margin[6]~reg0  ; clk          ; clk         ; 200.000      ; 0.011      ; 46.675     ;
; 153.430 ; scores[0][0]  ; result_margin[1]~reg0  ; clk          ; clk         ; 200.000      ; 0.011      ; 46.613     ;
; 153.434 ; scores[0][0]  ; result_margin[0]~reg0  ; clk          ; clk         ; 200.000      ; 0.011      ; 46.609     ;
; 153.463 ; scores[0][0]  ; result_margin[14]~reg0 ; clk          ; clk         ; 200.000      ; -0.003     ; 46.566     ;
; 153.464 ; scores[0][0]  ; result_margin[9]~reg0  ; clk          ; clk         ; 200.000      ; -0.003     ; 46.565     ;
; 153.464 ; scores[0][0]  ; result_margin[11]~reg0 ; clk          ; clk         ; 200.000      ; -0.003     ; 46.565     ;
; 153.474 ; scores[0][0]  ; result_margin[12]~reg0 ; clk          ; clk         ; 200.000      ; -0.003     ; 46.555     ;
; 153.479 ; scores[0][0]  ; result_margin[4]~reg0  ; clk          ; clk         ; 200.000      ; 0.011      ; 46.564     ;
; 153.481 ; scores[0][0]  ; result_margin[2]~reg0  ; clk          ; clk         ; 200.000      ; 0.011      ; 46.562     ;
; 153.481 ; scores[0][0]  ; result_margin[8]~reg0  ; clk          ; clk         ; 200.000      ; 0.011      ; 46.562     ;
; 153.488 ; scores[0][0]  ; result_margin[5]~reg0  ; clk          ; clk         ; 200.000      ; 0.011      ; 46.555     ;
; 153.489 ; scores[0][0]  ; result_margin[13]~reg0 ; clk          ; clk         ; 200.000      ; 0.011      ; 46.554     ;
; 153.578 ; scores[1][0]  ; result_margin[3]~reg0  ; clk          ; clk         ; 200.000      ; 0.011      ; 46.465     ;
; 153.593 ; scores[0][0]  ; result_margin[7]~reg0  ; clk          ; clk         ; 200.000      ; -0.003     ; 46.436     ;
; 153.594 ; scores[1][0]  ; result_margin[6]~reg0  ; clk          ; clk         ; 200.000      ; 0.011      ; 46.449     ;
; 153.595 ; scores[0][0]  ; result_margin[10]~reg0 ; clk          ; clk         ; 200.000      ; -0.003     ; 46.434     ;
; 153.633 ; scores[0][0]  ; result_margin[15]~reg0 ; clk          ; clk         ; 200.000      ; 0.013      ; 46.412     ;
; 153.656 ; scores[1][0]  ; result_margin[1]~reg0  ; clk          ; clk         ; 200.000      ; 0.011      ; 46.387     ;
; 153.660 ; scores[1][0]  ; result_margin[0]~reg0  ; clk          ; clk         ; 200.000      ; 0.011      ; 46.383     ;
; 153.689 ; scores[1][0]  ; result_margin[14]~reg0 ; clk          ; clk         ; 200.000      ; -0.003     ; 46.340     ;
; 153.690 ; scores[1][0]  ; result_margin[9]~reg0  ; clk          ; clk         ; 200.000      ; -0.003     ; 46.339     ;
; 153.690 ; scores[1][0]  ; result_margin[11]~reg0 ; clk          ; clk         ; 200.000      ; -0.003     ; 46.339     ;
; 153.700 ; scores[1][0]  ; result_margin[12]~reg0 ; clk          ; clk         ; 200.000      ; -0.003     ; 46.329     ;
; 153.705 ; scores[1][0]  ; result_margin[4]~reg0  ; clk          ; clk         ; 200.000      ; 0.011      ; 46.338     ;
; 153.707 ; scores[1][0]  ; result_margin[2]~reg0  ; clk          ; clk         ; 200.000      ; 0.011      ; 46.336     ;
; 153.707 ; scores[1][0]  ; result_margin[8]~reg0  ; clk          ; clk         ; 200.000      ; 0.011      ; 46.336     ;
; 153.714 ; scores[1][0]  ; result_margin[5]~reg0  ; clk          ; clk         ; 200.000      ; 0.011      ; 46.329     ;
; 153.715 ; scores[1][0]  ; result_margin[13]~reg0 ; clk          ; clk         ; 200.000      ; 0.011      ; 46.328     ;
; 153.819 ; scores[1][0]  ; result_margin[7]~reg0  ; clk          ; clk         ; 200.000      ; -0.003     ; 46.210     ;
; 153.821 ; scores[1][0]  ; result_margin[10]~reg0 ; clk          ; clk         ; 200.000      ; -0.003     ; 46.208     ;
; 153.822 ; scores[1][7]  ; result_margin[3]~reg0  ; clk          ; clk         ; 200.000      ; 0.000      ; 46.210     ;
; 153.838 ; scores[1][7]  ; result_margin[6]~reg0  ; clk          ; clk         ; 200.000      ; 0.000      ; 46.194     ;
; 153.859 ; scores[1][0]  ; result_margin[15]~reg0 ; clk          ; clk         ; 200.000      ; 0.013      ; 46.186     ;
; 153.900 ; scores[1][7]  ; result_margin[1]~reg0  ; clk          ; clk         ; 200.000      ; 0.000      ; 46.132     ;
; 153.904 ; scores[1][14] ; result_margin[3]~reg0  ; clk          ; clk         ; 200.000      ; 0.000      ; 46.128     ;
; 153.904 ; scores[1][7]  ; result_margin[0]~reg0  ; clk          ; clk         ; 200.000      ; 0.000      ; 46.128     ;
; 153.916 ; scores[0][7]  ; result_margin[3]~reg0  ; clk          ; clk         ; 200.000      ; 0.000      ; 46.116     ;
; 153.920 ; scores[1][14] ; result_margin[6]~reg0  ; clk          ; clk         ; 200.000      ; 0.000      ; 46.112     ;
; 153.922 ; scores[1][2]  ; result_margin[3]~reg0  ; clk          ; clk         ; 200.000      ; -0.005     ; 46.105     ;
; 153.932 ; scores[0][7]  ; result_margin[6]~reg0  ; clk          ; clk         ; 200.000      ; 0.000      ; 46.100     ;
; 153.933 ; scores[1][7]  ; result_margin[14]~reg0 ; clk          ; clk         ; 200.000      ; -0.014     ; 46.085     ;
; 153.934 ; scores[1][7]  ; result_margin[9]~reg0  ; clk          ; clk         ; 200.000      ; -0.014     ; 46.084     ;
; 153.934 ; scores[1][7]  ; result_margin[11]~reg0 ; clk          ; clk         ; 200.000      ; -0.014     ; 46.084     ;
; 153.938 ; scores[1][2]  ; result_margin[6]~reg0  ; clk          ; clk         ; 200.000      ; -0.005     ; 46.089     ;
; 153.944 ; scores[1][7]  ; result_margin[12]~reg0 ; clk          ; clk         ; 200.000      ; -0.014     ; 46.074     ;
; 153.949 ; scores[1][7]  ; result_margin[4]~reg0  ; clk          ; clk         ; 200.000      ; 0.000      ; 46.083     ;
; 153.951 ; scores[1][7]  ; result_margin[2]~reg0  ; clk          ; clk         ; 200.000      ; 0.000      ; 46.081     ;
; 153.951 ; scores[1][7]  ; result_margin[8]~reg0  ; clk          ; clk         ; 200.000      ; 0.000      ; 46.081     ;
; 153.958 ; scores[1][7]  ; result_margin[5]~reg0  ; clk          ; clk         ; 200.000      ; 0.000      ; 46.074     ;
; 153.959 ; scores[1][7]  ; result_margin[13]~reg0 ; clk          ; clk         ; 200.000      ; 0.000      ; 46.073     ;
; 153.962 ; scores[0][2]  ; result_margin[3]~reg0  ; clk          ; clk         ; 200.000      ; -0.005     ; 46.065     ;
; 153.978 ; scores[0][2]  ; result_margin[6]~reg0  ; clk          ; clk         ; 200.000      ; -0.005     ; 46.049     ;
; 153.982 ; scores[1][14] ; result_margin[1]~reg0  ; clk          ; clk         ; 200.000      ; 0.000      ; 46.050     ;
; 153.986 ; scores[1][14] ; result_margin[0]~reg0  ; clk          ; clk         ; 200.000      ; 0.000      ; 46.046     ;
; 153.992 ; scores[1][3]  ; result_margin[3]~reg0  ; clk          ; clk         ; 200.000      ; -0.009     ; 46.031     ;
; 153.994 ; scores[0][7]  ; result_margin[1]~reg0  ; clk          ; clk         ; 200.000      ; 0.000      ; 46.038     ;
; 153.998 ; scores[0][7]  ; result_margin[0]~reg0  ; clk          ; clk         ; 200.000      ; 0.000      ; 46.034     ;
; 154.000 ; scores[1][2]  ; result_margin[1]~reg0  ; clk          ; clk         ; 200.000      ; -0.005     ; 46.027     ;
; 154.002 ; scores[1][4]  ; result_margin[3]~reg0  ; clk          ; clk         ; 200.000      ; 0.003      ; 46.033     ;
; 154.004 ; scores[1][2]  ; result_margin[0]~reg0  ; clk          ; clk         ; 200.000      ; -0.005     ; 46.023     ;
; 154.008 ; scores[1][3]  ; result_margin[6]~reg0  ; clk          ; clk         ; 200.000      ; -0.009     ; 46.015     ;
; 154.013 ; scores[0][3]  ; result_margin[3]~reg0  ; clk          ; clk         ; 200.000      ; -0.009     ; 46.010     ;
; 154.015 ; scores[1][14] ; result_margin[14]~reg0 ; clk          ; clk         ; 200.000      ; -0.014     ; 46.003     ;
; 154.016 ; scores[1][14] ; result_margin[9]~reg0  ; clk          ; clk         ; 200.000      ; -0.014     ; 46.002     ;
; 154.016 ; scores[1][14] ; result_margin[11]~reg0 ; clk          ; clk         ; 200.000      ; -0.014     ; 46.002     ;
; 154.018 ; scores[1][4]  ; result_margin[6]~reg0  ; clk          ; clk         ; 200.000      ; 0.003      ; 46.017     ;
; 154.026 ; scores[1][14] ; result_margin[12]~reg0 ; clk          ; clk         ; 200.000      ; -0.014     ; 45.992     ;
; 154.027 ; scores[0][7]  ; result_margin[14]~reg0 ; clk          ; clk         ; 200.000      ; -0.014     ; 45.991     ;
; 154.028 ; scores[0][7]  ; result_margin[9]~reg0  ; clk          ; clk         ; 200.000      ; -0.014     ; 45.990     ;
; 154.028 ; scores[0][7]  ; result_margin[11]~reg0 ; clk          ; clk         ; 200.000      ; -0.014     ; 45.990     ;
; 154.029 ; scores[0][3]  ; result_margin[6]~reg0  ; clk          ; clk         ; 200.000      ; -0.009     ; 45.994     ;
; 154.031 ; scores[1][14] ; result_margin[4]~reg0  ; clk          ; clk         ; 200.000      ; 0.000      ; 46.001     ;
; 154.033 ; scores[1][2]  ; result_margin[14]~reg0 ; clk          ; clk         ; 200.000      ; -0.019     ; 45.980     ;
; 154.033 ; scores[1][14] ; result_margin[2]~reg0  ; clk          ; clk         ; 200.000      ; 0.000      ; 45.999     ;
; 154.033 ; scores[1][14] ; result_margin[8]~reg0  ; clk          ; clk         ; 200.000      ; 0.000      ; 45.999     ;
; 154.034 ; scores[1][2]  ; result_margin[9]~reg0  ; clk          ; clk         ; 200.000      ; -0.019     ; 45.979     ;
; 154.034 ; scores[1][2]  ; result_margin[11]~reg0 ; clk          ; clk         ; 200.000      ; -0.019     ; 45.979     ;
; 154.038 ; scores[0][7]  ; result_margin[12]~reg0 ; clk          ; clk         ; 200.000      ; -0.014     ; 45.980     ;
; 154.040 ; scores[0][2]  ; result_margin[1]~reg0  ; clk          ; clk         ; 200.000      ; -0.005     ; 45.987     ;
; 154.040 ; scores[1][14] ; result_margin[5]~reg0  ; clk          ; clk         ; 200.000      ; 0.000      ; 45.992     ;
; 154.041 ; scores[1][14] ; result_margin[13]~reg0 ; clk          ; clk         ; 200.000      ; 0.000      ; 45.991     ;
; 154.043 ; scores[0][7]  ; result_margin[4]~reg0  ; clk          ; clk         ; 200.000      ; 0.000      ; 45.989     ;
; 154.044 ; scores[0][2]  ; result_margin[0]~reg0  ; clk          ; clk         ; 200.000      ; -0.005     ; 45.983     ;
; 154.044 ; scores[1][2]  ; result_margin[12]~reg0 ; clk          ; clk         ; 200.000      ; -0.019     ; 45.969     ;
; 154.045 ; scores[0][7]  ; result_margin[2]~reg0  ; clk          ; clk         ; 200.000      ; 0.000      ; 45.987     ;
; 154.045 ; scores[0][7]  ; result_margin[8]~reg0  ; clk          ; clk         ; 200.000      ; 0.000      ; 45.987     ;
; 154.049 ; scores[1][2]  ; result_margin[4]~reg0  ; clk          ; clk         ; 200.000      ; -0.005     ; 45.978     ;
; 154.051 ; scores[1][2]  ; result_margin[2]~reg0  ; clk          ; clk         ; 200.000      ; -0.005     ; 45.976     ;
; 154.051 ; scores[1][2]  ; result_margin[8]~reg0  ; clk          ; clk         ; 200.000      ; -0.005     ; 45.976     ;
; 154.052 ; scores[0][7]  ; result_margin[5]~reg0  ; clk          ; clk         ; 200.000      ; 0.000      ; 45.980     ;
; 154.053 ; scores[1][1]  ; result_margin[3]~reg0  ; clk          ; clk         ; 200.000      ; -0.002     ; 45.977     ;
; 154.053 ; scores[0][7]  ; result_margin[13]~reg0 ; clk          ; clk         ; 200.000      ; 0.000      ; 45.979     ;
; 154.058 ; scores[1][2]  ; result_margin[5]~reg0  ; clk          ; clk         ; 200.000      ; -0.005     ; 45.969     ;
; 154.059 ; scores[1][2]  ; result_margin[13]~reg0 ; clk          ; clk         ; 200.000      ; -0.005     ; 45.968     ;
; 154.063 ; scores[1][7]  ; result_margin[7]~reg0  ; clk          ; clk         ; 200.000      ; -0.014     ; 45.955     ;
; 154.065 ; scores[1][7]  ; result_margin[10]~reg0 ; clk          ; clk         ; 200.000      ; -0.014     ; 45.953     ;
; 154.069 ; scores[0][1]  ; result_margin[3]~reg0  ; clk          ; clk         ; 200.000      ; -0.002     ; 45.961     ;
; 154.069 ; scores[1][1]  ; result_margin[6]~reg0  ; clk          ; clk         ; 200.000      ; -0.002     ; 45.961     ;
; 154.070 ; scores[1][3]  ; result_margin[1]~reg0  ; clk          ; clk         ; 200.000      ; -0.009     ; 45.953     ;
+---------+---------------+------------------------+--------------+-------------+--------------+------------+------------+


+-------------------------------------------------------------------------------------------------------------------------------------+
; Fast Model Hold: 'clk'                                                                                                              ;
+-------+---------------------------+---------------------------+--------------+-------------+--------------+------------+------------+
; Slack ; From Node                 ; To Node                   ; Launch Clock ; Latch Clock ; Relationship ; Clock Skew ; Data Delay ;
+-------+---------------------------+---------------------------+--------------+-------------+--------------+------------+------------+
; 0.215 ; state.LOAD                ; state.LOAD                ; clk          ; clk         ; 0.000        ; 0.000      ; 0.367      ;
; 0.215 ; neuron[0]                 ; neuron[0]                 ; clk          ; clk         ; 0.000        ; 0.000      ; 0.367      ;
; 0.215 ; neuron[1]                 ; neuron[1]                 ; clk          ; clk         ; 0.000        ; 0.000      ; 0.367      ;
; 0.215 ; neuron[2]                 ; neuron[2]                 ; clk          ; clk         ; 0.000        ; 0.000      ; 0.367      ;
; 0.215 ; neuron[3]                 ; neuron[3]                 ; clk          ; clk         ; 0.000        ; 0.000      ; 0.367      ;
; 0.215 ; state.IDLE                ; state.IDLE                ; clk          ; clk         ; 0.000        ; 0.000      ; 0.367      ;
; 0.215 ; result_digit[0]~reg0      ; result_digit[0]~reg0      ; clk          ; clk         ; 0.000        ; 0.000      ; 0.367      ;
; 0.215 ; result_digit[1]~reg0      ; result_digit[1]~reg0      ; clk          ; clk         ; 0.000        ; 0.000      ; 0.367      ;
; 0.215 ; result_digit[2]~reg0      ; result_digit[2]~reg0      ; clk          ; clk         ; 0.000        ; 0.000      ; 0.367      ;
; 0.215 ; result_confidence[0]~reg0 ; result_confidence[0]~reg0 ; clk          ; clk         ; 0.000        ; 0.000      ; 0.367      ;
; 0.215 ; result_confidence[1]~reg0 ; result_confidence[1]~reg0 ; clk          ; clk         ; 0.000        ; 0.000      ; 0.367      ;
; 0.215 ; result_confidence[2]~reg0 ; result_confidence[2]~reg0 ; clk          ; clk         ; 0.000        ; 0.000      ; 0.367      ;
; 0.215 ; result_confidence[3]~reg0 ; result_confidence[3]~reg0 ; clk          ; clk         ; 0.000        ; 0.000      ; 0.367      ;
; 0.215 ; result_confidence[4]~reg0 ; result_confidence[4]~reg0 ; clk          ; clk         ; 0.000        ; 0.000      ; 0.367      ;
; 0.215 ; result_confidence[5]~reg0 ; result_confidence[5]~reg0 ; clk          ; clk         ; 0.000        ; 0.000      ; 0.367      ;
; 0.215 ; result_confidence[6]~reg0 ; result_confidence[6]~reg0 ; clk          ; clk         ; 0.000        ; 0.000      ; 0.367      ;
; 0.215 ; result_confidence[7]~reg0 ; result_confidence[7]~reg0 ; clk          ; clk         ; 0.000        ; 0.000      ; 0.367      ;
; 0.243 ; output_n[31]              ; output_n[31]              ; clk          ; clk         ; 0.000        ; 0.000      ; 0.395      ;
; 0.243 ; cycle_ctr[31]             ; cycle_ctr[31]             ; clk          ; clk         ; 0.000        ; 0.000      ; 0.395      ;
; 0.263 ; state.IDLE                ; state.REJECT_FRAME        ; clk          ; clk         ; 0.000        ; 0.000      ; 0.415      ;
; 0.317 ; state.O_SETUP             ; state.O_READ              ; clk          ; clk         ; 0.000        ; 0.000      ; 0.469      ;
; 0.322 ; state.H_MAC               ; state.H_ACCUM             ; clk          ; clk         ; 0.000        ; 0.000      ; 0.474      ;
; 0.344 ; neuron[1]                 ; hidden_rtl_0_bypass[3]    ; clk          ; clk         ; 0.000        ; 0.000      ; 0.496      ;
; 0.355 ; output_n[0]               ; output_n[0]               ; clk          ; clk         ; 0.000        ; 0.000      ; 0.507      ;
; 0.355 ; output_n[16]              ; output_n[16]              ; clk          ; clk         ; 0.000        ; 0.000      ; 0.507      ;
; 0.355 ; cycle_ctr[0]              ; cycle_ctr[0]              ; clk          ; clk         ; 0.000        ; 0.000      ; 0.507      ;
; 0.355 ; cycle_ctr[16]             ; cycle_ctr[16]             ; clk          ; clk         ; 0.000        ; 0.000      ; 0.507      ;
; 0.359 ; output_n[1]               ; output_n[1]               ; clk          ; clk         ; 0.000        ; 0.000      ; 0.511      ;
; 0.359 ; output_n[17]              ; output_n[17]              ; clk          ; clk         ; 0.000        ; 0.000      ; 0.511      ;
; 0.359 ; cycle_ctr[1]              ; cycle_ctr[1]              ; clk          ; clk         ; 0.000        ; 0.000      ; 0.511      ;
; 0.359 ; cycle_ctr[17]             ; cycle_ctr[17]             ; clk          ; clk         ; 0.000        ; 0.000      ; 0.511      ;
; 0.360 ; output_n[2]               ; output_n[2]               ; clk          ; clk         ; 0.000        ; 0.000      ; 0.512      ;
; 0.360 ; output_n[9]               ; output_n[9]               ; clk          ; clk         ; 0.000        ; 0.000      ; 0.512      ;
; 0.360 ; output_n[11]              ; output_n[11]              ; clk          ; clk         ; 0.000        ; 0.000      ; 0.512      ;
; 0.360 ; output_n[18]              ; output_n[18]              ; clk          ; clk         ; 0.000        ; 0.000      ; 0.512      ;
; 0.360 ; output_n[25]              ; output_n[25]              ; clk          ; clk         ; 0.000        ; 0.000      ; 0.512      ;
; 0.360 ; output_n[27]              ; output_n[27]              ; clk          ; clk         ; 0.000        ; 0.000      ; 0.512      ;
; 0.360 ; cycle_ctr[2]              ; cycle_ctr[2]              ; clk          ; clk         ; 0.000        ; 0.000      ; 0.512      ;
; 0.360 ; cycle_ctr[9]              ; cycle_ctr[9]              ; clk          ; clk         ; 0.000        ; 0.000      ; 0.512      ;
; 0.360 ; cycle_ctr[11]             ; cycle_ctr[11]             ; clk          ; clk         ; 0.000        ; 0.000      ; 0.512      ;
; 0.360 ; cycle_ctr[18]             ; cycle_ctr[18]             ; clk          ; clk         ; 0.000        ; 0.000      ; 0.512      ;
; 0.360 ; cycle_ctr[25]             ; cycle_ctr[25]             ; clk          ; clk         ; 0.000        ; 0.000      ; 0.512      ;
; 0.360 ; cycle_ctr[27]             ; cycle_ctr[27]             ; clk          ; clk         ; 0.000        ; 0.000      ; 0.512      ;
; 0.361 ; output_n[4]               ; output_n[4]               ; clk          ; clk         ; 0.000        ; 0.000      ; 0.513      ;
; 0.361 ; output_n[7]               ; output_n[7]               ; clk          ; clk         ; 0.000        ; 0.000      ; 0.513      ;
; 0.361 ; output_n[13]              ; output_n[13]              ; clk          ; clk         ; 0.000        ; 0.000      ; 0.513      ;
; 0.361 ; output_n[14]              ; output_n[14]              ; clk          ; clk         ; 0.000        ; 0.000      ; 0.513      ;
; 0.361 ; output_n[15]              ; output_n[15]              ; clk          ; clk         ; 0.000        ; 0.000      ; 0.513      ;
; 0.361 ; output_n[20]              ; output_n[20]              ; clk          ; clk         ; 0.000        ; 0.000      ; 0.513      ;
; 0.361 ; output_n[23]              ; output_n[23]              ; clk          ; clk         ; 0.000        ; 0.000      ; 0.513      ;
; 0.361 ; output_n[29]              ; output_n[29]              ; clk          ; clk         ; 0.000        ; 0.000      ; 0.513      ;
; 0.361 ; output_n[30]              ; output_n[30]              ; clk          ; clk         ; 0.000        ; 0.000      ; 0.513      ;
; 0.361 ; cycle_ctr[4]              ; cycle_ctr[4]              ; clk          ; clk         ; 0.000        ; 0.000      ; 0.513      ;
; 0.361 ; cycle_ctr[7]              ; cycle_ctr[7]              ; clk          ; clk         ; 0.000        ; 0.000      ; 0.513      ;
; 0.361 ; cycle_ctr[13]             ; cycle_ctr[13]             ; clk          ; clk         ; 0.000        ; 0.000      ; 0.513      ;
; 0.361 ; cycle_ctr[14]             ; cycle_ctr[14]             ; clk          ; clk         ; 0.000        ; 0.000      ; 0.513      ;
; 0.361 ; cycle_ctr[15]             ; cycle_ctr[15]             ; clk          ; clk         ; 0.000        ; 0.000      ; 0.513      ;
; 0.361 ; cycle_ctr[20]             ; cycle_ctr[20]             ; clk          ; clk         ; 0.000        ; 0.000      ; 0.513      ;
; 0.361 ; cycle_ctr[23]             ; cycle_ctr[23]             ; clk          ; clk         ; 0.000        ; 0.000      ; 0.513      ;
; 0.361 ; cycle_ctr[29]             ; cycle_ctr[29]             ; clk          ; clk         ; 0.000        ; 0.000      ; 0.513      ;
; 0.361 ; cycle_ctr[30]             ; cycle_ctr[30]             ; clk          ; clk         ; 0.000        ; 0.000      ; 0.513      ;
; 0.371 ; state.O_MAC               ; state.O_ACCUM             ; clk          ; clk         ; 0.000        ; 0.000      ; 0.523      ;
; 0.371 ; output_n[3]               ; output_n[3]               ; clk          ; clk         ; 0.000        ; 0.000      ; 0.523      ;
; 0.371 ; output_n[8]               ; output_n[8]               ; clk          ; clk         ; 0.000        ; 0.000      ; 0.523      ;
; 0.371 ; output_n[10]              ; output_n[10]              ; clk          ; clk         ; 0.000        ; 0.000      ; 0.523      ;
; 0.371 ; output_n[19]              ; output_n[19]              ; clk          ; clk         ; 0.000        ; 0.000      ; 0.523      ;
; 0.371 ; output_n[24]              ; output_n[24]              ; clk          ; clk         ; 0.000        ; 0.000      ; 0.523      ;
; 0.371 ; output_n[26]              ; output_n[26]              ; clk          ; clk         ; 0.000        ; 0.000      ; 0.523      ;
; 0.371 ; cycle_ctr[3]              ; cycle_ctr[3]              ; clk          ; clk         ; 0.000        ; 0.000      ; 0.523      ;
; 0.371 ; cycle_ctr[8]              ; cycle_ctr[8]              ; clk          ; clk         ; 0.000        ; 0.000      ; 0.523      ;
; 0.371 ; cycle_ctr[10]             ; cycle_ctr[10]             ; clk          ; clk         ; 0.000        ; 0.000      ; 0.523      ;
; 0.371 ; cycle_ctr[19]             ; cycle_ctr[19]             ; clk          ; clk         ; 0.000        ; 0.000      ; 0.523      ;
; 0.371 ; cycle_ctr[24]             ; cycle_ctr[24]             ; clk          ; clk         ; 0.000        ; 0.000      ; 0.523      ;
; 0.371 ; cycle_ctr[26]             ; cycle_ctr[26]             ; clk          ; clk         ; 0.000        ; 0.000      ; 0.523      ;
; 0.372 ; output_n[5]               ; output_n[5]               ; clk          ; clk         ; 0.000        ; 0.000      ; 0.524      ;
; 0.372 ; output_n[6]               ; output_n[6]               ; clk          ; clk         ; 0.000        ; 0.000      ; 0.524      ;
; 0.372 ; output_n[12]              ; output_n[12]              ; clk          ; clk         ; 0.000        ; 0.000      ; 0.524      ;
; 0.372 ; output_n[21]              ; output_n[21]              ; clk          ; clk         ; 0.000        ; 0.000      ; 0.524      ;
; 0.372 ; output_n[22]              ; output_n[22]              ; clk          ; clk         ; 0.000        ; 0.000      ; 0.524      ;
; 0.372 ; output_n[28]              ; output_n[28]              ; clk          ; clk         ; 0.000        ; 0.000      ; 0.524      ;
; 0.372 ; cycle_ctr[5]              ; cycle_ctr[5]              ; clk          ; clk         ; 0.000        ; 0.000      ; 0.524      ;
; 0.372 ; cycle_ctr[6]              ; cycle_ctr[6]              ; clk          ; clk         ; 0.000        ; 0.000      ; 0.524      ;
; 0.372 ; cycle_ctr[12]             ; cycle_ctr[12]             ; clk          ; clk         ; 0.000        ; 0.000      ; 0.524      ;
; 0.372 ; cycle_ctr[21]             ; cycle_ctr[21]             ; clk          ; clk         ; 0.000        ; 0.000      ; 0.524      ;
; 0.372 ; cycle_ctr[22]             ; cycle_ctr[22]             ; clk          ; clk         ; 0.000        ; 0.000      ; 0.524      ;
; 0.372 ; cycle_ctr[28]             ; cycle_ctr[28]             ; clk          ; clk         ; 0.000        ; 0.000      ; 0.524      ;
; 0.392 ; cycle_ctr[7]              ; result_cycles[7]~reg0     ; clk          ; clk         ; 0.000        ; 0.000      ; 0.544      ;
; 0.393 ; cycle_ctr[23]             ; result_cycles[23]~reg0    ; clk          ; clk         ; 0.000        ; 0.000      ; 0.545      ;
; 0.395 ; cycle_ctr[0]              ; result_cycles[0]~reg0     ; clk          ; clk         ; 0.000        ; -0.001     ; 0.546      ;
; 0.398 ; cycle_ctr[24]             ; result_cycles[24]~reg0    ; clk          ; clk         ; 0.000        ; 0.000      ; 0.550      ;
; 0.399 ; cycle_ctr[6]              ; result_cycles[6]~reg0     ; clk          ; clk         ; 0.000        ; 0.000      ; 0.551      ;
; 0.399 ; cycle_ctr[22]             ; result_cycles[22]~reg0    ; clk          ; clk         ; 0.000        ; 0.000      ; 0.551      ;
; 0.400 ; cycle_ctr[5]              ; result_cycles[5]~reg0     ; clk          ; clk         ; 0.000        ; 0.000      ; 0.552      ;
; 0.400 ; cycle_ctr[13]             ; result_cycles[13]~reg0    ; clk          ; clk         ; 0.000        ; 0.000      ; 0.552      ;
; 0.401 ; cycle_ctr[29]             ; result_cycles[29]~reg0    ; clk          ; clk         ; 0.000        ; 0.000      ; 0.553      ;
; 0.402 ; cycle_ctr[8]              ; result_cycles[8]~reg0     ; clk          ; clk         ; 0.000        ; 0.000      ; 0.554      ;
; 0.402 ; cycle_ctr[20]             ; result_cycles[20]~reg0    ; clk          ; clk         ; 0.000        ; 0.000      ; 0.554      ;
; 0.402 ; cycle_ctr[21]             ; result_cycles[21]~reg0    ; clk          ; clk         ; 0.000        ; 0.000      ; 0.554      ;
; 0.406 ; cycle_ctr[16]             ; result_cycles[16]~reg0    ; clk          ; clk         ; 0.000        ; 0.000      ; 0.558      ;
; 0.415 ; neuron[4]                 ; neuron[4]                 ; clk          ; clk         ; 0.000        ; 0.000      ; 0.567      ;
+-------+---------------------------+---------------------------+--------------+-------------+--------------+------------+------------+


+--------------------------------------------------------------------------------------------------------------------------------------------------------------------------+
; Fast Model Minimum Pulse Width: 'clk'                                                                                                                                    ;
+--------+--------------+----------------+------------------+-------+------------+-----------------------------------------------------------------------------------------+
; Slack  ; Actual Width ; Required Width ; Type             ; Clock ; Clock Edge ; Target                                                                                  ;
+--------+--------------+----------------+------------------+-------+------------+-----------------------------------------------------------------------------------------+
; 97.873 ; 100.000      ; 2.127          ; High Pulse Width ; clk   ; Rise       ; altsyncram:hidden_rtl_0|altsyncram_4og1:auto_generated|ram_block1a0~porta_address_reg0  ;
; 97.873 ; 100.000      ; 2.127          ; Low Pulse Width  ; clk   ; Rise       ; altsyncram:hidden_rtl_0|altsyncram_4og1:auto_generated|ram_block1a0~porta_address_reg0  ;
; 97.873 ; 100.000      ; 2.127          ; High Pulse Width ; clk   ; Rise       ; altsyncram:hidden_rtl_0|altsyncram_4og1:auto_generated|ram_block1a0~porta_address_reg1  ;
; 97.873 ; 100.000      ; 2.127          ; Low Pulse Width  ; clk   ; Rise       ; altsyncram:hidden_rtl_0|altsyncram_4og1:auto_generated|ram_block1a0~porta_address_reg1  ;
; 97.873 ; 100.000      ; 2.127          ; High Pulse Width ; clk   ; Rise       ; altsyncram:hidden_rtl_0|altsyncram_4og1:auto_generated|ram_block1a0~porta_address_reg2  ;
; 97.873 ; 100.000      ; 2.127          ; Low Pulse Width  ; clk   ; Rise       ; altsyncram:hidden_rtl_0|altsyncram_4og1:auto_generated|ram_block1a0~porta_address_reg2  ;
; 97.873 ; 100.000      ; 2.127          ; High Pulse Width ; clk   ; Rise       ; altsyncram:hidden_rtl_0|altsyncram_4og1:auto_generated|ram_block1a0~porta_address_reg3  ;
; 97.873 ; 100.000      ; 2.127          ; Low Pulse Width  ; clk   ; Rise       ; altsyncram:hidden_rtl_0|altsyncram_4og1:auto_generated|ram_block1a0~porta_address_reg3  ;
; 97.873 ; 100.000      ; 2.127          ; High Pulse Width ; clk   ; Rise       ; altsyncram:hidden_rtl_0|altsyncram_4og1:auto_generated|ram_block1a0~porta_address_reg4  ;
; 97.873 ; 100.000      ; 2.127          ; Low Pulse Width  ; clk   ; Rise       ; altsyncram:hidden_rtl_0|altsyncram_4og1:auto_generated|ram_block1a0~porta_address_reg4  ;
; 97.873 ; 100.000      ; 2.127          ; High Pulse Width ; clk   ; Rise       ; altsyncram:hidden_rtl_0|altsyncram_4og1:auto_generated|ram_block1a0~porta_datain_reg0   ;
; 97.873 ; 100.000      ; 2.127          ; Low Pulse Width  ; clk   ; Rise       ; altsyncram:hidden_rtl_0|altsyncram_4og1:auto_generated|ram_block1a0~porta_datain_reg0   ;
; 97.873 ; 100.000      ; 2.127          ; High Pulse Width ; clk   ; Rise       ; altsyncram:hidden_rtl_0|altsyncram_4og1:auto_generated|ram_block1a0~porta_datain_reg1   ;
; 97.873 ; 100.000      ; 2.127          ; Low Pulse Width  ; clk   ; Rise       ; altsyncram:hidden_rtl_0|altsyncram_4og1:auto_generated|ram_block1a0~porta_datain_reg1   ;
; 97.873 ; 100.000      ; 2.127          ; High Pulse Width ; clk   ; Rise       ; altsyncram:hidden_rtl_0|altsyncram_4og1:auto_generated|ram_block1a0~porta_datain_reg10  ;
; 97.873 ; 100.000      ; 2.127          ; Low Pulse Width  ; clk   ; Rise       ; altsyncram:hidden_rtl_0|altsyncram_4og1:auto_generated|ram_block1a0~porta_datain_reg10  ;
; 97.873 ; 100.000      ; 2.127          ; High Pulse Width ; clk   ; Rise       ; altsyncram:hidden_rtl_0|altsyncram_4og1:auto_generated|ram_block1a0~porta_datain_reg11  ;
; 97.873 ; 100.000      ; 2.127          ; Low Pulse Width  ; clk   ; Rise       ; altsyncram:hidden_rtl_0|altsyncram_4og1:auto_generated|ram_block1a0~porta_datain_reg11  ;
; 97.873 ; 100.000      ; 2.127          ; High Pulse Width ; clk   ; Rise       ; altsyncram:hidden_rtl_0|altsyncram_4og1:auto_generated|ram_block1a0~porta_datain_reg12  ;
; 97.873 ; 100.000      ; 2.127          ; Low Pulse Width  ; clk   ; Rise       ; altsyncram:hidden_rtl_0|altsyncram_4og1:auto_generated|ram_block1a0~porta_datain_reg12  ;
; 97.873 ; 100.000      ; 2.127          ; High Pulse Width ; clk   ; Rise       ; altsyncram:hidden_rtl_0|altsyncram_4og1:auto_generated|ram_block1a0~porta_datain_reg13  ;
; 97.873 ; 100.000      ; 2.127          ; Low Pulse Width  ; clk   ; Rise       ; altsyncram:hidden_rtl_0|altsyncram_4og1:auto_generated|ram_block1a0~porta_datain_reg13  ;
; 97.873 ; 100.000      ; 2.127          ; High Pulse Width ; clk   ; Rise       ; altsyncram:hidden_rtl_0|altsyncram_4og1:auto_generated|ram_block1a0~porta_datain_reg14  ;
; 97.873 ; 100.000      ; 2.127          ; Low Pulse Width  ; clk   ; Rise       ; altsyncram:hidden_rtl_0|altsyncram_4og1:auto_generated|ram_block1a0~porta_datain_reg14  ;
; 97.873 ; 100.000      ; 2.127          ; High Pulse Width ; clk   ; Rise       ; altsyncram:hidden_rtl_0|altsyncram_4og1:auto_generated|ram_block1a0~porta_datain_reg15  ;
; 97.873 ; 100.000      ; 2.127          ; Low Pulse Width  ; clk   ; Rise       ; altsyncram:hidden_rtl_0|altsyncram_4og1:auto_generated|ram_block1a0~porta_datain_reg15  ;
; 97.873 ; 100.000      ; 2.127          ; High Pulse Width ; clk   ; Rise       ; altsyncram:hidden_rtl_0|altsyncram_4og1:auto_generated|ram_block1a0~porta_datain_reg16  ;
; 97.873 ; 100.000      ; 2.127          ; Low Pulse Width  ; clk   ; Rise       ; altsyncram:hidden_rtl_0|altsyncram_4og1:auto_generated|ram_block1a0~porta_datain_reg16  ;
; 97.873 ; 100.000      ; 2.127          ; High Pulse Width ; clk   ; Rise       ; altsyncram:hidden_rtl_0|altsyncram_4og1:auto_generated|ram_block1a0~porta_datain_reg17  ;
; 97.873 ; 100.000      ; 2.127          ; Low Pulse Width  ; clk   ; Rise       ; altsyncram:hidden_rtl_0|altsyncram_4og1:auto_generated|ram_block1a0~porta_datain_reg17  ;
; 97.873 ; 100.000      ; 2.127          ; High Pulse Width ; clk   ; Rise       ; altsyncram:hidden_rtl_0|altsyncram_4og1:auto_generated|ram_block1a0~porta_datain_reg18  ;
; 97.873 ; 100.000      ; 2.127          ; Low Pulse Width  ; clk   ; Rise       ; altsyncram:hidden_rtl_0|altsyncram_4og1:auto_generated|ram_block1a0~porta_datain_reg18  ;
; 97.873 ; 100.000      ; 2.127          ; High Pulse Width ; clk   ; Rise       ; altsyncram:hidden_rtl_0|altsyncram_4og1:auto_generated|ram_block1a0~porta_datain_reg19  ;
; 97.873 ; 100.000      ; 2.127          ; Low Pulse Width  ; clk   ; Rise       ; altsyncram:hidden_rtl_0|altsyncram_4og1:auto_generated|ram_block1a0~porta_datain_reg19  ;
; 97.873 ; 100.000      ; 2.127          ; High Pulse Width ; clk   ; Rise       ; altsyncram:hidden_rtl_0|altsyncram_4og1:auto_generated|ram_block1a0~porta_datain_reg2   ;
; 97.873 ; 100.000      ; 2.127          ; Low Pulse Width  ; clk   ; Rise       ; altsyncram:hidden_rtl_0|altsyncram_4og1:auto_generated|ram_block1a0~porta_datain_reg2   ;
; 97.873 ; 100.000      ; 2.127          ; High Pulse Width ; clk   ; Rise       ; altsyncram:hidden_rtl_0|altsyncram_4og1:auto_generated|ram_block1a0~porta_datain_reg20  ;
; 97.873 ; 100.000      ; 2.127          ; Low Pulse Width  ; clk   ; Rise       ; altsyncram:hidden_rtl_0|altsyncram_4og1:auto_generated|ram_block1a0~porta_datain_reg20  ;
; 97.873 ; 100.000      ; 2.127          ; High Pulse Width ; clk   ; Rise       ; altsyncram:hidden_rtl_0|altsyncram_4og1:auto_generated|ram_block1a0~porta_datain_reg21  ;
; 97.873 ; 100.000      ; 2.127          ; Low Pulse Width  ; clk   ; Rise       ; altsyncram:hidden_rtl_0|altsyncram_4og1:auto_generated|ram_block1a0~porta_datain_reg21  ;
; 97.873 ; 100.000      ; 2.127          ; High Pulse Width ; clk   ; Rise       ; altsyncram:hidden_rtl_0|altsyncram_4og1:auto_generated|ram_block1a0~porta_datain_reg22  ;
; 97.873 ; 100.000      ; 2.127          ; Low Pulse Width  ; clk   ; Rise       ; altsyncram:hidden_rtl_0|altsyncram_4og1:auto_generated|ram_block1a0~porta_datain_reg22  ;
; 97.873 ; 100.000      ; 2.127          ; High Pulse Width ; clk   ; Rise       ; altsyncram:hidden_rtl_0|altsyncram_4og1:auto_generated|ram_block1a0~porta_datain_reg23  ;
; 97.873 ; 100.000      ; 2.127          ; Low Pulse Width  ; clk   ; Rise       ; altsyncram:hidden_rtl_0|altsyncram_4og1:auto_generated|ram_block1a0~porta_datain_reg23  ;
; 97.873 ; 100.000      ; 2.127          ; High Pulse Width ; clk   ; Rise       ; altsyncram:hidden_rtl_0|altsyncram_4og1:auto_generated|ram_block1a0~porta_datain_reg24  ;
; 97.873 ; 100.000      ; 2.127          ; Low Pulse Width  ; clk   ; Rise       ; altsyncram:hidden_rtl_0|altsyncram_4og1:auto_generated|ram_block1a0~porta_datain_reg24  ;
; 97.873 ; 100.000      ; 2.127          ; High Pulse Width ; clk   ; Rise       ; altsyncram:hidden_rtl_0|altsyncram_4og1:auto_generated|ram_block1a0~porta_datain_reg25  ;
; 97.873 ; 100.000      ; 2.127          ; Low Pulse Width  ; clk   ; Rise       ; altsyncram:hidden_rtl_0|altsyncram_4og1:auto_generated|ram_block1a0~porta_datain_reg25  ;
; 97.873 ; 100.000      ; 2.127          ; High Pulse Width ; clk   ; Rise       ; altsyncram:hidden_rtl_0|altsyncram_4og1:auto_generated|ram_block1a0~porta_datain_reg26  ;
; 97.873 ; 100.000      ; 2.127          ; Low Pulse Width  ; clk   ; Rise       ; altsyncram:hidden_rtl_0|altsyncram_4og1:auto_generated|ram_block1a0~porta_datain_reg26  ;
; 97.873 ; 100.000      ; 2.127          ; High Pulse Width ; clk   ; Rise       ; altsyncram:hidden_rtl_0|altsyncram_4og1:auto_generated|ram_block1a0~porta_datain_reg3   ;
; 97.873 ; 100.000      ; 2.127          ; Low Pulse Width  ; clk   ; Rise       ; altsyncram:hidden_rtl_0|altsyncram_4og1:auto_generated|ram_block1a0~porta_datain_reg3   ;
; 97.873 ; 100.000      ; 2.127          ; High Pulse Width ; clk   ; Rise       ; altsyncram:hidden_rtl_0|altsyncram_4og1:auto_generated|ram_block1a0~porta_datain_reg4   ;
; 97.873 ; 100.000      ; 2.127          ; Low Pulse Width  ; clk   ; Rise       ; altsyncram:hidden_rtl_0|altsyncram_4og1:auto_generated|ram_block1a0~porta_datain_reg4   ;
; 97.873 ; 100.000      ; 2.127          ; High Pulse Width ; clk   ; Rise       ; altsyncram:hidden_rtl_0|altsyncram_4og1:auto_generated|ram_block1a0~porta_datain_reg5   ;
; 97.873 ; 100.000      ; 2.127          ; Low Pulse Width  ; clk   ; Rise       ; altsyncram:hidden_rtl_0|altsyncram_4og1:auto_generated|ram_block1a0~porta_datain_reg5   ;
; 97.873 ; 100.000      ; 2.127          ; High Pulse Width ; clk   ; Rise       ; altsyncram:hidden_rtl_0|altsyncram_4og1:auto_generated|ram_block1a0~porta_datain_reg6   ;
; 97.873 ; 100.000      ; 2.127          ; Low Pulse Width  ; clk   ; Rise       ; altsyncram:hidden_rtl_0|altsyncram_4og1:auto_generated|ram_block1a0~porta_datain_reg6   ;
; 97.873 ; 100.000      ; 2.127          ; High Pulse Width ; clk   ; Rise       ; altsyncram:hidden_rtl_0|altsyncram_4og1:auto_generated|ram_block1a0~porta_datain_reg7   ;
; 97.873 ; 100.000      ; 2.127          ; Low Pulse Width  ; clk   ; Rise       ; altsyncram:hidden_rtl_0|altsyncram_4og1:auto_generated|ram_block1a0~porta_datain_reg7   ;
; 97.873 ; 100.000      ; 2.127          ; High Pulse Width ; clk   ; Rise       ; altsyncram:hidden_rtl_0|altsyncram_4og1:auto_generated|ram_block1a0~porta_datain_reg8   ;
; 97.873 ; 100.000      ; 2.127          ; Low Pulse Width  ; clk   ; Rise       ; altsyncram:hidden_rtl_0|altsyncram_4og1:auto_generated|ram_block1a0~porta_datain_reg8   ;
; 97.873 ; 100.000      ; 2.127          ; High Pulse Width ; clk   ; Rise       ; altsyncram:hidden_rtl_0|altsyncram_4og1:auto_generated|ram_block1a0~porta_datain_reg9   ;
; 97.873 ; 100.000      ; 2.127          ; Low Pulse Width  ; clk   ; Rise       ; altsyncram:hidden_rtl_0|altsyncram_4og1:auto_generated|ram_block1a0~porta_datain_reg9   ;
; 97.873 ; 100.000      ; 2.127          ; High Pulse Width ; clk   ; Rise       ; altsyncram:hidden_rtl_0|altsyncram_4og1:auto_generated|ram_block1a0~porta_memory_reg0   ;
; 97.873 ; 100.000      ; 2.127          ; Low Pulse Width  ; clk   ; Rise       ; altsyncram:hidden_rtl_0|altsyncram_4og1:auto_generated|ram_block1a0~porta_memory_reg0   ;
; 97.873 ; 100.000      ; 2.127          ; High Pulse Width ; clk   ; Rise       ; altsyncram:hidden_rtl_0|altsyncram_4og1:auto_generated|ram_block1a0~porta_we_reg        ;
; 97.873 ; 100.000      ; 2.127          ; Low Pulse Width  ; clk   ; Rise       ; altsyncram:hidden_rtl_0|altsyncram_4og1:auto_generated|ram_block1a0~porta_we_reg        ;
; 97.873 ; 100.000      ; 2.127          ; High Pulse Width ; clk   ; Rise       ; altsyncram:hidden_rtl_0|altsyncram_4og1:auto_generated|ram_block1a0~portb_address_reg0  ;
; 97.873 ; 100.000      ; 2.127          ; Low Pulse Width  ; clk   ; Rise       ; altsyncram:hidden_rtl_0|altsyncram_4og1:auto_generated|ram_block1a0~portb_address_reg0  ;
; 97.873 ; 100.000      ; 2.127          ; High Pulse Width ; clk   ; Rise       ; altsyncram:hidden_rtl_0|altsyncram_4og1:auto_generated|ram_block1a0~portb_address_reg1  ;
; 97.873 ; 100.000      ; 2.127          ; Low Pulse Width  ; clk   ; Rise       ; altsyncram:hidden_rtl_0|altsyncram_4og1:auto_generated|ram_block1a0~portb_address_reg1  ;
; 97.873 ; 100.000      ; 2.127          ; High Pulse Width ; clk   ; Rise       ; altsyncram:hidden_rtl_0|altsyncram_4og1:auto_generated|ram_block1a0~portb_address_reg2  ;
; 97.873 ; 100.000      ; 2.127          ; Low Pulse Width  ; clk   ; Rise       ; altsyncram:hidden_rtl_0|altsyncram_4og1:auto_generated|ram_block1a0~portb_address_reg2  ;
; 97.873 ; 100.000      ; 2.127          ; High Pulse Width ; clk   ; Rise       ; altsyncram:hidden_rtl_0|altsyncram_4og1:auto_generated|ram_block1a0~portb_address_reg3  ;
; 97.873 ; 100.000      ; 2.127          ; Low Pulse Width  ; clk   ; Rise       ; altsyncram:hidden_rtl_0|altsyncram_4og1:auto_generated|ram_block1a0~portb_address_reg3  ;
; 97.873 ; 100.000      ; 2.127          ; High Pulse Width ; clk   ; Rise       ; altsyncram:hidden_rtl_0|altsyncram_4og1:auto_generated|ram_block1a0~portb_address_reg4  ;
; 97.873 ; 100.000      ; 2.127          ; Low Pulse Width  ; clk   ; Rise       ; altsyncram:hidden_rtl_0|altsyncram_4og1:auto_generated|ram_block1a0~portb_address_reg4  ;
; 97.873 ; 100.000      ; 2.127          ; High Pulse Width ; clk   ; Rise       ; altsyncram:hidden_rtl_0|altsyncram_4og1:auto_generated|ram_block1a10~porta_memory_reg0  ;
; 97.873 ; 100.000      ; 2.127          ; Low Pulse Width  ; clk   ; Rise       ; altsyncram:hidden_rtl_0|altsyncram_4og1:auto_generated|ram_block1a10~porta_memory_reg0  ;
; 97.873 ; 100.000      ; 2.127          ; High Pulse Width ; clk   ; Rise       ; altsyncram:hidden_rtl_0|altsyncram_4og1:auto_generated|ram_block1a11~porta_memory_reg0  ;
; 97.873 ; 100.000      ; 2.127          ; Low Pulse Width  ; clk   ; Rise       ; altsyncram:hidden_rtl_0|altsyncram_4og1:auto_generated|ram_block1a11~porta_memory_reg0  ;
; 97.873 ; 100.000      ; 2.127          ; High Pulse Width ; clk   ; Rise       ; altsyncram:hidden_rtl_0|altsyncram_4og1:auto_generated|ram_block1a12~porta_memory_reg0  ;
; 97.873 ; 100.000      ; 2.127          ; Low Pulse Width  ; clk   ; Rise       ; altsyncram:hidden_rtl_0|altsyncram_4og1:auto_generated|ram_block1a12~porta_memory_reg0  ;
; 97.873 ; 100.000      ; 2.127          ; High Pulse Width ; clk   ; Rise       ; altsyncram:hidden_rtl_0|altsyncram_4og1:auto_generated|ram_block1a13~porta_memory_reg0  ;
; 97.873 ; 100.000      ; 2.127          ; Low Pulse Width  ; clk   ; Rise       ; altsyncram:hidden_rtl_0|altsyncram_4og1:auto_generated|ram_block1a13~porta_memory_reg0  ;
; 97.873 ; 100.000      ; 2.127          ; High Pulse Width ; clk   ; Rise       ; altsyncram:hidden_rtl_0|altsyncram_4og1:auto_generated|ram_block1a14~porta_memory_reg0  ;
; 97.873 ; 100.000      ; 2.127          ; Low Pulse Width  ; clk   ; Rise       ; altsyncram:hidden_rtl_0|altsyncram_4og1:auto_generated|ram_block1a14~porta_memory_reg0  ;
; 97.873 ; 100.000      ; 2.127          ; High Pulse Width ; clk   ; Rise       ; altsyncram:hidden_rtl_0|altsyncram_4og1:auto_generated|ram_block1a15~porta_memory_reg0  ;
; 97.873 ; 100.000      ; 2.127          ; Low Pulse Width  ; clk   ; Rise       ; altsyncram:hidden_rtl_0|altsyncram_4og1:auto_generated|ram_block1a15~porta_memory_reg0  ;
; 97.873 ; 100.000      ; 2.127          ; High Pulse Width ; clk   ; Rise       ; altsyncram:hidden_rtl_0|altsyncram_4og1:auto_generated|ram_block1a16~porta_memory_reg0  ;
; 97.873 ; 100.000      ; 2.127          ; Low Pulse Width  ; clk   ; Rise       ; altsyncram:hidden_rtl_0|altsyncram_4og1:auto_generated|ram_block1a16~porta_memory_reg0  ;
; 97.873 ; 100.000      ; 2.127          ; High Pulse Width ; clk   ; Rise       ; altsyncram:hidden_rtl_0|altsyncram_4og1:auto_generated|ram_block1a17~porta_memory_reg0  ;
; 97.873 ; 100.000      ; 2.127          ; Low Pulse Width  ; clk   ; Rise       ; altsyncram:hidden_rtl_0|altsyncram_4og1:auto_generated|ram_block1a17~porta_memory_reg0  ;
; 97.873 ; 100.000      ; 2.127          ; High Pulse Width ; clk   ; Rise       ; altsyncram:hidden_rtl_0|altsyncram_4og1:auto_generated|ram_block1a18~porta_address_reg0 ;
; 97.873 ; 100.000      ; 2.127          ; Low Pulse Width  ; clk   ; Rise       ; altsyncram:hidden_rtl_0|altsyncram_4og1:auto_generated|ram_block1a18~porta_address_reg0 ;
; 97.873 ; 100.000      ; 2.127          ; High Pulse Width ; clk   ; Rise       ; altsyncram:hidden_rtl_0|altsyncram_4og1:auto_generated|ram_block1a18~porta_address_reg1 ;
; 97.873 ; 100.000      ; 2.127          ; Low Pulse Width  ; clk   ; Rise       ; altsyncram:hidden_rtl_0|altsyncram_4og1:auto_generated|ram_block1a18~porta_address_reg1 ;
; 97.873 ; 100.000      ; 2.127          ; High Pulse Width ; clk   ; Rise       ; altsyncram:hidden_rtl_0|altsyncram_4og1:auto_generated|ram_block1a18~porta_address_reg2 ;
; 97.873 ; 100.000      ; 2.127          ; Low Pulse Width  ; clk   ; Rise       ; altsyncram:hidden_rtl_0|altsyncram_4og1:auto_generated|ram_block1a18~porta_address_reg2 ;
+--------+--------------+----------------+------------------+-------+------------+-----------------------------------------------------------------------------------------+


+-----------------------------------------------------------------------------------+
; Setup Times                                                                       ;
+-----------------------+------------+-------+-------+------------+-----------------+
; Data Port             ; Clock Port ; Rise  ; Fall  ; Clock Edge ; Clock Reference ;
+-----------------------+------------+-------+-------+------------+-----------------+
; input_frame_error     ; clk        ; 2.876 ; 2.876 ; Rise       ; clk             ;
; input_frame_last      ; clk        ; 2.688 ; 2.688 ; Rise       ; clk             ;
; input_frame_valid     ; clk        ; 2.570 ; 2.570 ; Rise       ; clk             ;
; input_pixel[*]        ; clk        ; 2.352 ; 2.352 ; Rise       ; clk             ;
;  input_pixel[0]       ; clk        ; 0.177 ; 0.177 ; Rise       ; clk             ;
;  input_pixel[1]       ; clk        ; 2.005 ; 2.005 ; Rise       ; clk             ;
;  input_pixel[2]       ; clk        ; 2.352 ; 2.352 ; Rise       ; clk             ;
;  input_pixel[3]       ; clk        ; 2.126 ; 2.126 ; Rise       ; clk             ;
; input_pixel_index[*]  ; clk        ; 5.421 ; 5.421 ; Rise       ; clk             ;
;  input_pixel_index[0] ; clk        ; 5.317 ; 5.317 ; Rise       ; clk             ;
;  input_pixel_index[1] ; clk        ; 5.335 ; 5.335 ; Rise       ; clk             ;
;  input_pixel_index[2] ; clk        ; 5.128 ; 5.128 ; Rise       ; clk             ;
;  input_pixel_index[3] ; clk        ; 5.421 ; 5.421 ; Rise       ; clk             ;
;  input_pixel_index[4] ; clk        ; 3.108 ; 3.108 ; Rise       ; clk             ;
;  input_pixel_index[5] ; clk        ; 3.225 ; 3.225 ; Rise       ; clk             ;
;  input_pixel_index[6] ; clk        ; 5.173 ; 5.173 ; Rise       ; clk             ;
;  input_pixel_index[7] ; clk        ; 5.342 ; 5.342 ; Rise       ; clk             ;
; reset_n               ; clk        ; 2.995 ; 2.995 ; Rise       ; clk             ;
+-----------------------+------------+-------+-------+------------+-----------------+


+-------------------------------------------------------------------------------------+
; Hold Times                                                                          ;
+-----------------------+------------+--------+--------+------------+-----------------+
; Data Port             ; Clock Port ; Rise   ; Fall   ; Clock Edge ; Clock Reference ;
+-----------------------+------------+--------+--------+------------+-----------------+
; input_frame_error     ; clk        ; -0.118 ; -0.118 ; Rise       ; clk             ;
; input_frame_last      ; clk        ; -0.371 ; -0.371 ; Rise       ; clk             ;
; input_frame_valid     ; clk        ; 0.254  ; 0.254  ; Rise       ; clk             ;
; input_pixel[*]        ; clk        ; 0.085  ; 0.085  ; Rise       ; clk             ;
;  input_pixel[0]       ; clk        ; 0.085  ; 0.085  ; Rise       ; clk             ;
;  input_pixel[1]       ; clk        ; -1.851 ; -1.851 ; Rise       ; clk             ;
;  input_pixel[2]       ; clk        ; -2.101 ; -2.101 ; Rise       ; clk             ;
;  input_pixel[3]       ; clk        ; -1.755 ; -1.755 ; Rise       ; clk             ;
; input_pixel_index[*]  ; clk        ; 0.082  ; 0.082  ; Rise       ; clk             ;
;  input_pixel_index[0] ; clk        ; -2.121 ; -2.121 ; Rise       ; clk             ;
;  input_pixel_index[1] ; clk        ; -2.030 ; -2.030 ; Rise       ; clk             ;
;  input_pixel_index[2] ; clk        ; -1.910 ; -1.910 ; Rise       ; clk             ;
;  input_pixel_index[3] ; clk        ; -2.272 ; -2.272 ; Rise       ; clk             ;
;  input_pixel_index[4] ; clk        ; -0.115 ; -0.115 ; Rise       ; clk             ;
;  input_pixel_index[5] ; clk        ; 0.082  ; 0.082  ; Rise       ; clk             ;
;  input_pixel_index[6] ; clk        ; -1.914 ; -1.914 ; Rise       ; clk             ;
;  input_pixel_index[7] ; clk        ; -2.031 ; -2.031 ; Rise       ; clk             ;
; reset_n               ; clk        ; 0.556  ; 0.556  ; Rise       ; clk             ;
+-----------------------+------------+--------+--------+------------+-----------------+


+-----------------------------------------------------------------------------------+
; Clock to Output Times                                                             ;
+-----------------------+------------+-------+-------+------------+-----------------+
; Data Port             ; Clock Port ; Rise  ; Fall  ; Clock Edge ; Clock Reference ;
+-----------------------+------------+-------+-------+------------+-----------------+
; busy                  ; clk        ; 4.261 ; 4.261 ; Rise       ; clk             ;
; result_accepted       ; clk        ; 3.343 ; 3.343 ; Rise       ; clk             ;
; result_confidence[*]  ; clk        ; 3.579 ; 3.579 ; Rise       ; clk             ;
;  result_confidence[0] ; clk        ; 3.257 ; 3.257 ; Rise       ; clk             ;
;  result_confidence[1] ; clk        ; 3.427 ; 3.427 ; Rise       ; clk             ;
;  result_confidence[2] ; clk        ; 3.551 ; 3.551 ; Rise       ; clk             ;
;  result_confidence[3] ; clk        ; 3.416 ; 3.416 ; Rise       ; clk             ;
;  result_confidence[4] ; clk        ; 3.445 ; 3.445 ; Rise       ; clk             ;
;  result_confidence[5] ; clk        ; 3.563 ; 3.563 ; Rise       ; clk             ;
;  result_confidence[6] ; clk        ; 3.579 ; 3.579 ; Rise       ; clk             ;
;  result_confidence[7] ; clk        ; 3.551 ; 3.551 ; Rise       ; clk             ;
; result_cycles[*]      ; clk        ; 4.018 ; 4.018 ; Rise       ; clk             ;
;  result_cycles[0]     ; clk        ; 3.877 ; 3.877 ; Rise       ; clk             ;
;  result_cycles[1]     ; clk        ; 3.423 ; 3.423 ; Rise       ; clk             ;
;  result_cycles[2]     ; clk        ; 3.442 ; 3.442 ; Rise       ; clk             ;
;  result_cycles[3]     ; clk        ; 3.422 ; 3.422 ; Rise       ; clk             ;
;  result_cycles[4]     ; clk        ; 3.877 ; 3.877 ; Rise       ; clk             ;
;  result_cycles[5]     ; clk        ; 3.620 ; 3.620 ; Rise       ; clk             ;
;  result_cycles[6]     ; clk        ; 3.267 ; 3.267 ; Rise       ; clk             ;
;  result_cycles[7]     ; clk        ; 3.555 ; 3.555 ; Rise       ; clk             ;
;  result_cycles[8]     ; clk        ; 3.277 ; 3.277 ; Rise       ; clk             ;
;  result_cycles[9]     ; clk        ; 3.423 ; 3.423 ; Rise       ; clk             ;
;  result_cycles[10]    ; clk        ; 3.566 ; 3.566 ; Rise       ; clk             ;
;  result_cycles[11]    ; clk        ; 3.578 ; 3.578 ; Rise       ; clk             ;
;  result_cycles[12]    ; clk        ; 3.421 ; 3.421 ; Rise       ; clk             ;
;  result_cycles[13]    ; clk        ; 3.714 ; 3.714 ; Rise       ; clk             ;
;  result_cycles[14]    ; clk        ; 3.825 ; 3.825 ; Rise       ; clk             ;
;  result_cycles[15]    ; clk        ; 3.838 ; 3.838 ; Rise       ; clk             ;
;  result_cycles[16]    ; clk        ; 3.447 ; 3.447 ; Rise       ; clk             ;
;  result_cycles[17]    ; clk        ; 3.684 ; 3.684 ; Rise       ; clk             ;
;  result_cycles[18]    ; clk        ; 3.886 ; 3.886 ; Rise       ; clk             ;
;  result_cycles[19]    ; clk        ; 3.579 ; 3.579 ; Rise       ; clk             ;
;  result_cycles[20]    ; clk        ; 3.445 ; 3.445 ; Rise       ; clk             ;
;  result_cycles[21]    ; clk        ; 3.371 ; 3.371 ; Rise       ; clk             ;
;  result_cycles[22]    ; clk        ; 3.908 ; 3.908 ; Rise       ; clk             ;
;  result_cycles[23]    ; clk        ; 3.785 ; 3.785 ; Rise       ; clk             ;
;  result_cycles[24]    ; clk        ; 4.018 ; 4.018 ; Rise       ; clk             ;
;  result_cycles[25]    ; clk        ; 3.799 ; 3.799 ; Rise       ; clk             ;
;  result_cycles[26]    ; clk        ; 3.631 ; 3.631 ; Rise       ; clk             ;
;  result_cycles[27]    ; clk        ; 3.533 ; 3.533 ; Rise       ; clk             ;
;  result_cycles[28]    ; clk        ; 3.374 ; 3.374 ; Rise       ; clk             ;
;  result_cycles[29]    ; clk        ; 3.782 ; 3.782 ; Rise       ; clk             ;
;  result_cycles[30]    ; clk        ; 3.556 ; 3.556 ; Rise       ; clk             ;
;  result_cycles[31]    ; clk        ; 3.374 ; 3.374 ; Rise       ; clk             ;
; result_digit[*]       ; clk        ; 3.486 ; 3.486 ; Rise       ; clk             ;
;  result_digit[0]      ; clk        ; 3.437 ; 3.437 ; Rise       ; clk             ;
;  result_digit[1]      ; clk        ; 3.437 ; 3.437 ; Rise       ; clk             ;
;  result_digit[2]      ; clk        ; 3.486 ; 3.486 ; Rise       ; clk             ;
;  result_digit[3]      ; clk        ; 3.274 ; 3.274 ; Rise       ; clk             ;
; result_margin[*]      ; clk        ; 3.813 ; 3.813 ; Rise       ; clk             ;
;  result_margin[0]     ; clk        ; 3.590 ; 3.590 ; Rise       ; clk             ;
;  result_margin[1]     ; clk        ; 3.314 ; 3.314 ; Rise       ; clk             ;
;  result_margin[2]     ; clk        ; 3.489 ; 3.489 ; Rise       ; clk             ;
;  result_margin[3]     ; clk        ; 3.610 ; 3.610 ; Rise       ; clk             ;
;  result_margin[4]     ; clk        ; 3.304 ; 3.304 ; Rise       ; clk             ;
;  result_margin[5]     ; clk        ; 3.501 ; 3.501 ; Rise       ; clk             ;
;  result_margin[6]     ; clk        ; 3.371 ; 3.371 ; Rise       ; clk             ;
;  result_margin[7]     ; clk        ; 3.359 ; 3.359 ; Rise       ; clk             ;
;  result_margin[8]     ; clk        ; 3.230 ; 3.230 ; Rise       ; clk             ;
;  result_margin[9]     ; clk        ; 3.350 ; 3.350 ; Rise       ; clk             ;
;  result_margin[10]    ; clk        ; 3.374 ; 3.374 ; Rise       ; clk             ;
;  result_margin[11]    ; clk        ; 3.370 ; 3.370 ; Rise       ; clk             ;
;  result_margin[12]    ; clk        ; 3.357 ; 3.357 ; Rise       ; clk             ;
;  result_margin[13]    ; clk        ; 3.369 ; 3.369 ; Rise       ; clk             ;
;  result_margin[14]    ; clk        ; 3.394 ; 3.394 ; Rise       ; clk             ;
;  result_margin[15]    ; clk        ; 3.813 ; 3.813 ; Rise       ; clk             ;
; result_valid          ; clk        ; 3.644 ; 3.644 ; Rise       ; clk             ;
+-----------------------+------------+-------+-------+------------+-----------------+


+-----------------------------------------------------------------------------------+
; Minimum Clock to Output Times                                                     ;
+-----------------------+------------+-------+-------+------------+-----------------+
; Data Port             ; Clock Port ; Rise  ; Fall  ; Clock Edge ; Clock Reference ;
+-----------------------+------------+-------+-------+------------+-----------------+
; busy                  ; clk        ; 3.932 ; 3.932 ; Rise       ; clk             ;
; result_accepted       ; clk        ; 3.343 ; 3.343 ; Rise       ; clk             ;
; result_confidence[*]  ; clk        ; 3.257 ; 3.257 ; Rise       ; clk             ;
;  result_confidence[0] ; clk        ; 3.257 ; 3.257 ; Rise       ; clk             ;
;  result_confidence[1] ; clk        ; 3.427 ; 3.427 ; Rise       ; clk             ;
;  result_confidence[2] ; clk        ; 3.551 ; 3.551 ; Rise       ; clk             ;
;  result_confidence[3] ; clk        ; 3.416 ; 3.416 ; Rise       ; clk             ;
;  result_confidence[4] ; clk        ; 3.445 ; 3.445 ; Rise       ; clk             ;
;  result_confidence[5] ; clk        ; 3.563 ; 3.563 ; Rise       ; clk             ;
;  result_confidence[6] ; clk        ; 3.579 ; 3.579 ; Rise       ; clk             ;
;  result_confidence[7] ; clk        ; 3.551 ; 3.551 ; Rise       ; clk             ;
; result_cycles[*]      ; clk        ; 3.267 ; 3.267 ; Rise       ; clk             ;
;  result_cycles[0]     ; clk        ; 3.877 ; 3.877 ; Rise       ; clk             ;
;  result_cycles[1]     ; clk        ; 3.423 ; 3.423 ; Rise       ; clk             ;
;  result_cycles[2]     ; clk        ; 3.442 ; 3.442 ; Rise       ; clk             ;
;  result_cycles[3]     ; clk        ; 3.422 ; 3.422 ; Rise       ; clk             ;
;  result_cycles[4]     ; clk        ; 3.877 ; 3.877 ; Rise       ; clk             ;
;  result_cycles[5]     ; clk        ; 3.620 ; 3.620 ; Rise       ; clk             ;
;  result_cycles[6]     ; clk        ; 3.267 ; 3.267 ; Rise       ; clk             ;
;  result_cycles[7]     ; clk        ; 3.555 ; 3.555 ; Rise       ; clk             ;
;  result_cycles[8]     ; clk        ; 3.277 ; 3.277 ; Rise       ; clk             ;
;  result_cycles[9]     ; clk        ; 3.423 ; 3.423 ; Rise       ; clk             ;
;  result_cycles[10]    ; clk        ; 3.566 ; 3.566 ; Rise       ; clk             ;
;  result_cycles[11]    ; clk        ; 3.578 ; 3.578 ; Rise       ; clk             ;
;  result_cycles[12]    ; clk        ; 3.421 ; 3.421 ; Rise       ; clk             ;
;  result_cycles[13]    ; clk        ; 3.714 ; 3.714 ; Rise       ; clk             ;
;  result_cycles[14]    ; clk        ; 3.825 ; 3.825 ; Rise       ; clk             ;
;  result_cycles[15]    ; clk        ; 3.838 ; 3.838 ; Rise       ; clk             ;
;  result_cycles[16]    ; clk        ; 3.447 ; 3.447 ; Rise       ; clk             ;
;  result_cycles[17]    ; clk        ; 3.684 ; 3.684 ; Rise       ; clk             ;
;  result_cycles[18]    ; clk        ; 3.886 ; 3.886 ; Rise       ; clk             ;
;  result_cycles[19]    ; clk        ; 3.579 ; 3.579 ; Rise       ; clk             ;
;  result_cycles[20]    ; clk        ; 3.445 ; 3.445 ; Rise       ; clk             ;
;  result_cycles[21]    ; clk        ; 3.371 ; 3.371 ; Rise       ; clk             ;
;  result_cycles[22]    ; clk        ; 3.908 ; 3.908 ; Rise       ; clk             ;
;  result_cycles[23]    ; clk        ; 3.785 ; 3.785 ; Rise       ; clk             ;
;  result_cycles[24]    ; clk        ; 4.018 ; 4.018 ; Rise       ; clk             ;
;  result_cycles[25]    ; clk        ; 3.799 ; 3.799 ; Rise       ; clk             ;
;  result_cycles[26]    ; clk        ; 3.631 ; 3.631 ; Rise       ; clk             ;
;  result_cycles[27]    ; clk        ; 3.533 ; 3.533 ; Rise       ; clk             ;
;  result_cycles[28]    ; clk        ; 3.374 ; 3.374 ; Rise       ; clk             ;
;  result_cycles[29]    ; clk        ; 3.782 ; 3.782 ; Rise       ; clk             ;
;  result_cycles[30]    ; clk        ; 3.556 ; 3.556 ; Rise       ; clk             ;
;  result_cycles[31]    ; clk        ; 3.374 ; 3.374 ; Rise       ; clk             ;
; result_digit[*]       ; clk        ; 3.274 ; 3.274 ; Rise       ; clk             ;
;  result_digit[0]      ; clk        ; 3.437 ; 3.437 ; Rise       ; clk             ;
;  result_digit[1]      ; clk        ; 3.437 ; 3.437 ; Rise       ; clk             ;
;  result_digit[2]      ; clk        ; 3.486 ; 3.486 ; Rise       ; clk             ;
;  result_digit[3]      ; clk        ; 3.274 ; 3.274 ; Rise       ; clk             ;
; result_margin[*]      ; clk        ; 3.230 ; 3.230 ; Rise       ; clk             ;
;  result_margin[0]     ; clk        ; 3.590 ; 3.590 ; Rise       ; clk             ;
;  result_margin[1]     ; clk        ; 3.314 ; 3.314 ; Rise       ; clk             ;
;  result_margin[2]     ; clk        ; 3.489 ; 3.489 ; Rise       ; clk             ;
;  result_margin[3]     ; clk        ; 3.610 ; 3.610 ; Rise       ; clk             ;
;  result_margin[4]     ; clk        ; 3.304 ; 3.304 ; Rise       ; clk             ;
;  result_margin[5]     ; clk        ; 3.501 ; 3.501 ; Rise       ; clk             ;
;  result_margin[6]     ; clk        ; 3.371 ; 3.371 ; Rise       ; clk             ;
;  result_margin[7]     ; clk        ; 3.359 ; 3.359 ; Rise       ; clk             ;
;  result_margin[8]     ; clk        ; 3.230 ; 3.230 ; Rise       ; clk             ;
;  result_margin[9]     ; clk        ; 3.350 ; 3.350 ; Rise       ; clk             ;
;  result_margin[10]    ; clk        ; 3.374 ; 3.374 ; Rise       ; clk             ;
;  result_margin[11]    ; clk        ; 3.370 ; 3.370 ; Rise       ; clk             ;
;  result_margin[12]    ; clk        ; 3.357 ; 3.357 ; Rise       ; clk             ;
;  result_margin[13]    ; clk        ; 3.369 ; 3.369 ; Rise       ; clk             ;
;  result_margin[14]    ; clk        ; 3.394 ; 3.394 ; Rise       ; clk             ;
;  result_margin[15]    ; clk        ; 3.813 ; 3.813 ; Rise       ; clk             ;
; result_valid          ; clk        ; 3.644 ; 3.644 ; Rise       ; clk             ;
+-----------------------+------------+-------+-------+------------+-----------------+


+------------------------------------------------------------------------------+
; Multicorner Timing Analysis Summary                                          ;
+------------------+--------+-------+----------+---------+---------------------+
; Clock            ; Setup  ; Hold  ; Recovery ; Removal ; Minimum Pulse Width ;
+------------------+--------+-------+----------+---------+---------------------+
; Worst-case Slack ; 71.355 ; 0.215 ; N/A      ; N/A     ; 96.933              ;
;  clk             ; 71.355 ; 0.215 ; N/A      ; N/A     ; 96.933              ;
; Design-wide TNS  ; 0.0    ; 0.0   ; 0.0      ; 0.0     ; 0.0                 ;
;  clk             ; 0.000  ; 0.000 ; N/A      ; N/A     ; 0.000               ;
+------------------+--------+-------+----------+---------+---------------------+


+-------------------------------------------------------------------------------------+
; Setup Times                                                                         ;
+-----------------------+------------+--------+--------+------------+-----------------+
; Data Port             ; Clock Port ; Rise   ; Fall   ; Clock Edge ; Clock Reference ;
+-----------------------+------------+--------+--------+------------+-----------------+
; input_frame_error     ; clk        ; 9.681  ; 9.681  ; Rise       ; clk             ;
; input_frame_last      ; clk        ; 9.517  ; 9.517  ; Rise       ; clk             ;
; input_frame_valid     ; clk        ; 9.095  ; 9.095  ; Rise       ; clk             ;
; input_pixel[*]        ; clk        ; 5.450  ; 5.450  ; Rise       ; clk             ;
;  input_pixel[0]       ; clk        ; 1.596  ; 1.596  ; Rise       ; clk             ;
;  input_pixel[1]       ; clk        ; 4.502  ; 4.502  ; Rise       ; clk             ;
;  input_pixel[2]       ; clk        ; 5.450  ; 5.450  ; Rise       ; clk             ;
;  input_pixel[3]       ; clk        ; 4.697  ; 4.697  ; Rise       ; clk             ;
; input_pixel_index[*]  ; clk        ; 15.340 ; 15.340 ; Rise       ; clk             ;
;  input_pixel_index[0] ; clk        ; 15.023 ; 15.023 ; Rise       ; clk             ;
;  input_pixel_index[1] ; clk        ; 15.082 ; 15.082 ; Rise       ; clk             ;
;  input_pixel_index[2] ; clk        ; 14.404 ; 14.404 ; Rise       ; clk             ;
;  input_pixel_index[3] ; clk        ; 15.340 ; 15.340 ; Rise       ; clk             ;
;  input_pixel_index[4] ; clk        ; 10.727 ; 10.727 ; Rise       ; clk             ;
;  input_pixel_index[5] ; clk        ; 11.205 ; 11.205 ; Rise       ; clk             ;
;  input_pixel_index[6] ; clk        ; 14.476 ; 14.476 ; Rise       ; clk             ;
;  input_pixel_index[7] ; clk        ; 15.099 ; 15.099 ; Rise       ; clk             ;
; reset_n               ; clk        ; 10.034 ; 10.034 ; Rise       ; clk             ;
+-----------------------+------------+--------+--------+------------+-----------------+


+-------------------------------------------------------------------------------------+
; Hold Times                                                                          ;
+-----------------------+------------+--------+--------+------------+-----------------+
; Data Port             ; Clock Port ; Rise   ; Fall   ; Clock Edge ; Clock Reference ;
+-----------------------+------------+--------+--------+------------+-----------------+
; input_frame_error     ; clk        ; -0.118 ; -0.118 ; Rise       ; clk             ;
; input_frame_last      ; clk        ; -0.371 ; -0.371 ; Rise       ; clk             ;
; input_frame_valid     ; clk        ; 0.254  ; 0.254  ; Rise       ; clk             ;
; input_pixel[*]        ; clk        ; 0.085  ; 0.085  ; Rise       ; clk             ;
;  input_pixel[0]       ; clk        ; 0.085  ; 0.085  ; Rise       ; clk             ;
;  input_pixel[1]       ; clk        ; -1.851 ; -1.851 ; Rise       ; clk             ;
;  input_pixel[2]       ; clk        ; -2.101 ; -2.101 ; Rise       ; clk             ;
;  input_pixel[3]       ; clk        ; -1.755 ; -1.755 ; Rise       ; clk             ;
; input_pixel_index[*]  ; clk        ; 0.082  ; 0.082  ; Rise       ; clk             ;
;  input_pixel_index[0] ; clk        ; -2.121 ; -2.121 ; Rise       ; clk             ;
;  input_pixel_index[1] ; clk        ; -2.030 ; -2.030 ; Rise       ; clk             ;
;  input_pixel_index[2] ; clk        ; -1.910 ; -1.910 ; Rise       ; clk             ;
;  input_pixel_index[3] ; clk        ; -2.272 ; -2.272 ; Rise       ; clk             ;
;  input_pixel_index[4] ; clk        ; -0.115 ; -0.115 ; Rise       ; clk             ;
;  input_pixel_index[5] ; clk        ; 0.082  ; 0.082  ; Rise       ; clk             ;
;  input_pixel_index[6] ; clk        ; -1.914 ; -1.914 ; Rise       ; clk             ;
;  input_pixel_index[7] ; clk        ; -2.031 ; -2.031 ; Rise       ; clk             ;
; reset_n               ; clk        ; 0.810  ; 0.810  ; Rise       ; clk             ;
+-----------------------+------------+--------+--------+------------+-----------------+


+-----------------------------------------------------------------------------------+
; Clock to Output Times                                                             ;
+-----------------------+------------+-------+-------+------------+-----------------+
; Data Port             ; Clock Port ; Rise  ; Fall  ; Clock Edge ; Clock Reference ;
+-----------------------+------------+-------+-------+------------+-----------------+
; busy                  ; clk        ; 9.757 ; 9.757 ; Rise       ; clk             ;
; result_accepted       ; clk        ; 7.121 ; 7.121 ; Rise       ; clk             ;
; result_confidence[*]  ; clk        ; 7.664 ; 7.664 ; Rise       ; clk             ;
;  result_confidence[0] ; clk        ; 6.804 ; 6.804 ; Rise       ; clk             ;
;  result_confidence[1] ; clk        ; 7.208 ; 7.208 ; Rise       ; clk             ;
;  result_confidence[2] ; clk        ; 7.595 ; 7.595 ; Rise       ; clk             ;
;  result_confidence[3] ; clk        ; 7.196 ; 7.196 ; Rise       ; clk             ;
;  result_confidence[4] ; clk        ; 7.225 ; 7.225 ; Rise       ; clk             ;
;  result_confidence[5] ; clk        ; 7.626 ; 7.626 ; Rise       ; clk             ;
;  result_confidence[6] ; clk        ; 7.664 ; 7.664 ; Rise       ; clk             ;
;  result_confidence[7] ; clk        ; 7.594 ; 7.594 ; Rise       ; clk             ;
; result_cycles[*]      ; clk        ; 8.913 ; 8.913 ; Rise       ; clk             ;
;  result_cycles[0]     ; clk        ; 8.348 ; 8.348 ; Rise       ; clk             ;
;  result_cycles[1]     ; clk        ; 7.207 ; 7.207 ; Rise       ; clk             ;
;  result_cycles[2]     ; clk        ; 7.221 ; 7.221 ; Rise       ; clk             ;
;  result_cycles[3]     ; clk        ; 7.205 ; 7.205 ; Rise       ; clk             ;
;  result_cycles[4]     ; clk        ; 8.349 ; 8.349 ; Rise       ; clk             ;
;  result_cycles[5]     ; clk        ; 7.891 ; 7.891 ; Rise       ; clk             ;
;  result_cycles[6]     ; clk        ; 6.830 ; 6.830 ; Rise       ; clk             ;
;  result_cycles[7]     ; clk        ; 7.533 ; 7.533 ; Rise       ; clk             ;
;  result_cycles[8]     ; clk        ; 6.840 ; 6.840 ; Rise       ; clk             ;
;  result_cycles[9]     ; clk        ; 7.205 ; 7.205 ; Rise       ; clk             ;
;  result_cycles[10]    ; clk        ; 7.545 ; 7.545 ; Rise       ; clk             ;
;  result_cycles[11]    ; clk        ; 7.561 ; 7.561 ; Rise       ; clk             ;
;  result_cycles[12]    ; clk        ; 7.201 ; 7.201 ; Rise       ; clk             ;
;  result_cycles[13]    ; clk        ; 7.970 ; 7.970 ; Rise       ; clk             ;
;  result_cycles[14]    ; clk        ; 8.137 ; 8.137 ; Rise       ; clk             ;
;  result_cycles[15]    ; clk        ; 8.161 ; 8.161 ; Rise       ; clk             ;
;  result_cycles[16]    ; clk        ; 7.245 ; 7.245 ; Rise       ; clk             ;
;  result_cycles[17]    ; clk        ; 7.999 ; 7.999 ; Rise       ; clk             ;
;  result_cycles[18]    ; clk        ; 8.560 ; 8.560 ; Rise       ; clk             ;
;  result_cycles[19]    ; clk        ; 7.566 ; 7.566 ; Rise       ; clk             ;
;  result_cycles[20]    ; clk        ; 7.239 ; 7.239 ; Rise       ; clk             ;
;  result_cycles[21]    ; clk        ; 7.202 ; 7.202 ; Rise       ; clk             ;
;  result_cycles[22]    ; clk        ; 8.406 ; 8.406 ; Rise       ; clk             ;
;  result_cycles[23]    ; clk        ; 8.012 ; 8.012 ; Rise       ; clk             ;
;  result_cycles[24]    ; clk        ; 8.913 ; 8.913 ; Rise       ; clk             ;
;  result_cycles[25]    ; clk        ; 8.041 ; 8.041 ; Rise       ; clk             ;
;  result_cycles[26]    ; clk        ; 7.917 ; 7.917 ; Rise       ; clk             ;
;  result_cycles[27]    ; clk        ; 7.577 ; 7.577 ; Rise       ; clk             ;
;  result_cycles[28]    ; clk        ; 7.208 ; 7.208 ; Rise       ; clk             ;
;  result_cycles[29]    ; clk        ; 8.007 ; 8.007 ; Rise       ; clk             ;
;  result_cycles[30]    ; clk        ; 7.534 ; 7.534 ; Rise       ; clk             ;
;  result_cycles[31]    ; clk        ; 7.207 ; 7.207 ; Rise       ; clk             ;
; result_digit[*]       ; clk        ; 7.309 ; 7.309 ; Rise       ; clk             ;
;  result_digit[0]      ; clk        ; 7.218 ; 7.218 ; Rise       ; clk             ;
;  result_digit[1]      ; clk        ; 7.219 ; 7.219 ; Rise       ; clk             ;
;  result_digit[2]      ; clk        ; 7.309 ; 7.309 ; Rise       ; clk             ;
;  result_digit[3]      ; clk        ; 6.848 ; 6.848 ; Rise       ; clk             ;
; result_margin[*]      ; clk        ; 8.397 ; 8.397 ; Rise       ; clk             ;
;  result_margin[0]     ; clk        ; 7.677 ; 7.677 ; Rise       ; clk             ;
;  result_margin[1]     ; clk        ; 7.089 ; 7.089 ; Rise       ; clk             ;
;  result_margin[2]     ; clk        ; 7.579 ; 7.579 ; Rise       ; clk             ;
;  result_margin[3]     ; clk        ; 7.744 ; 7.744 ; Rise       ; clk             ;
;  result_margin[4]     ; clk        ; 7.071 ; 7.071 ; Rise       ; clk             ;
;  result_margin[5]     ; clk        ; 7.389 ; 7.389 ; Rise       ; clk             ;
;  result_margin[6]     ; clk        ; 7.224 ; 7.224 ; Rise       ; clk             ;
;  result_margin[7]     ; clk        ; 7.188 ; 7.188 ; Rise       ; clk             ;
;  result_margin[8]     ; clk        ; 6.784 ; 6.784 ; Rise       ; clk             ;
;  result_margin[9]     ; clk        ; 7.181 ; 7.181 ; Rise       ; clk             ;
;  result_margin[10]    ; clk        ; 7.224 ; 7.224 ; Rise       ; clk             ;
;  result_margin[11]    ; clk        ; 7.203 ; 7.203 ; Rise       ; clk             ;
;  result_margin[12]    ; clk        ; 7.186 ; 7.186 ; Rise       ; clk             ;
;  result_margin[13]    ; clk        ; 7.219 ; 7.219 ; Rise       ; clk             ;
;  result_margin[14]    ; clk        ; 7.250 ; 7.250 ; Rise       ; clk             ;
;  result_margin[15]    ; clk        ; 8.397 ; 8.397 ; Rise       ; clk             ;
; result_valid          ; clk        ; 7.929 ; 7.929 ; Rise       ; clk             ;
+-----------------------+------------+-------+-------+------------+-----------------+


+-----------------------------------------------------------------------------------+
; Minimum Clock to Output Times                                                     ;
+-----------------------+------------+-------+-------+------------+-----------------+
; Data Port             ; Clock Port ; Rise  ; Fall  ; Clock Edge ; Clock Reference ;
+-----------------------+------------+-------+-------+------------+-----------------+
; busy                  ; clk        ; 3.932 ; 3.932 ; Rise       ; clk             ;
; result_accepted       ; clk        ; 3.343 ; 3.343 ; Rise       ; clk             ;
; result_confidence[*]  ; clk        ; 3.257 ; 3.257 ; Rise       ; clk             ;
;  result_confidence[0] ; clk        ; 3.257 ; 3.257 ; Rise       ; clk             ;
;  result_confidence[1] ; clk        ; 3.427 ; 3.427 ; Rise       ; clk             ;
;  result_confidence[2] ; clk        ; 3.551 ; 3.551 ; Rise       ; clk             ;
;  result_confidence[3] ; clk        ; 3.416 ; 3.416 ; Rise       ; clk             ;
;  result_confidence[4] ; clk        ; 3.445 ; 3.445 ; Rise       ; clk             ;
;  result_confidence[5] ; clk        ; 3.563 ; 3.563 ; Rise       ; clk             ;
;  result_confidence[6] ; clk        ; 3.579 ; 3.579 ; Rise       ; clk             ;
;  result_confidence[7] ; clk        ; 3.551 ; 3.551 ; Rise       ; clk             ;
; result_cycles[*]      ; clk        ; 3.267 ; 3.267 ; Rise       ; clk             ;
;  result_cycles[0]     ; clk        ; 3.877 ; 3.877 ; Rise       ; clk             ;
;  result_cycles[1]     ; clk        ; 3.423 ; 3.423 ; Rise       ; clk             ;
;  result_cycles[2]     ; clk        ; 3.442 ; 3.442 ; Rise       ; clk             ;
;  result_cycles[3]     ; clk        ; 3.422 ; 3.422 ; Rise       ; clk             ;
;  result_cycles[4]     ; clk        ; 3.877 ; 3.877 ; Rise       ; clk             ;
;  result_cycles[5]     ; clk        ; 3.620 ; 3.620 ; Rise       ; clk             ;
;  result_cycles[6]     ; clk        ; 3.267 ; 3.267 ; Rise       ; clk             ;
;  result_cycles[7]     ; clk        ; 3.555 ; 3.555 ; Rise       ; clk             ;
;  result_cycles[8]     ; clk        ; 3.277 ; 3.277 ; Rise       ; clk             ;
;  result_cycles[9]     ; clk        ; 3.423 ; 3.423 ; Rise       ; clk             ;
;  result_cycles[10]    ; clk        ; 3.566 ; 3.566 ; Rise       ; clk             ;
;  result_cycles[11]    ; clk        ; 3.578 ; 3.578 ; Rise       ; clk             ;
;  result_cycles[12]    ; clk        ; 3.421 ; 3.421 ; Rise       ; clk             ;
;  result_cycles[13]    ; clk        ; 3.714 ; 3.714 ; Rise       ; clk             ;
;  result_cycles[14]    ; clk        ; 3.825 ; 3.825 ; Rise       ; clk             ;
;  result_cycles[15]    ; clk        ; 3.838 ; 3.838 ; Rise       ; clk             ;
;  result_cycles[16]    ; clk        ; 3.447 ; 3.447 ; Rise       ; clk             ;
;  result_cycles[17]    ; clk        ; 3.684 ; 3.684 ; Rise       ; clk             ;
;  result_cycles[18]    ; clk        ; 3.886 ; 3.886 ; Rise       ; clk             ;
;  result_cycles[19]    ; clk        ; 3.579 ; 3.579 ; Rise       ; clk             ;
;  result_cycles[20]    ; clk        ; 3.445 ; 3.445 ; Rise       ; clk             ;
;  result_cycles[21]    ; clk        ; 3.371 ; 3.371 ; Rise       ; clk             ;
;  result_cycles[22]    ; clk        ; 3.908 ; 3.908 ; Rise       ; clk             ;
;  result_cycles[23]    ; clk        ; 3.785 ; 3.785 ; Rise       ; clk             ;
;  result_cycles[24]    ; clk        ; 4.018 ; 4.018 ; Rise       ; clk             ;
;  result_cycles[25]    ; clk        ; 3.799 ; 3.799 ; Rise       ; clk             ;
;  result_cycles[26]    ; clk        ; 3.631 ; 3.631 ; Rise       ; clk             ;
;  result_cycles[27]    ; clk        ; 3.533 ; 3.533 ; Rise       ; clk             ;
;  result_cycles[28]    ; clk        ; 3.374 ; 3.374 ; Rise       ; clk             ;
;  result_cycles[29]    ; clk        ; 3.782 ; 3.782 ; Rise       ; clk             ;
;  result_cycles[30]    ; clk        ; 3.556 ; 3.556 ; Rise       ; clk             ;
;  result_cycles[31]    ; clk        ; 3.374 ; 3.374 ; Rise       ; clk             ;
; result_digit[*]       ; clk        ; 3.274 ; 3.274 ; Rise       ; clk             ;
;  result_digit[0]      ; clk        ; 3.437 ; 3.437 ; Rise       ; clk             ;
;  result_digit[1]      ; clk        ; 3.437 ; 3.437 ; Rise       ; clk             ;
;  result_digit[2]      ; clk        ; 3.486 ; 3.486 ; Rise       ; clk             ;
;  result_digit[3]      ; clk        ; 3.274 ; 3.274 ; Rise       ; clk             ;
; result_margin[*]      ; clk        ; 3.230 ; 3.230 ; Rise       ; clk             ;
;  result_margin[0]     ; clk        ; 3.590 ; 3.590 ; Rise       ; clk             ;
;  result_margin[1]     ; clk        ; 3.314 ; 3.314 ; Rise       ; clk             ;
;  result_margin[2]     ; clk        ; 3.489 ; 3.489 ; Rise       ; clk             ;
;  result_margin[3]     ; clk        ; 3.610 ; 3.610 ; Rise       ; clk             ;
;  result_margin[4]     ; clk        ; 3.304 ; 3.304 ; Rise       ; clk             ;
;  result_margin[5]     ; clk        ; 3.501 ; 3.501 ; Rise       ; clk             ;
;  result_margin[6]     ; clk        ; 3.371 ; 3.371 ; Rise       ; clk             ;
;  result_margin[7]     ; clk        ; 3.359 ; 3.359 ; Rise       ; clk             ;
;  result_margin[8]     ; clk        ; 3.230 ; 3.230 ; Rise       ; clk             ;
;  result_margin[9]     ; clk        ; 3.350 ; 3.350 ; Rise       ; clk             ;
;  result_margin[10]    ; clk        ; 3.374 ; 3.374 ; Rise       ; clk             ;
;  result_margin[11]    ; clk        ; 3.370 ; 3.370 ; Rise       ; clk             ;
;  result_margin[12]    ; clk        ; 3.357 ; 3.357 ; Rise       ; clk             ;
;  result_margin[13]    ; clk        ; 3.369 ; 3.369 ; Rise       ; clk             ;
;  result_margin[14]    ; clk        ; 3.394 ; 3.394 ; Rise       ; clk             ;
;  result_margin[15]    ; clk        ; 3.813 ; 3.813 ; Rise       ; clk             ;
; result_valid          ; clk        ; 3.644 ; 3.644 ; Rise       ; clk             ;
+-----------------------+------------+-------+-------+------------+-----------------+


+-----------------------------------------------------------------------+
; Setup Transfers                                                       ;
+------------+----------+--------------+----------+----------+----------+
; From Clock ; To Clock ; RR Paths     ; FR Paths ; RF Paths ; FF Paths ;
+------------+----------+--------------+----------+----------+----------+
; clk        ; clk      ; > 2147483647 ; 0        ; 0        ; 0        ;
+------------+----------+--------------+----------+----------+----------+
Entries labeled "false path" only account for clock-to-clock false paths and not path-based false paths. As a result, actual path counts may be lower than reported.


+-----------------------------------------------------------------------+
; Hold Transfers                                                        ;
+------------+----------+--------------+----------+----------+----------+
; From Clock ; To Clock ; RR Paths     ; FR Paths ; RF Paths ; FF Paths ;
+------------+----------+--------------+----------+----------+----------+
; clk        ; clk      ; > 2147483647 ; 0        ; 0        ; 0        ;
+------------+----------+--------------+----------+----------+----------+
Entries labeled "false path" only account for clock-to-clock false paths and not path-based false paths. As a result, actual path counts may be lower than reported.


---------------
; Report TCCS ;
---------------
No dedicated SERDES Transmitter circuitry present in device or used in design


---------------
; Report RSKM ;
---------------
No dedicated SERDES Receiver circuitry present in device or used in design


+------------------------------------------------+
; Unconstrained Paths                            ;
+---------------------------------+-------+------+
; Property                        ; Setup ; Hold ;
+---------------------------------+-------+------+
; Illegal Clocks                  ; 0     ; 0    ;
; Unconstrained Clocks            ; 0     ; 0    ;
; Unconstrained Input Ports       ; 16    ; 16   ;
; Unconstrained Input Port Paths  ; 2023  ; 2023 ;
; Unconstrained Output Ports      ; 63    ; 63   ;
; Unconstrained Output Port Paths ; 65    ; 65   ;
+---------------------------------+-------+------+


+------------------------------------+
; TimeQuest Timing Analyzer Messages ;
+------------------------------------+
Info: *******************************************************************
Info: Running Quartus II 64-Bit TimeQuest Timing Analyzer
    Info: Version 13.0.1 Build 232 06/12/2013 Service Pack 1 SJ Web Edition
    Info: Processing started: Wed Sep 30 19:51:37 2026
Info: Command: quartus_sta pipe3_5mhz -c pipe3_5mhz
Info: qsta_default_script.tcl version: #1
Info (20030): Parallel compilation is enabled and will use 6 of the 6 processors detected
Info (332104): Reading SDC File: 'pipe3_5mhz.sdc'
Info: Found TIMEQUEST_REPORT_SCRIPT_INCLUDE_DEFAULT_ANALYSIS = ON
Info: Analyzing Slow Model
Info (332146): Worst-case setup slack is 71.355
    Info (332119):     Slack End Point TNS Clock 
    Info (332119): ========= ============= =====================
    Info (332119):    71.355         0.000 clk 
Info (332146): Worst-case hold slack is 0.499
    Info (332119):     Slack End Point TNS Clock 
    Info (332119): ========= ============= =====================
    Info (332119):     0.499         0.000 clk 
Info (332140): No Recovery paths to report
Info (332140): No Removal paths to report
Info (332146): Worst-case minimum pulse width slack is 96.933
    Info (332119):     Slack End Point TNS Clock 
    Info (332119): ========= ============= =====================
    Info (332119):    96.933         0.000 clk 
Info (332001): The selected device family is not supported by the report_metastability command.
Info: Analyzing Fast Model
Info (332146): Worst-case setup slack is 153.352
    Info (332119):     Slack End Point TNS Clock 
    Info (332119): ========= ============= =====================
    Info (332119):   153.352         0.000 clk 
Info (332146): Worst-case hold slack is 0.215
    Info (332119):     Slack End Point TNS Clock 
    Info (332119): ========= ============= =====================
    Info (332119):     0.215         0.000 clk 
Info (332140): No Recovery paths to report
Info (332140): No Removal paths to report
Info (332146): Worst-case minimum pulse width slack is 97.873
    Info (332119):     Slack End Point TNS Clock 
    Info (332119): ========= ============= =====================
    Info (332119):    97.873         0.000 clk 
Info (332001): The selected device family is not supported by the report_metastability command.
Info (332102): Design is not fully constrained for setup requirements
Info (332102): Design is not fully constrained for hold requirements
Info: Quartus II 64-Bit TimeQuest Timing Analyzer was successful. 0 errors, 0 warnings
    Info: Peak virtual memory: 4648 megabytes
    Info: Processing ended: Wed Sep 30 19:51:40 2026
    Info: Elapsed time: 00:00:03
    Info: Total CPU time (on all processors): 00:00:03


