Fitter report for pipe3_5mhz
Wed Sep 30 19:51:33 2026
Quartus II 64-Bit Version 13.0.1 Build 232 06/12/2013 Service Pack 1 SJ Web Edition


---------------------
; Table of Contents ;
---------------------
  1. Legal Notice
  2. Fitter Summary
  3. Fitter Settings
  4. Parallel Compilation
  5. Fitter Netlist Optimizations
  6. Incremental Compilation Preservation Summary
  7. Incremental Compilation Partition Settings
  8. Incremental Compilation Placement Preservation
  9. Pin-Out File
 10. Fitter Resource Usage Summary
 11. Fitter Partition Statistics
 12. Input Pins
 13. Output Pins
 14. I/O Bank Usage
 15. All Package Pins
 16. Output Pin Default Load For Reported TCO
 17. Fitter Resource Utilization by Entity
 18. Delay Chain Summary
 19. Pad To Core Delay Chain Fanout
 20. Control Signals
 21. Global & Other Fast Signals
 22. Non-Global High Fan-Out Signals
 23. Fitter RAM Summary
 24. Fitter DSP Block Usage Summary
 25. DSP Block Details
 26. Other Routing Usage Summary
 27. LAB Logic Elements
 28. LAB-wide Signals
 29. LAB Signals Sourced
 30. LAB Signals Sourced Out
 31. LAB Distinct Inputs
 32. Fitter Device Options
 33. Operating Settings and Conditions
 34. Fitter Messages
 35. Fitter Suppressed Messages



----------------
; Legal Notice ;
----------------
Copyright (C) 1991-2013 Altera Corporation
Your use of Altera Corporation's design tools, logic functions 
and other software and tools, and its AMPP partner logic 
functions, and any output files from any of the foregoing 
(including device programming or simulation files), and any 
associated documentation or information are expressly subject 
to the terms and conditions of the Altera Program License 
Subscription Agreement, Altera MegaCore Function License 
Agreement, or other applicable license agreement, including, 
without limitation, that your use is for the sole purpose of 
programming logic devices manufactured by Altera and sold by 
Altera or its authorized distributors.  Please refer to the 
applicable agreement for further details.



+--------------------------------------------------------------------------------------+
; Fitter Summary                                                                       ;
+------------------------------------+-------------------------------------------------+
; Fitter Status                      ; Successful - Wed Sep 30 19:51:33 2026           ;
; Quartus II 64-Bit Version          ; 13.0.1 Build 232 06/12/2013 SP 1 SJ Web Edition ;
; Revision Name                      ; pipe3_5mhz                                      ;
; Top-level Entity Name              ; ml_inference_pipe3                              ;
; Family                             ; Cyclone II                                      ;
; Device                             ; EP2C5T144C8                                     ;
; Timing Models                      ; Final                                           ;
; Total logic elements               ; 4,188 / 4,608 ( 91 % )                          ;
;     Total combinational functions  ; 3,968 / 4,608 ( 86 % )                          ;
;     Dedicated logic registers      ; 1,061 / 4,608 ( 23 % )                          ;
; Total registers                    ; 1061                                            ;
; Total pins                         ; 80 / 89 ( 90 % )                                ;
; Total virtual pins                 ; 0                                               ;
; Total memory bits                  ; 56,880 / 119,808 ( 47 % )                       ;
; Embedded Multiplier 9-bit elements ; 9 / 26 ( 35 % )                                 ;
; Total PLLs                         ; 0 / 2 ( 0 % )                                   ;
+------------------------------------+-------------------------------------------------+


+----------------------------------------------------------------------------------------------------------------------------------------------+
; Fitter Settings                                                                                                                              ;
+----------------------------------------------------------------------------+--------------------------------+--------------------------------+
; Option                                                                     ; Setting                        ; Default Value                  ;
+----------------------------------------------------------------------------+--------------------------------+--------------------------------+
; Device                                                                     ; EP2C5T144C8                    ;                                ;
; Fit Attempts to Skip                                                       ; 0                              ; 0.0                            ;
; Use smart compilation                                                      ; Off                            ; Off                            ;
; Enable parallel Assembler and TimeQuest Timing Analyzer during compilation ; On                             ; On                             ;
; Enable compact report table                                                ; Off                            ; Off                            ;
; Auto Merge PLLs                                                            ; On                             ; On                             ;
; Ignore PLL Mode When Merging PLLs                                          ; Off                            ; Off                            ;
; Router Timing Optimization Level                                           ; Normal                         ; Normal                         ;
; Placement Effort Multiplier                                                ; 1.0                            ; 1.0                            ;
; Router Effort Multiplier                                                   ; 1.0                            ; 1.0                            ;
; Always Enable Input Buffers                                                ; Off                            ; Off                            ;
; Optimize Hold Timing                                                       ; IO Paths and Minimum TPD Paths ; IO Paths and Minimum TPD Paths ;
; Optimize Multi-Corner Timing                                               ; On                             ; On                             ;
; PowerPlay Power Optimization                                               ; Normal compilation             ; Normal compilation             ;
; Optimize Timing                                                            ; Normal compilation             ; Normal compilation             ;
; Optimize Timing for ECOs                                                   ; Off                            ; Off                            ;
; Regenerate full fit report during ECO compiles                             ; Off                            ; Off                            ;
; Optimize IOC Register Placement for Timing                                 ; Normal                         ; Normal                         ;
; Limit to One Fitting Attempt                                               ; Off                            ; Off                            ;
; Final Placement Optimizations                                              ; Automatically                  ; Automatically                  ;
; Fitter Aggressive Routability Optimizations                                ; Automatically                  ; Automatically                  ;
; Fitter Initial Placement Seed                                              ; 1                              ; 1                              ;
; PCI I/O                                                                    ; Off                            ; Off                            ;
; Weak Pull-Up Resistor                                                      ; Off                            ; Off                            ;
; Enable Bus-Hold Circuitry                                                  ; Off                            ; Off                            ;
; Auto Global Memory Control Signals                                         ; Off                            ; Off                            ;
; Auto Packed Registers                                                      ; Auto                           ; Auto                           ;
; Auto Delay Chains                                                          ; On                             ; On                             ;
; Auto Delay Chains for High Fanout Input Pins                               ; Off                            ; Off                            ;
; Perform Physical Synthesis for Combinational Logic for Fitting             ; Off                            ; Off                            ;
; Perform Physical Synthesis for Combinational Logic for Performance         ; Off                            ; Off                            ;
; Perform Register Duplication for Performance                               ; Off                            ; Off                            ;
; Perform Logic to Memory Mapping for Fitting                                ; Off                            ; Off                            ;
; Perform Register Retiming for Performance                                  ; Off                            ; Off                            ;
; Perform Asynchronous Signal Pipelining                                     ; Off                            ; Off                            ;
; Fitter Effort                                                              ; Auto Fit                       ; Auto Fit                       ;
; Physical Synthesis Effort Level                                            ; Normal                         ; Normal                         ;
; Auto Global Clock                                                          ; On                             ; On                             ;
; Auto Global Register Control Signals                                       ; On                             ; On                             ;
; Force Fitter to Avoid Periphery Placement Warnings                         ; Off                            ; Off                            ;
+----------------------------------------------------------------------------+--------------------------------+--------------------------------+


+------------------------------------------+
; Parallel Compilation                     ;
+----------------------------+-------------+
; Processors                 ; Number      ;
+----------------------------+-------------+
; Number detected on machine ; 6           ;
; Maximum allowed            ; 6           ;
;                            ;             ;
; Average used               ; 2.53        ;
; Maximum used               ; 6           ;
;                            ;             ;
; Usage by Processor         ; % Time Used ;
;     Processor 1            ; 100.0%      ;
;     Processors 2-4         ;  33.3%      ;
;     Processors 5-6         ;  26.7%      ;
+----------------------------+-------------+


+------------------------------------------------------------------------------------------------------------------------------------------------------------------------------------------------------+
; Fitter Netlist Optimizations                                                                                                                                                                         ;
+----------------+-----------------+------------------+---------------------+-----------+----------------+--------------------------------------------------+------------------+-----------------------+
; Node           ; Action          ; Operation        ; Reason              ; Node Port ; Node Port Name ; Destination Node                                 ; Destination Port ; Destination Port Name ;
+----------------+-----------------+------------------+---------------------+-----------+----------------+--------------------------------------------------+------------------+-----------------------+
; hidden_reg[0]  ; Packed Register ; Register Packing ; Timing optimization ; REGOUT    ;                ; lpm_mult:Mult2|mult_90t:auto_generated|mac_mult1 ; DATAA            ;                       ;
; hidden_reg[1]  ; Packed Register ; Register Packing ; Timing optimization ; REGOUT    ;                ; lpm_mult:Mult2|mult_90t:auto_generated|mac_mult1 ; DATAA            ;                       ;
; hidden_reg[2]  ; Packed Register ; Register Packing ; Timing optimization ; REGOUT    ;                ; lpm_mult:Mult2|mult_90t:auto_generated|mac_mult1 ; DATAA            ;                       ;
; hidden_reg[3]  ; Packed Register ; Register Packing ; Timing optimization ; REGOUT    ;                ; lpm_mult:Mult2|mult_90t:auto_generated|mac_mult1 ; DATAA            ;                       ;
; hidden_reg[4]  ; Packed Register ; Register Packing ; Timing optimization ; REGOUT    ;                ; lpm_mult:Mult2|mult_90t:auto_generated|mac_mult1 ; DATAA            ;                       ;
; hidden_reg[5]  ; Packed Register ; Register Packing ; Timing optimization ; REGOUT    ;                ; lpm_mult:Mult2|mult_90t:auto_generated|mac_mult1 ; DATAA            ;                       ;
; hidden_reg[6]  ; Packed Register ; Register Packing ; Timing optimization ; REGOUT    ;                ; lpm_mult:Mult2|mult_90t:auto_generated|mac_mult1 ; DATAA            ;                       ;
; hidden_reg[7]  ; Packed Register ; Register Packing ; Timing optimization ; REGOUT    ;                ; lpm_mult:Mult2|mult_90t:auto_generated|mac_mult1 ; DATAA            ;                       ;
; hidden_reg[8]  ; Packed Register ; Register Packing ; Timing optimization ; REGOUT    ;                ; lpm_mult:Mult2|mult_90t:auto_generated|mac_mult1 ; DATAA            ;                       ;
; hidden_reg[9]  ; Packed Register ; Register Packing ; Timing optimization ; REGOUT    ;                ; lpm_mult:Mult2|mult_90t:auto_generated|mac_mult1 ; DATAA            ;                       ;
; hidden_reg[10] ; Packed Register ; Register Packing ; Timing optimization ; REGOUT    ;                ; lpm_mult:Mult2|mult_90t:auto_generated|mac_mult1 ; DATAA            ;                       ;
; hidden_reg[11] ; Packed Register ; Register Packing ; Timing optimization ; REGOUT    ;                ; lpm_mult:Mult2|mult_90t:auto_generated|mac_mult1 ; DATAA            ;                       ;
; hidden_reg[12] ; Packed Register ; Register Packing ; Timing optimization ; REGOUT    ;                ; lpm_mult:Mult2|mult_90t:auto_generated|mac_mult1 ; DATAA            ;                       ;
; hidden_reg[13] ; Packed Register ; Register Packing ; Timing optimization ; REGOUT    ;                ; lpm_mult:Mult2|mult_90t:auto_generated|mac_mult1 ; DATAA            ;                       ;
; hidden_reg[14] ; Packed Register ; Register Packing ; Timing optimization ; REGOUT    ;                ; lpm_mult:Mult2|mult_90t:auto_generated|mac_mult1 ; DATAA            ;                       ;
; hidden_reg[15] ; Packed Register ; Register Packing ; Timing optimization ; REGOUT    ;                ; lpm_mult:Mult2|mult_90t:auto_generated|mac_mult1 ; DATAA            ;                       ;
; hidden_reg[16] ; Packed Register ; Register Packing ; Timing optimization ; REGOUT    ;                ; lpm_mult:Mult2|mult_90t:auto_generated|mac_mult1 ; DATAA            ;                       ;
; hidden_reg[17] ; Packed Register ; Register Packing ; Timing optimization ; REGOUT    ;                ; lpm_mult:Mult2|mult_90t:auto_generated|mac_mult1 ; DATAA            ;                       ;
; hidden_reg[18] ; Packed Register ; Register Packing ; Timing optimization ; REGOUT    ;                ; lpm_mult:Mult2|mult_90t:auto_generated|mac_mult3 ; DATAA            ;                       ;
; hidden_reg[19] ; Packed Register ; Register Packing ; Timing optimization ; REGOUT    ;                ; lpm_mult:Mult2|mult_90t:auto_generated|mac_mult3 ; DATAA            ;                       ;
; hidden_reg[20] ; Packed Register ; Register Packing ; Timing optimization ; REGOUT    ;                ; lpm_mult:Mult2|mult_90t:auto_generated|mac_mult3 ; DATAA            ;                       ;
; hidden_reg[21] ; Packed Register ; Register Packing ; Timing optimization ; REGOUT    ;                ; lpm_mult:Mult2|mult_90t:auto_generated|mac_mult3 ; DATAA            ;                       ;
; hidden_reg[22] ; Packed Register ; Register Packing ; Timing optimization ; REGOUT    ;                ; lpm_mult:Mult2|mult_90t:auto_generated|mac_mult3 ; DATAA            ;                       ;
; hidden_reg[23] ; Packed Register ; Register Packing ; Timing optimization ; REGOUT    ;                ; lpm_mult:Mult2|mult_90t:auto_generated|mac_mult3 ; DATAA            ;                       ;
; hidden_reg[24] ; Packed Register ; Register Packing ; Timing optimization ; REGOUT    ;                ; lpm_mult:Mult2|mult_90t:auto_generated|mac_mult3 ; DATAA            ;                       ;
; hidden_reg[25] ; Packed Register ; Register Packing ; Timing optimization ; REGOUT    ;                ; lpm_mult:Mult2|mult_90t:auto_generated|mac_mult3 ; DATAA            ;                       ;
; hidden_reg[26] ; Packed Register ; Register Packing ; Timing optimization ; REGOUT    ;                ; lpm_mult:Mult2|mult_90t:auto_generated|mac_mult3 ; DATAA            ;                       ;
; hidden_reg[27] ; Packed Register ; Register Packing ; Timing optimization ; REGOUT    ;                ; lpm_mult:Mult2|mult_90t:auto_generated|mac_mult3 ; DATAA            ;                       ;
; hidden_reg[28] ; Packed Register ; Register Packing ; Timing optimization ; REGOUT    ;                ; lpm_mult:Mult2|mult_90t:auto_generated|mac_mult3 ; DATAA            ;                       ;
; hidden_reg[29] ; Packed Register ; Register Packing ; Timing optimization ; REGOUT    ;                ; lpm_mult:Mult2|mult_90t:auto_generated|mac_mult3 ; DATAA            ;                       ;
; hidden_reg[30] ; Packed Register ; Register Packing ; Timing optimization ; REGOUT    ;                ; lpm_mult:Mult2|mult_90t:auto_generated|mac_mult3 ; DATAA            ;                       ;
; hidden_reg[31] ; Packed Register ; Register Packing ; Timing optimization ; REGOUT    ;                ; lpm_mult:Mult2|mult_90t:auto_generated|mac_mult3 ; DATAA            ;                       ;
; hidden_reg[32] ; Packed Register ; Register Packing ; Timing optimization ; REGOUT    ;                ; lpm_mult:Mult2|mult_90t:auto_generated|mac_mult3 ; DATAA            ;                       ;
; hidden_reg[33] ; Packed Register ; Register Packing ; Timing optimization ; REGOUT    ;                ; lpm_mult:Mult2|mult_90t:auto_generated|mac_mult3 ; DATAA            ;                       ;
; hidden_reg[34] ; Packed Register ; Register Packing ; Timing optimization ; REGOUT    ;                ; lpm_mult:Mult2|mult_90t:auto_generated|mac_mult3 ; DATAA            ;                       ;
; hidden_reg[35] ; Packed Register ; Register Packing ; Timing optimization ; REGOUT    ;                ; lpm_mult:Mult2|mult_90t:auto_generated|mac_mult3 ; DATAA            ;                       ;
; hidden_reg[36] ; Packed Register ; Register Packing ; Timing optimization ; REGOUT    ;                ; lpm_mult:Mult2|mult_90t:auto_generated|mac_mult5 ; DATAA            ;                       ;
; hidden_reg[37] ; Packed Register ; Register Packing ; Timing optimization ; REGOUT    ;                ; lpm_mult:Mult2|mult_90t:auto_generated|mac_mult5 ; DATAA            ;                       ;
; hidden_reg[38] ; Packed Register ; Register Packing ; Timing optimization ; REGOUT    ;                ; lpm_mult:Mult2|mult_90t:auto_generated|mac_mult5 ; DATAA            ;                       ;
; hidden_reg[39] ; Packed Register ; Register Packing ; Timing optimization ; REGOUT    ;                ; lpm_mult:Mult2|mult_90t:auto_generated|mac_mult5 ; DATAA            ;                       ;
; hidden_reg[40] ; Packed Register ; Register Packing ; Timing optimization ; REGOUT    ;                ; lpm_mult:Mult2|mult_90t:auto_generated|mac_mult5 ; DATAA            ;                       ;
; hidden_reg[41] ; Packed Register ; Register Packing ; Timing optimization ; REGOUT    ;                ; lpm_mult:Mult2|mult_90t:auto_generated|mac_mult5 ; DATAA            ;                       ;
; hidden_reg[42] ; Packed Register ; Register Packing ; Timing optimization ; REGOUT    ;                ; lpm_mult:Mult2|mult_90t:auto_generated|mac_mult5 ; DATAA            ;                       ;
; hidden_reg[43] ; Packed Register ; Register Packing ; Timing optimization ; REGOUT    ;                ; lpm_mult:Mult2|mult_90t:auto_generated|mac_mult5 ; DATAA            ;                       ;
; hidden_reg[44] ; Packed Register ; Register Packing ; Timing optimization ; REGOUT    ;                ; lpm_mult:Mult2|mult_90t:auto_generated|mac_mult5 ; DATAA            ;                       ;
; hidden_reg[45] ; Packed Register ; Register Packing ; Timing optimization ; REGOUT    ;                ; lpm_mult:Mult2|mult_90t:auto_generated|mac_mult5 ; DATAA            ;                       ;
; hidden_reg[46] ; Packed Register ; Register Packing ; Timing optimization ; REGOUT    ;                ; lpm_mult:Mult2|mult_90t:auto_generated|mac_mult5 ; DATAA            ;                       ;
; hidden_reg[47] ; Packed Register ; Register Packing ; Timing optimization ; REGOUT    ;                ; lpm_mult:Mult2|mult_90t:auto_generated|mac_mult5 ; DATAA            ;                       ;
; hidden_reg[48] ; Packed Register ; Register Packing ; Timing optimization ; REGOUT    ;                ; lpm_mult:Mult2|mult_90t:auto_generated|mac_mult5 ; DATAA            ;                       ;
; hidden_reg[49] ; Packed Register ; Register Packing ; Timing optimization ; REGOUT    ;                ; lpm_mult:Mult2|mult_90t:auto_generated|mac_mult5 ; DATAA            ;                       ;
; hidden_reg[50] ; Packed Register ; Register Packing ; Timing optimization ; REGOUT    ;                ; lpm_mult:Mult2|mult_90t:auto_generated|mac_mult5 ; DATAA            ;                       ;
; hidden_reg[51] ; Packed Register ; Register Packing ; Timing optimization ; REGOUT    ;                ; lpm_mult:Mult2|mult_90t:auto_generated|mac_mult5 ; DATAA            ;                       ;
; hidden_reg[52] ; Packed Register ; Register Packing ; Timing optimization ; REGOUT    ;                ; lpm_mult:Mult2|mult_90t:auto_generated|mac_mult5 ; DATAA            ;                       ;
; hidden_reg[53] ; Packed Register ; Register Packing ; Timing optimization ; REGOUT    ;                ; lpm_mult:Mult2|mult_90t:auto_generated|mac_mult5 ; DATAA            ;                       ;
; hidden_reg[54] ; Packed Register ; Register Packing ; Timing optimization ; REGOUT    ;                ; lpm_mult:Mult2|mult_90t:auto_generated|mac_mult7 ; DATAA            ;                       ;
; hidden_reg[55] ; Packed Register ; Register Packing ; Timing optimization ; REGOUT    ;                ; lpm_mult:Mult2|mult_90t:auto_generated|mac_mult7 ; DATAA            ;                       ;
; hidden_reg[56] ; Packed Register ; Register Packing ; Timing optimization ; REGOUT    ;                ; lpm_mult:Mult2|mult_90t:auto_generated|mac_mult7 ; DATAA            ;                       ;
; hidden_reg[57] ; Packed Register ; Register Packing ; Timing optimization ; REGOUT    ;                ; lpm_mult:Mult2|mult_90t:auto_generated|mac_mult7 ; DATAA            ;                       ;
; hidden_reg[58] ; Packed Register ; Register Packing ; Timing optimization ; REGOUT    ;                ; lpm_mult:Mult2|mult_90t:auto_generated|mac_mult7 ; DATAA            ;                       ;
; hidden_reg[59] ; Packed Register ; Register Packing ; Timing optimization ; REGOUT    ;                ; lpm_mult:Mult2|mult_90t:auto_generated|mac_mult7 ; DATAA            ;                       ;
; hidden_reg[60] ; Packed Register ; Register Packing ; Timing optimization ; REGOUT    ;                ; lpm_mult:Mult2|mult_90t:auto_generated|mac_mult7 ; DATAA            ;                       ;
; hidden_reg[61] ; Packed Register ; Register Packing ; Timing optimization ; REGOUT    ;                ; lpm_mult:Mult2|mult_90t:auto_generated|mac_mult7 ; DATAA            ;                       ;
; hidden_reg[62] ; Packed Register ; Register Packing ; Timing optimization ; REGOUT    ;                ; lpm_mult:Mult2|mult_90t:auto_generated|mac_mult7 ; DATAA            ;                       ;
; pixel_reg[0]   ; Packed Register ; Register Packing ; Timing optimization ; REGOUT    ;                ; lpm_mult:Mult1|mult_fus:auto_generated|mac_mult1 ; DATAA            ;                       ;
; pixel_reg[1]   ; Packed Register ; Register Packing ; Timing optimization ; REGOUT    ;                ; lpm_mult:Mult1|mult_fus:auto_generated|mac_mult1 ; DATAA            ;                       ;
; pixel_reg[2]   ; Packed Register ; Register Packing ; Timing optimization ; REGOUT    ;                ; lpm_mult:Mult1|mult_fus:auto_generated|mac_mult1 ; DATAA            ;                       ;
; pixel_reg[3]   ; Packed Register ; Register Packing ; Timing optimization ; REGOUT    ;                ; lpm_mult:Mult1|mult_fus:auto_generated|mac_mult1 ; DATAA            ;                       ;
+----------------+-----------------+------------------+---------------------+-----------+----------------+--------------------------------------------------+------------------+-----------------------+


+----------------------------------------------+
; Incremental Compilation Preservation Summary ;
+---------------------+------------------------+
; Type                ; Value                  ;
+---------------------+------------------------+
; Placement (by node) ;                        ;
;     -- Requested    ; 0 / 5278 ( 0.00 % )    ;
;     -- Achieved     ; 0 / 5278 ( 0.00 % )    ;
;                     ;                        ;
; Routing (by net)    ;                        ;
;     -- Requested    ; 0 / 0 ( 0.00 % )       ;
;     -- Achieved     ; 0 / 0 ( 0.00 % )       ;
+---------------------+------------------------+


+----------------------------------------------------------------------------------------------------------------------------------------------------------------------------------------+
; Incremental Compilation Partition Settings                                                                                                                                             ;
+--------------------------------+----------------+-------------------+-------------------------+------------------------+------------------------------+--------------------------------+
; Partition Name                 ; Partition Type ; Netlist Type Used ; Preservation Level Used ; Netlist Type Requested ; Preservation Level Requested ; Contents                       ;
+--------------------------------+----------------+-------------------+-------------------------+------------------------+------------------------------+--------------------------------+
; Top                            ; User-created   ; Source File       ; N/A                     ; Source File            ; N/A                          ;                                ;
; hard_block:auto_generated_inst ; Auto-generated ; Source File       ; N/A                     ; Source File            ; N/A                          ; hard_block:auto_generated_inst ;
+--------------------------------+----------------+-------------------+-------------------------+------------------------+------------------------------+--------------------------------+


+------------------------------------------------------------------------------------------------------------+
; Incremental Compilation Placement Preservation                                                             ;
+--------------------------------+---------+-------------------+-------------------------+-------------------+
; Partition Name                 ; # Nodes ; # Preserved Nodes ; Preservation Level Used ; Netlist Type Used ;
+--------------------------------+---------+-------------------+-------------------------+-------------------+
; Top                            ; 5275    ; 0                 ; N/A                     ; Source File       ;
; hard_block:auto_generated_inst ; 3       ; 0                 ; N/A                     ; Source File       ;
+--------------------------------+---------+-------------------+-------------------------+-------------------+


+--------------+
; Pin-Out File ;
+--------------+
The pin-out file can be found in D:/fpga/cyclone2-handwriting-ml/rtl/synthesis/pipeline_versions/pipe3_5mhz/pipe3_5mhz.pin.


+--------------------------------------------------------------------------+
; Fitter Resource Usage Summary                                            ;
+---------------------------------------------+----------------------------+
; Resource                                    ; Usage                      ;
+---------------------------------------------+----------------------------+
; Total logic elements                        ; 4,188 / 4,608 ( 91 % )     ;
;     -- Combinational with no register       ; 3127                       ;
;     -- Register only                        ; 220                        ;
;     -- Combinational with a register        ; 841                        ;
;                                             ;                            ;
; Logic element usage by number of LUT inputs ;                            ;
;     -- 4 input functions                    ; 862                        ;
;     -- 3 input functions                    ; 2814                       ;
;     -- <=2 input functions                  ; 292                        ;
;     -- Register only                        ; 220                        ;
;                                             ;                            ;
; Logic elements by mode                      ;                            ;
;     -- normal mode                          ; 2417                       ;
;     -- arithmetic mode                      ; 1551                       ;
;                                             ;                            ;
; Total registers*                            ; 1,061 / 4,851 ( 22 % )     ;
;     -- Dedicated logic registers            ; 1,061 / 4,608 ( 23 % )     ;
;     -- I/O registers                        ; 0 / 243 ( 0 % )            ;
;                                             ;                            ;
; Total LABs:  partially or completely used   ; 286 / 288 ( 99 % )         ;
; Virtual pins                                ; 0                          ;
; I/O pins                                    ; 80 / 89 ( 90 % )           ;
;     -- Clock pins                           ; 4 / 4 ( 100 % )            ;
;                                             ;                            ;
; Global signals                              ; 1                          ;
; M4Ks                                        ; 22 / 26 ( 85 % )           ;
; Total block memory bits                     ; 56,880 / 119,808 ( 47 % )  ;
; Total block memory implementation bits      ; 101,376 / 119,808 ( 85 % ) ;
; Embedded Multiplier 9-bit elements          ; 9 / 26 ( 35 % )            ;
; PLLs                                        ; 0 / 2 ( 0 % )              ;
; Global clocks                               ; 1 / 8 ( 13 % )             ;
; JTAGs                                       ; 0 / 1 ( 0 % )              ;
; ASMI blocks                                 ; 0 / 1 ( 0 % )              ;
; CRC blocks                                  ; 0 / 1 ( 0 % )              ;
; Average interconnect usage (total/H/V)      ; 42% / 44% / 38%            ;
; Peak interconnect usage (total/H/V)         ; 43% / 46% / 39%            ;
; Maximum fan-out                             ; 1088                       ;
; Highest non-global fan-out                  ; 215                        ;
; Total fan-out                               ; 16364                      ;
; Average fan-out                             ; 3.10                       ;
+---------------------------------------------+----------------------------+
*  Register count does not include registers inside RAM blocks or DSP blocks.



+-----------------------------------------------------------------------------------------------------+
; Fitter Partition Statistics                                                                         ;
+---------------------------------------------+----------------------+--------------------------------+
; Statistic                                   ; Top                  ; hard_block:auto_generated_inst ;
+---------------------------------------------+----------------------+--------------------------------+
; Difficulty Clustering Region                ; Low                  ; Low                            ;
;                                             ;                      ;                                ;
; Total logic elements                        ; 4188 / 4608 ( 91 % ) ; 0 / 4608 ( 0 % )               ;
;     -- Combinational with no register       ; 3127                 ; 0                              ;
;     -- Register only                        ; 220                  ; 0                              ;
;     -- Combinational with a register        ; 841                  ; 0                              ;
;                                             ;                      ;                                ;
; Logic element usage by number of LUT inputs ;                      ;                                ;
;     -- 4 input functions                    ; 862                  ; 0                              ;
;     -- 3 input functions                    ; 2814                 ; 0                              ;
;     -- <=2 input functions                  ; 292                  ; 0                              ;
;     -- Register only                        ; 220                  ; 0                              ;
;                                             ;                      ;                                ;
; Logic elements by mode                      ;                      ;                                ;
;     -- normal mode                          ; 2417                 ; 0                              ;
;     -- arithmetic mode                      ; 1551                 ; 0                              ;
;                                             ;                      ;                                ;
; Total registers                             ; 1061                 ; 0                              ;
;     -- Dedicated logic registers            ; 1061 / 4608 ( 23 % ) ; 0 / 4608 ( 0 % )               ;
;                                             ;                      ;                                ;
; Total LABs:  partially or completely used   ; 286 / 288 ( 99 % )   ; 0 / 288 ( 0 % )                ;
;                                             ;                      ;                                ;
; Virtual pins                                ; 0                    ; 0                              ;
; I/O pins                                    ; 80                   ; 0                              ;
; Embedded Multiplier 9-bit elements          ; 9 / 26 ( 35 % )      ; 0 / 26 ( 0 % )                 ;
; Total memory bits                           ; 56880                ; 0                              ;
; Total RAM block bits                        ; 101376               ; 0                              ;
; M4K                                         ; 22 / 26 ( 84 % )     ; 0 / 26 ( 0 % )                 ;
; Clock control block                         ; 1 / 10 ( 10 % )      ; 0 / 10 ( 0 % )                 ;
;                                             ;                      ;                                ;
; Connections                                 ;                      ;                                ;
;     -- Input Connections                    ; 0                    ; 0                              ;
;     -- Registered Input Connections         ; 0                    ; 0                              ;
;     -- Output Connections                   ; 0                    ; 0                              ;
;     -- Registered Output Connections        ; 0                    ; 0                              ;
;                                             ;                      ;                                ;
; Internal Connections                        ;                      ;                                ;
;     -- Total Connections                    ; 16521                ; 0                              ;
;     -- Registered Connections               ; 3631                 ; 0                              ;
;                                             ;                      ;                                ;
; External Connections                        ;                      ;                                ;
;     -- Top                                  ; 0                    ; 0                              ;
;     -- hard_block:auto_generated_inst       ; 0                    ; 0                              ;
;                                             ;                      ;                                ;
; Partition Interface                         ;                      ;                                ;
;     -- Input Ports                          ; 17                   ; 0                              ;
;     -- Output Ports                         ; 63                   ; 0                              ;
;     -- Bidir Ports                          ; 0                    ; 0                              ;
;                                             ;                      ;                                ;
; Registered Ports                            ;                      ;                                ;
;     -- Registered Input Ports               ; 0                    ; 0                              ;
;     -- Registered Output Ports              ; 0                    ; 0                              ;
;                                             ;                      ;                                ;
; Port Connectivity                           ;                      ;                                ;
;     -- Input Ports driven by GND            ; 0                    ; 0                              ;
;     -- Output Ports driven by GND           ; 0                    ; 0                              ;
;     -- Input Ports driven by VCC            ; 0                    ; 0                              ;
;     -- Output Ports driven by VCC           ; 0                    ; 0                              ;
;     -- Input Ports with no Source           ; 0                    ; 0                              ;
;     -- Output Ports with no Source          ; 0                    ; 0                              ;
;     -- Input Ports with no Fanout           ; 0                    ; 0                              ;
;     -- Output Ports with no Fanout          ; 0                    ; 0                              ;
+---------------------------------------------+----------------------+--------------------------------+


+----------------------------------------------------------------------------------------------------------------------------------------------------------------------------------------------------------------------------------------------------------------------------+
; Input Pins                                                                                                                                                                                                                                                                 ;
+----------------------+-------+----------+--------------+--------------+-------------+-----------------------+--------------------+--------+----------------+---------------+-----------------+----------+--------------+--------------+-------------+----------------------+
; Name                 ; Pin # ; I/O Bank ; X coordinate ; Y coordinate ; Cell number ; Combinational Fan-Out ; Registered Fan-Out ; Global ; Input Register ; Power Up High ; PCI I/O Enabled ; Bus Hold ; Weak Pull Up ; I/O Standard ; Termination ; Location assigned by ;
+----------------------+-------+----------+--------------+--------------+-------------+-----------------------+--------------------+--------+----------------+---------------+-----------------+----------+--------------+--------------+-------------+----------------------+
; clk                  ; 17    ; 1        ; 0            ; 6            ; 0           ; 1                     ; 0                  ; yes    ; no             ; no            ; no              ; no       ; Off          ; 3.3-V LVTTL  ; Off         ; Fitter               ;
; input_frame_error    ; 89    ; 3        ; 28           ; 7            ; 2           ; 4                     ; 0                  ; no     ; no             ; no            ; no              ; no       ; Off          ; 3.3-V LVTTL  ; Off         ; Fitter               ;
; input_frame_last     ; 91    ; 3        ; 28           ; 7            ; 0           ; 2                     ; 0                  ; no     ; no             ; no            ; no              ; no       ; Off          ; 3.3-V LVTTL  ; Off         ; Fitter               ;
; input_frame_valid    ; 90    ; 3        ; 28           ; 7            ; 1           ; 4                     ; 0                  ; no     ; no             ; no            ; no              ; no       ; Off          ; 3.3-V LVTTL  ; Off         ; Fitter               ;
; input_pixel[0]       ; 22    ; 1        ; 0            ; 6            ; 3           ; 2                     ; 0                  ; no     ; no             ; no            ; no              ; no       ; Off          ; 3.3-V LVTTL  ; Off         ; Fitter               ;
; input_pixel[1]       ; 129   ; 2        ; 12           ; 14           ; 0           ; 2                     ; 0                  ; no     ; no             ; no            ; no              ; no       ; Off          ; 3.3-V LVTTL  ; Off         ; Fitter               ;
; input_pixel[2]       ; 118   ; 2        ; 21           ; 14           ; 0           ; 2                     ; 0                  ; no     ; no             ; no            ; no              ; no       ; Off          ; 3.3-V LVTTL  ; Off         ; Fitter               ;
; input_pixel[3]       ; 132   ; 2        ; 9            ; 14           ; 2           ; 2                     ; 0                  ; no     ; no             ; no            ; no              ; no       ; Off          ; 3.3-V LVTTL  ; Off         ; Fitter               ;
; input_pixel_index[0] ; 119   ; 2        ; 21           ; 14           ; 1           ; 3                     ; 0                  ; no     ; no             ; no            ; no              ; no       ; Off          ; 3.3-V LVTTL  ; Off         ; Fitter               ;
; input_pixel_index[1] ; 122   ; 2        ; 19           ; 14           ; 2           ; 3                     ; 0                  ; no     ; no             ; no            ; no              ; no       ; Off          ; 3.3-V LVTTL  ; Off         ; Fitter               ;
; input_pixel_index[2] ; 125   ; 2        ; 14           ; 14           ; 0           ; 3                     ; 0                  ; no     ; no             ; no            ; no              ; no       ; Off          ; 3.3-V LVTTL  ; Off         ; Fitter               ;
; input_pixel_index[3] ; 112   ; 2        ; 26           ; 14           ; 0           ; 3                     ; 0                  ; no     ; no             ; no            ; no              ; no       ; Off          ; 3.3-V LVTTL  ; Off         ; Fitter               ;
; input_pixel_index[4] ; 18    ; 1        ; 0            ; 6            ; 1           ; 3                     ; 0                  ; no     ; no             ; no            ; no              ; no       ; Off          ; 3.3-V LVTTL  ; Off         ; Fitter               ;
; input_pixel_index[5] ; 21    ; 1        ; 0            ; 6            ; 2           ; 3                     ; 0                  ; no     ; no             ; no            ; no              ; no       ; Off          ; 3.3-V LVTTL  ; Off         ; Fitter               ;
; input_pixel_index[6] ; 126   ; 2        ; 14           ; 14           ; 1           ; 3                     ; 0                  ; no     ; no             ; no            ; no              ; no       ; Off          ; 3.3-V LVTTL  ; Off         ; Fitter               ;
; input_pixel_index[7] ; 120   ; 2        ; 19           ; 14           ; 0           ; 3                     ; 0                  ; no     ; no             ; no            ; no              ; no       ; Off          ; 3.3-V LVTTL  ; Off         ; Fitter               ;
; reset_n              ; 88    ; 3        ; 28           ; 7            ; 3           ; 215                   ; 0                  ; no     ; no             ; no            ; no              ; no       ; Off          ; 3.3-V LVTTL  ; Off         ; Fitter               ;
+----------------------+-------+----------+--------------+--------------+-------------+-----------------------+--------------------+--------+----------------+---------------+-----------------+----------+--------------+--------------+-------------+----------------------+


+----------------------------------------------------------------------------------------------------------------------------------------------------------------------------------------------------------------------------------------------------------------------------------------------------------------------------------------------------+
; Output Pins                                                                                                                                                                                                                                                                                                                                        ;
+----------------------+-------+----------+--------------+--------------+-------------+-----------------+------------------------+---------------+-----------------+------------+---------------+----------+--------------+--------------+------------------+-------------+----------------------+------+----------------------+---------------------+
; Name                 ; Pin # ; I/O Bank ; X coordinate ; Y coordinate ; Cell number ; Output Register ; Output Enable Register ; Power Up High ; PCI I/O Enabled ; Open Drain ; TRI Primitive ; Bus Hold ; Weak Pull Up ; I/O Standard ; Current Strength ; Termination ; Location assigned by ; Load ; Output Enable Source ; Output Enable Group ;
+----------------------+-------+----------+--------------+--------------+-------------+-----------------+------------------------+---------------+-----------------+------------+---------------+----------+--------------+--------------+------------------+-------------+----------------------+------+----------------------+---------------------+
; busy                 ; 57    ; 4        ; 12           ; 0            ; 1           ; no              ; no                     ; no            ; no              ; no         ; no            ; no       ; Off          ; 3.3-V LVTTL  ; 24mA             ; Off         ; Fitter               ; 0 pF ; -                    ; -                   ;
; result_accepted      ; 75    ; 3        ; 28           ; 2            ; 1           ; no              ; no                     ; no            ; no              ; no         ; no            ; no       ; Off          ; 3.3-V LVTTL  ; 24mA             ; Off         ; Fitter               ; 0 pF ; -                    ; -                   ;
; result_confidence[0] ; 74    ; 3        ; 28           ; 1            ; 0           ; no              ; no                     ; no            ; no              ; no         ; no            ; no       ; Off          ; 3.3-V LVTTL  ; 24mA             ; Off         ; Fitter               ; 0 pF ; -                    ; -                   ;
; result_confidence[1] ; 69    ; 4        ; 26           ; 0            ; 3           ; no              ; no                     ; no            ; no              ; no         ; no            ; no       ; Off          ; 3.3-V LVTTL  ; 24mA             ; Off         ; Fitter               ; 0 pF ; -                    ; -                   ;
; result_confidence[2] ; 64    ; 4        ; 21           ; 0            ; 1           ; no              ; no                     ; no            ; no              ; no         ; no            ; no       ; Off          ; 3.3-V LVTTL  ; 24mA             ; Off         ; Fitter               ; 0 pF ; -                    ; -                   ;
; result_confidence[3] ; 51    ; 4        ; 7            ; 0            ; 2           ; no              ; no                     ; no            ; no              ; no         ; no            ; no       ; Off          ; 3.3-V LVTTL  ; 24mA             ; Off         ; Fitter               ; 0 pF ; -                    ; -                   ;
; result_confidence[4] ; 71    ; 4        ; 26           ; 0            ; 1           ; no              ; no                     ; no            ; no              ; no         ; no            ; no       ; Off          ; 3.3-V LVTTL  ; 24mA             ; Off         ; Fitter               ; 0 pF ; -                    ; -                   ;
; result_confidence[5] ; 59    ; 4        ; 14           ; 0            ; 1           ; no              ; no                     ; no            ; no              ; no         ; no            ; no       ; Off          ; 3.3-V LVTTL  ; 24mA             ; Off         ; Fitter               ; 0 pF ; -                    ; -                   ;
; result_confidence[6] ; 67    ; 4        ; 24           ; 0            ; 0           ; no              ; no                     ; no            ; no              ; no         ; no            ; no       ; Off          ; 3.3-V LVTTL  ; 24mA             ; Off         ; Fitter               ; 0 pF ; -                    ; -                   ;
; result_confidence[7] ; 65    ; 4        ; 21           ; 0            ; 0           ; no              ; no                     ; no            ; no              ; no         ; no            ; no       ; Off          ; 3.3-V LVTTL  ; 24mA             ; Off         ; Fitter               ; 0 pF ; -                    ; -                   ;
; result_cycles[0]     ; 44    ; 4        ; 3            ; 0            ; 1           ; no              ; no                     ; no            ; no              ; no         ; no            ; no       ; Off          ; 3.3-V LVTTL  ; 24mA             ; Off         ; Fitter               ; 0 pF ; -                    ; -                   ;
; result_cycles[10]    ; 27    ; 1        ; 0            ; 5            ; 3           ; no              ; no                     ; no            ; no              ; no         ; no            ; no       ; Off          ; 3.3-V LVTTL  ; 24mA             ; Off         ; Fitter               ; 0 pF ; -                    ; -                   ;
; result_cycles[11]    ; 26    ; 1        ; 0            ; 5            ; 2           ; no              ; no                     ; no            ; no              ; no         ; no            ; no       ; Off          ; 3.3-V LVTTL  ; 24mA             ; Off         ; Fitter               ; 0 pF ; -                    ; -                   ;
; result_cycles[12]    ; 136   ; 2        ; 3            ; 14           ; 1           ; no              ; no                     ; no            ; no              ; no         ; no            ; no       ; Off          ; 3.3-V LVTTL  ; 24mA             ; Off         ; Fitter               ; 0 pF ; -                    ; -                   ;
; result_cycles[13]    ; 30    ; 1        ; 0            ; 2            ; 2           ; no              ; no                     ; no            ; no              ; no         ; no            ; no       ; Off          ; 3.3-V LVTTL  ; 24mA             ; Off         ; Fitter               ; 0 pF ; -                    ; -                   ;
; result_cycles[14]    ; 32    ; 1        ; 0            ; 2            ; 4           ; no              ; no                     ; no            ; no              ; no         ; no            ; no       ; Off          ; 3.3-V LVTTL  ; 24mA             ; Off         ; Fitter               ; 0 pF ; -                    ; -                   ;
; result_cycles[15]    ; 31    ; 1        ; 0            ; 2            ; 3           ; no              ; no                     ; no            ; no              ; no         ; no            ; no       ; Off          ; 3.3-V LVTTL  ; 24mA             ; Off         ; Fitter               ; 0 pF ; -                    ; -                   ;
; result_cycles[16]    ; 142   ; 2        ; 1            ; 14           ; 1           ; no              ; no                     ; no            ; no              ; no         ; no            ; no       ; Off          ; 3.3-V LVTTL  ; 24mA             ; Off         ; Fitter               ; 0 pF ; -                    ; -                   ;
; result_cycles[17]    ; 121   ; 2        ; 19           ; 14           ; 1           ; no              ; no                     ; no            ; no              ; no         ; no            ; no       ; Off          ; 3.3-V LVTTL  ; 24mA             ; Off         ; Fitter               ; 0 pF ; -                    ; -                   ;
; result_cycles[18]    ; 47    ; 4        ; 5            ; 0            ; 1           ; no              ; no                     ; no            ; no              ; no         ; no            ; no       ; Off          ; 3.3-V LVTTL  ; 24mA             ; Off         ; Fitter               ; 0 pF ; -                    ; -                   ;
; result_cycles[19]    ; 28    ; 1        ; 0            ; 4            ; 3           ; no              ; no                     ; no            ; no              ; no         ; no            ; no       ; Off          ; 3.3-V LVTTL  ; 24mA             ; Off         ; Fitter               ; 0 pF ; -                    ; -                   ;
; result_cycles[1]     ; 141   ; 2        ; 1            ; 14           ; 0           ; no              ; no                     ; no            ; no              ; no         ; no            ; no       ; Off          ; 3.3-V LVTTL  ; 24mA             ; Off         ; Fitter               ; 0 pF ; -                    ; -                   ;
; result_cycles[20]    ; 144   ; 2        ; 1            ; 14           ; 3           ; no              ; no                     ; no            ; no              ; no         ; no            ; no       ; Off          ; 3.3-V LVTTL  ; 24mA             ; Off         ; Fitter               ; 0 pF ; -                    ; -                   ;
; result_cycles[21]    ; 9     ; 1        ; 0            ; 11           ; 3           ; no              ; no                     ; no            ; no              ; no         ; no            ; no       ; Off          ; 3.3-V LVTTL  ; 24mA             ; Off         ; Fitter               ; 0 pF ; -                    ; -                   ;
; result_cycles[22]    ; 45    ; 4        ; 3            ; 0            ; 0           ; no              ; no                     ; no            ; no              ; no         ; no            ; no       ; Off          ; 3.3-V LVTTL  ; 24mA             ; Off         ; Fitter               ; 0 pF ; -                    ; -                   ;
; result_cycles[23]    ; 42    ; 4        ; 1            ; 0            ; 0           ; no              ; no                     ; no            ; no              ; no         ; no            ; no       ; Off          ; 3.3-V LVTTL  ; 24mA             ; Off         ; Fitter               ; 0 pF ; -                    ; -                   ;
; result_cycles[24]    ; 48    ; 4        ; 5            ; 0            ; 0           ; no              ; no                     ; no            ; no              ; no         ; no            ; no       ; Off          ; 3.3-V LVTTL  ; 24mA             ; Off         ; Fitter               ; 0 pF ; -                    ; -                   ;
; result_cycles[25]    ; 40    ; 4        ; 1            ; 0            ; 2           ; no              ; no                     ; no            ; no              ; no         ; no            ; no       ; Off          ; 3.3-V LVTTL  ; 24mA             ; Off         ; Fitter               ; 0 pF ; -                    ; -                   ;
; result_cycles[26]    ; 134   ; 2        ; 7            ; 14           ; 1           ; no              ; no                     ; no            ; no              ; no         ; no            ; no       ; Off          ; 3.3-V LVTTL  ; 24mA             ; Off         ; Fitter               ; 0 pF ; -                    ; -                   ;
; result_cycles[27]    ; 139   ; 2        ; 3            ; 14           ; 3           ; no              ; no                     ; no            ; no              ; no         ; no            ; no       ; Off          ; 3.3-V LVTTL  ; 24mA             ; Off         ; Fitter               ; 0 pF ; -                    ; -                   ;
; result_cycles[28]    ; 7     ; 1        ; 0            ; 11           ; 1           ; no              ; no                     ; no            ; no              ; no         ; no            ; no       ; Off          ; 3.3-V LVTTL  ; 24mA             ; Off         ; Fitter               ; 0 pF ; -                    ; -                   ;
; result_cycles[29]    ; 41    ; 4        ; 1            ; 0            ; 1           ; no              ; no                     ; no            ; no              ; no         ; no            ; no       ; Off          ; 3.3-V LVTTL  ; 24mA             ; Off         ; Fitter               ; 0 pF ; -                    ; -                   ;
; result_cycles[2]     ; 143   ; 2        ; 1            ; 14           ; 2           ; no              ; no                     ; no            ; no              ; no         ; no            ; no       ; Off          ; 3.3-V LVTTL  ; 24mA             ; Off         ; Fitter               ; 0 pF ; -                    ; -                   ;
; result_cycles[30]    ; 25    ; 1        ; 0            ; 5            ; 1           ; no              ; no                     ; no            ; no              ; no         ; no            ; no       ; Off          ; 3.3-V LVTTL  ; 24mA             ; Off         ; Fitter               ; 0 pF ; -                    ; -                   ;
; result_cycles[31]    ; 8     ; 1        ; 0            ; 11           ; 2           ; no              ; no                     ; no            ; no              ; no         ; no            ; no       ; Off          ; 3.3-V LVTTL  ; 24mA             ; Off         ; Fitter               ; 0 pF ; -                    ; -                   ;
; result_cycles[3]     ; 135   ; 2        ; 3            ; 14           ; 0           ; no              ; no                     ; no            ; no              ; no         ; no            ; no       ; Off          ; 3.3-V LVTTL  ; 24mA             ; Off         ; Fitter               ; 0 pF ; -                    ; -                   ;
; result_cycles[4]     ; 43    ; 4        ; 3            ; 0            ; 2           ; no              ; no                     ; no            ; no              ; no         ; no            ; no       ; Off          ; 3.3-V LVTTL  ; 24mA             ; Off         ; Fitter               ; 0 pF ; -                    ; -                   ;
; result_cycles[5]     ; 133   ; 2        ; 7            ; 14           ; 0           ; no              ; no                     ; no            ; no              ; no         ; no            ; no       ; Off          ; 3.3-V LVTTL  ; 24mA             ; Off         ; Fitter               ; 0 pF ; -                    ; -                   ;
; result_cycles[6]     ; 4     ; 1        ; 0            ; 13           ; 3           ; no              ; no                     ; no            ; no              ; no         ; no            ; no       ; Off          ; 3.3-V LVTTL  ; 24mA             ; Off         ; Fitter               ; 0 pF ; -                    ; -                   ;
; result_cycles[7]     ; 24    ; 1        ; 0            ; 5            ; 0           ; no              ; no                     ; no            ; no              ; no         ; no            ; no       ; Off          ; 3.3-V LVTTL  ; 24mA             ; Off         ; Fitter               ; 0 pF ; -                    ; -                   ;
; result_cycles[8]     ; 3     ; 1        ; 0            ; 13           ; 2           ; no              ; no                     ; no            ; no              ; no         ; no            ; no       ; Off          ; 3.3-V LVTTL  ; 24mA             ; Off         ; Fitter               ; 0 pF ; -                    ; -                   ;
; result_cycles[9]     ; 137   ; 2        ; 3            ; 14           ; 2           ; no              ; no                     ; no            ; no              ; no         ; no            ; no       ; Off          ; 3.3-V LVTTL  ; 24mA             ; Off         ; Fitter               ; 0 pF ; -                    ; -                   ;
; result_digit[0]      ; 70    ; 4        ; 26           ; 0            ; 2           ; no              ; no                     ; no            ; no              ; no         ; no            ; no       ; Off          ; 3.3-V LVTTL  ; 24mA             ; Off         ; Fitter               ; 0 pF ; -                    ; -                   ;
; result_digit[1]      ; 72    ; 4        ; 26           ; 0            ; 0           ; no              ; no                     ; no            ; no              ; no         ; no            ; no       ; Off          ; 3.3-V LVTTL  ; 24mA             ; Off         ; Fitter               ; 0 pF ; -                    ; -                   ;
; result_digit[2]      ; 115   ; 2        ; 24           ; 14           ; 0           ; no              ; no                     ; no            ; no              ; no         ; no            ; no       ; Off          ; 3.3-V LVTTL  ; 24mA             ; Off         ; Fitter               ; 0 pF ; -                    ; -                   ;
; result_digit[3]      ; 73    ; 3        ; 28           ; 1            ; 1           ; no              ; no                     ; no            ; no              ; no         ; no            ; no       ; Off          ; 3.3-V LVTTL  ; 24mA             ; Off         ; Fitter               ; 0 pF ; -                    ; -                   ;
; result_margin[0]     ; 114   ; 2        ; 26           ; 14           ; 2           ; no              ; no                     ; no            ; no              ; no         ; no            ; no       ; Off          ; 3.3-V LVTTL  ; 24mA             ; Off         ; Fitter               ; 0 pF ; -                    ; -                   ;
; result_margin[10]    ; 86    ; 3        ; 28           ; 6            ; 1           ; no              ; no                     ; no            ; no              ; no         ; no            ; no       ; Off          ; 3.3-V LVTTL  ; 24mA             ; Off         ; Fitter               ; 0 pF ; -                    ; -                   ;
; result_margin[11]    ; 101   ; 3        ; 28           ; 11           ; 0           ; no              ; no                     ; no            ; no              ; no         ; no            ; no       ; Off          ; 3.3-V LVTTL  ; 24mA             ; Off         ; Fitter               ; 0 pF ; -                    ; -                   ;
; result_margin[12]    ; 99    ; 3        ; 28           ; 11           ; 2           ; no              ; no                     ; no            ; no              ; no         ; no            ; no       ; Off          ; 3.3-V LVTTL  ; 24mA             ; Off         ; Fitter               ; 0 pF ; -                    ; -                   ;
; result_margin[13]    ; 96    ; 3        ; 28           ; 9            ; 1           ; no              ; no                     ; no            ; no              ; no         ; no            ; no       ; Off          ; 3.3-V LVTTL  ; 24mA             ; Off         ; Fitter               ; 0 pF ; -                    ; -                   ;
; result_margin[14]    ; 100   ; 3        ; 28           ; 11           ; 1           ; no              ; no                     ; no            ; no              ; no         ; no            ; no       ; Off          ; 3.3-V LVTTL  ; 24mA             ; Off         ; Fitter               ; 0 pF ; -                    ; -                   ;
; result_margin[15]    ; 60    ; 4        ; 14           ; 0            ; 0           ; no              ; no                     ; no            ; no              ; no         ; no            ; no       ; Off          ; 3.3-V LVTTL  ; 24mA             ; Off         ; Fitter               ; 0 pF ; -                    ; -                   ;
; result_margin[1]     ; 93    ; 3        ; 28           ; 8            ; 0           ; no              ; no                     ; no            ; no              ; no         ; no            ; no       ; Off          ; 3.3-V LVTTL  ; 24mA             ; Off         ; Fitter               ; 0 pF ; -                    ; -                   ;
; result_margin[2]     ; 80    ; 3        ; 28           ; 5            ; 2           ; no              ; no                     ; no            ; no              ; no         ; no            ; no       ; Off          ; 3.3-V LVTTL  ; 24mA             ; Off         ; Fitter               ; 0 pF ; -                    ; -                   ;
; result_margin[3]     ; 103   ; 3        ; 28           ; 12           ; 1           ; no              ; no                     ; no            ; no              ; no         ; no            ; no       ; Off          ; 3.3-V LVTTL  ; 24mA             ; Off         ; Fitter               ; 0 pF ; -                    ; -                   ;
; result_margin[4]     ; 94    ; 3        ; 28           ; 9            ; 2           ; no              ; no                     ; no            ; no              ; no         ; no            ; no       ; Off          ; 3.3-V LVTTL  ; 24mA             ; Off         ; Fitter               ; 0 pF ; -                    ; -                   ;
; result_margin[5]     ; 104   ; 3        ; 28           ; 12           ; 0           ; no              ; no                     ; no            ; no              ; no         ; no            ; no       ; Off          ; 3.3-V LVTTL  ; 24mA             ; Off         ; Fitter               ; 0 pF ; -                    ; -                   ;
; result_margin[6]     ; 97    ; 3        ; 28           ; 9            ; 0           ; no              ; no                     ; no            ; no              ; no         ; no            ; no       ; Off          ; 3.3-V LVTTL  ; 24mA             ; Off         ; Fitter               ; 0 pF ; -                    ; -                   ;
; result_margin[7]     ; 81    ; 3        ; 28           ; 5            ; 1           ; no              ; no                     ; no            ; no              ; no         ; no            ; no       ; Off          ; 3.3-V LVTTL  ; 24mA             ; Off         ; Fitter               ; 0 pF ; -                    ; -                   ;
; result_margin[8]     ; 92    ; 3        ; 28           ; 8            ; 1           ; no              ; no                     ; no            ; no              ; no         ; no            ; no       ; Off          ; 3.3-V LVTTL  ; 24mA             ; Off         ; Fitter               ; 0 pF ; -                    ; -                   ;
; result_margin[9]     ; 87    ; 3        ; 28           ; 6            ; 0           ; no              ; no                     ; no            ; no              ; no         ; no            ; no       ; Off          ; 3.3-V LVTTL  ; 24mA             ; Off         ; Fitter               ; 0 pF ; -                    ; -                   ;
; result_valid         ; 63    ; 4        ; 19           ; 0            ; 0           ; no              ; no                     ; no            ; no              ; no         ; no            ; no       ; Off          ; 3.3-V LVTTL  ; 24mA             ; Off         ; Fitter               ; 0 pF ; -                    ; -                   ;
+----------------------+-------+----------+--------------+--------------+-------------+-----------------+------------------------+---------------+-----------------+------------+---------------+----------+--------------+--------------+------------------+-------------+----------------------+------+----------------------+---------------------+


+-------------------------------------------------------------+
; I/O Bank Usage                                              ;
+----------+-------------------+---------------+--------------+
; I/O Bank ; Usage             ; VCCIO Voltage ; VREF Voltage ;
+----------+-------------------+---------------+--------------+
; 1        ; 19 / 19 ( 100 % ) ; 3.3V          ; --           ;
; 2        ; 22 / 23 ( 96 % )  ; 3.3V          ; --           ;
; 3        ; 22 / 23 ( 96 % )  ; 3.3V          ; --           ;
; 4        ; 20 / 24 ( 83 % )  ; 3.3V          ; --           ;
+----------+-------------------+---------------+--------------+


+------------------------------------------------------------------------------------------------------------------------------------------------------------------------+
; All Package Pins                                                                                                                                                       ;
+----------+------------+----------+------------------------------------------+--------+--------------+---------+------------+-----------------+----------+--------------+
; Location ; Pad Number ; I/O Bank ; Pin Name/Usage                           ; Dir.   ; I/O Standard ; Voltage ; I/O Type   ; User Assignment ; Bus Hold ; Weak Pull Up ;
+----------+------------+----------+------------------------------------------+--------+--------------+---------+------------+-----------------+----------+--------------+
; 1        ; 0          ; 1        ; ~ASDO~ / RESERVED_INPUT_WITH_WEAK_PULLUP ; input  ; 3.3-V LVTTL  ;         ; Row I/O    ; N               ; no       ; On           ;
; 2        ; 1          ; 1        ; ~nCSO~ / RESERVED_INPUT_WITH_WEAK_PULLUP ; input  ; 3.3-V LVTTL  ;         ; Row I/O    ; N               ; no       ; On           ;
; 3        ; 2          ; 1        ; result_cycles[8]                         ; output ; 3.3-V LVTTL  ;         ; Row I/O    ; N               ; no       ; Off          ;
; 4        ; 3          ; 1        ; result_cycles[6]                         ; output ; 3.3-V LVTTL  ;         ; Row I/O    ; N               ; no       ; Off          ;
; 5        ;            ; 1        ; VCCIO1                                   ; power  ;              ; 3.3V    ; --         ;                 ; --       ; --           ;
; 6        ;            ;          ; GND                                      ; gnd    ;              ;         ; --         ;                 ; --       ; --           ;
; 7        ; 10         ; 1        ; result_cycles[28]                        ; output ; 3.3-V LVTTL  ;         ; Row I/O    ; N               ; no       ; Off          ;
; 8        ; 11         ; 1        ; result_cycles[31]                        ; output ; 3.3-V LVTTL  ;         ; Row I/O    ; N               ; no       ; Off          ;
; 9        ; 12         ; 1        ; result_cycles[21]                        ; output ; 3.3-V LVTTL  ;         ; Row I/O    ; N               ; no       ; Off          ;
; 10       ; 13         ; 1        ; #TDO                                     ; output ;              ;         ; --         ;                 ; --       ; --           ;
; 11       ; 14         ; 1        ; #TMS                                     ; input  ;              ;         ; --         ;                 ; --       ; --           ;
; 12       ; 15         ; 1        ; #TCK                                     ; input  ;              ;         ; --         ;                 ; --       ; --           ;
; 13       ; 16         ; 1        ; #TDI                                     ; input  ;              ;         ; --         ;                 ; --       ; --           ;
; 14       ; 17         ; 1        ; ^DATA0                                   ; input  ;              ;         ; --         ;                 ; --       ; --           ;
; 15       ; 18         ; 1        ; ^DCLK                                    ;        ;              ;         ; --         ;                 ; --       ; --           ;
; 16       ; 19         ; 1        ; ^nCE                                     ;        ;              ;         ; --         ;                 ; --       ; --           ;
; 17       ; 20         ; 1        ; clk                                      ; input  ; 3.3-V LVTTL  ;         ; Row I/O    ; N               ; no       ; Off          ;
; 18       ; 21         ; 1        ; input_pixel_index[4]                     ; input  ; 3.3-V LVTTL  ;         ; Row I/O    ; N               ; no       ; Off          ;
; 19       ;            ;          ; GND                                      ; gnd    ;              ;         ; --         ;                 ; --       ; --           ;
; 20       ; 22         ; 1        ; ^nCONFIG                                 ;        ;              ;         ; --         ;                 ; --       ; --           ;
; 21       ; 23         ; 1        ; input_pixel_index[5]                     ; input  ; 3.3-V LVTTL  ;         ; Row I/O    ; N               ; no       ; Off          ;
; 22       ; 24         ; 1        ; input_pixel[0]                           ; input  ; 3.3-V LVTTL  ;         ; Row I/O    ; N               ; no       ; Off          ;
; 23       ;            ; 1        ; VCCIO1                                   ; power  ;              ; 3.3V    ; --         ;                 ; --       ; --           ;
; 24       ; 25         ; 1        ; result_cycles[7]                         ; output ; 3.3-V LVTTL  ;         ; Row I/O    ; N               ; no       ; Off          ;
; 25       ; 26         ; 1        ; result_cycles[30]                        ; output ; 3.3-V LVTTL  ;         ; Row I/O    ; N               ; no       ; Off          ;
; 26       ; 27         ; 1        ; result_cycles[11]                        ; output ; 3.3-V LVTTL  ;         ; Row I/O    ; N               ; no       ; Off          ;
; 27       ; 28         ; 1        ; result_cycles[10]                        ; output ; 3.3-V LVTTL  ;         ; Row I/O    ; N               ; no       ; Off          ;
; 28       ; 32         ; 1        ; result_cycles[19]                        ; output ; 3.3-V LVTTL  ;         ; Row I/O    ; N               ; no       ; Off          ;
; 29       ;            ; 1        ; VCCIO1                                   ; power  ;              ; 3.3V    ; --         ;                 ; --       ; --           ;
; 30       ; 40         ; 1        ; result_cycles[13]                        ; output ; 3.3-V LVTTL  ;         ; Row I/O    ; N               ; no       ; Off          ;
; 31       ; 41         ; 1        ; result_cycles[15]                        ; output ; 3.3-V LVTTL  ;         ; Row I/O    ; N               ; no       ; Off          ;
; 32       ; 42         ; 1        ; result_cycles[14]                        ; output ; 3.3-V LVTTL  ;         ; Row I/O    ; N               ; no       ; Off          ;
; 33       ;            ;          ; GND                                      ; gnd    ;              ;         ; --         ;                 ; --       ; --           ;
; 34       ;            ;          ; GND_PLL1                                 ; gnd    ;              ;         ; --         ;                 ; --       ; --           ;
; 35       ;            ;          ; VCCD_PLL1                                ; power  ;              ; 1.2V    ; --         ;                 ; --       ; --           ;
; 36       ;            ;          ; GND_PLL1                                 ; gnd    ;              ;         ; --         ;                 ; --       ; --           ;
; 37       ;            ;          ; VCCA_PLL1                                ; power  ;              ; 1.2V    ; --         ;                 ; --       ; --           ;
; 38       ;            ;          ; GNDA_PLL1                                ; gnd    ;              ;         ; --         ;                 ; --       ; --           ;
; 39       ;            ;          ; GND                                      ; gnd    ;              ;         ; --         ;                 ; --       ; --           ;
; 40       ; 43         ; 4        ; result_cycles[25]                        ; output ; 3.3-V LVTTL  ;         ; Column I/O ; N               ; no       ; Off          ;
; 41       ; 44         ; 4        ; result_cycles[29]                        ; output ; 3.3-V LVTTL  ;         ; Column I/O ; N               ; no       ; Off          ;
; 42       ; 45         ; 4        ; result_cycles[23]                        ; output ; 3.3-V LVTTL  ;         ; Column I/O ; N               ; no       ; Off          ;
; 43       ; 46         ; 4        ; result_cycles[4]                         ; output ; 3.3-V LVTTL  ;         ; Column I/O ; N               ; no       ; Off          ;
; 44       ; 47         ; 4        ; result_cycles[0]                         ; output ; 3.3-V LVTTL  ;         ; Column I/O ; N               ; no       ; Off          ;
; 45       ; 48         ; 4        ; result_cycles[22]                        ; output ; 3.3-V LVTTL  ;         ; Column I/O ; N               ; no       ; Off          ;
; 46       ;            ; 4        ; VCCIO4                                   ; power  ;              ; 3.3V    ; --         ;                 ; --       ; --           ;
; 47       ; 49         ; 4        ; result_cycles[18]                        ; output ; 3.3-V LVTTL  ;         ; Column I/O ; N               ; no       ; Off          ;
; 48       ; 50         ; 4        ; result_cycles[24]                        ; output ; 3.3-V LVTTL  ;         ; Column I/O ; N               ; no       ; Off          ;
; 49       ;            ;          ; GND                                      ; gnd    ;              ;         ; --         ;                 ; --       ; --           ;
; 50       ;            ;          ; VCCINT                                   ; power  ;              ; 1.2V    ; --         ;                 ; --       ; --           ;
; 51       ; 52         ; 4        ; result_confidence[3]                     ; output ; 3.3-V LVTTL  ;         ; Column I/O ; N               ; no       ; Off          ;
; 52       ; 53         ; 4        ; RESERVED_INPUT                           ;        ;              ;         ; Column I/O ;                 ; no       ; Off          ;
; 53       ; 57         ; 4        ; RESERVED_INPUT                           ;        ;              ;         ; Column I/O ;                 ; no       ; Off          ;
; 54       ;            ; 4        ; VCCIO4                                   ; power  ;              ; 3.3V    ; --         ;                 ; --       ; --           ;
; 55       ; 58         ; 4        ; RESERVED_INPUT                           ;        ;              ;         ; Column I/O ;                 ; no       ; Off          ;
; 56       ;            ;          ; GND                                      ; gnd    ;              ;         ; --         ;                 ; --       ; --           ;
; 57       ; 59         ; 4        ; busy                                     ; output ; 3.3-V LVTTL  ;         ; Column I/O ; N               ; no       ; Off          ;
; 58       ; 60         ; 4        ; RESERVED_INPUT                           ;        ;              ;         ; Column I/O ;                 ; no       ; Off          ;
; 59       ; 63         ; 4        ; result_confidence[5]                     ; output ; 3.3-V LVTTL  ;         ; Column I/O ; N               ; no       ; Off          ;
; 60       ; 64         ; 4        ; result_margin[15]                        ; output ; 3.3-V LVTTL  ;         ; Column I/O ; N               ; no       ; Off          ;
; 61       ;            ;          ; GND                                      ; gnd    ;              ;         ; --         ;                 ; --       ; --           ;
; 62       ;            ;          ; VCCINT                                   ; power  ;              ; 1.2V    ; --         ;                 ; --       ; --           ;
; 63       ; 72         ; 4        ; result_valid                             ; output ; 3.3-V LVTTL  ;         ; Column I/O ; N               ; no       ; Off          ;
; 64       ; 75         ; 4        ; result_confidence[2]                     ; output ; 3.3-V LVTTL  ;         ; Column I/O ; N               ; no       ; Off          ;
; 65       ; 76         ; 4        ; result_confidence[7]                     ; output ; 3.3-V LVTTL  ;         ; Column I/O ; N               ; no       ; Off          ;
; 66       ;            ; 4        ; VCCIO4                                   ; power  ;              ; 3.3V    ; --         ;                 ; --       ; --           ;
; 67       ; 79         ; 4        ; result_confidence[6]                     ; output ; 3.3-V LVTTL  ;         ; Column I/O ; N               ; no       ; Off          ;
; 68       ;            ;          ; GND                                      ; gnd    ;              ;         ; --         ;                 ; --       ; --           ;
; 69       ; 80         ; 4        ; result_confidence[1]                     ; output ; 3.3-V LVTTL  ;         ; Column I/O ; N               ; no       ; Off          ;
; 70       ; 81         ; 4        ; result_digit[0]                          ; output ; 3.3-V LVTTL  ;         ; Column I/O ; N               ; no       ; Off          ;
; 71       ; 82         ; 4        ; result_confidence[4]                     ; output ; 3.3-V LVTTL  ;         ; Column I/O ; N               ; no       ; Off          ;
; 72       ; 83         ; 4        ; result_digit[1]                          ; output ; 3.3-V LVTTL  ;         ; Column I/O ; N               ; no       ; Off          ;
; 73       ; 84         ; 3        ; result_digit[3]                          ; output ; 3.3-V LVTTL  ;         ; Row I/O    ; N               ; no       ; Off          ;
; 74       ; 85         ; 3        ; result_confidence[0]                     ; output ; 3.3-V LVTTL  ;         ; Row I/O    ; N               ; no       ; Off          ;
; 75       ; 86         ; 3        ; result_accepted                          ; output ; 3.3-V LVTTL  ;         ; Row I/O    ; N               ; no       ; Off          ;
; 76       ; 87         ; 3        ; ~LVDS41p/nCEO~                           ; output ; 3.3-V LVTTL  ;         ; Row I/O    ; N               ; no       ; Off          ;
; 77       ;            ; 3        ; VCCIO3                                   ; power  ;              ; 3.3V    ; --         ;                 ; --       ; --           ;
; 78       ;            ;          ; GND                                      ; gnd    ;              ;         ; --         ;                 ; --       ; --           ;
; 79       ; 95         ; 3        ; RESERVED_INPUT                           ;        ;              ;         ; Row I/O    ;                 ; --       ; --           ;
; 80       ; 97         ; 3        ; result_margin[2]                         ; output ; 3.3-V LVTTL  ;         ; Row I/O    ; N               ; no       ; Off          ;
; 81       ; 98         ; 3        ; result_margin[7]                         ; output ; 3.3-V LVTTL  ;         ; Row I/O    ; N               ; no       ; Off          ;
; 82       ; 99         ; 3        ; ^nSTATUS                                 ;        ;              ;         ; --         ;                 ; --       ; --           ;
; 83       ; 100        ; 3        ; ^CONF_DONE                               ;        ;              ;         ; --         ;                 ; --       ; --           ;
; 84       ; 101        ; 3        ; ^MSEL1                                   ;        ;              ;         ; --         ;                 ; --       ; --           ;
; 85       ; 102        ; 3        ; ^MSEL0                                   ;        ;              ;         ; --         ;                 ; --       ; --           ;
; 86       ; 103        ; 3        ; result_margin[10]                        ; output ; 3.3-V LVTTL  ;         ; Row I/O    ; N               ; no       ; Off          ;
; 87       ; 104        ; 3        ; result_margin[9]                         ; output ; 3.3-V LVTTL  ;         ; Row I/O    ; N               ; no       ; Off          ;
; 88       ; 105        ; 3        ; reset_n                                  ; input  ; 3.3-V LVTTL  ;         ; Row I/O    ; N               ; no       ; Off          ;
; 89       ; 106        ; 3        ; input_frame_error                        ; input  ; 3.3-V LVTTL  ;         ; Row I/O    ; N               ; no       ; Off          ;
; 90       ; 107        ; 3        ; input_frame_valid                        ; input  ; 3.3-V LVTTL  ;         ; Row I/O    ; N               ; no       ; Off          ;
; 91       ; 108        ; 3        ; input_frame_last                         ; input  ; 3.3-V LVTTL  ;         ; Row I/O    ; N               ; no       ; Off          ;
; 92       ; 109        ; 3        ; result_margin[8]                         ; output ; 3.3-V LVTTL  ;         ; Row I/O    ; N               ; no       ; Off          ;
; 93       ; 110        ; 3        ; result_margin[1]                         ; output ; 3.3-V LVTTL  ;         ; Row I/O    ; N               ; no       ; Off          ;
; 94       ; 111        ; 3        ; result_margin[4]                         ; output ; 3.3-V LVTTL  ;         ; Row I/O    ; N               ; no       ; Off          ;
; 95       ;            ; 3        ; VCCIO3                                   ; power  ;              ; 3.3V    ; --         ;                 ; --       ; --           ;
; 96       ; 112        ; 3        ; result_margin[13]                        ; output ; 3.3-V LVTTL  ;         ; Row I/O    ; N               ; no       ; Off          ;
; 97       ; 113        ; 3        ; result_margin[6]                         ; output ; 3.3-V LVTTL  ;         ; Row I/O    ; N               ; no       ; Off          ;
; 98       ;            ;          ; GND                                      ; gnd    ;              ;         ; --         ;                 ; --       ; --           ;
; 99       ; 119        ; 3        ; result_margin[12]                        ; output ; 3.3-V LVTTL  ;         ; Row I/O    ; N               ; no       ; Off          ;
; 100      ; 120        ; 3        ; result_margin[14]                        ; output ; 3.3-V LVTTL  ;         ; Row I/O    ; N               ; no       ; Off          ;
; 101      ; 121        ; 3        ; result_margin[11]                        ; output ; 3.3-V LVTTL  ;         ; Row I/O    ; N               ; no       ; Off          ;
; 102      ;            ; 3        ; VCCIO3                                   ; power  ;              ; 3.3V    ; --         ;                 ; --       ; --           ;
; 103      ; 125        ; 3        ; result_margin[3]                         ; output ; 3.3-V LVTTL  ;         ; Row I/O    ; N               ; no       ; Off          ;
; 104      ; 126        ; 3        ; result_margin[5]                         ; output ; 3.3-V LVTTL  ;         ; Row I/O    ; N               ; no       ; Off          ;
; 105      ;            ;          ; GND                                      ; gnd    ;              ;         ; --         ;                 ; --       ; --           ;
; 106      ;            ;          ; GND_PLL2                                 ; gnd    ;              ;         ; --         ;                 ; --       ; --           ;
; 107      ;            ;          ; VCCD_PLL2                                ; power  ;              ; 1.2V    ; --         ;                 ; --       ; --           ;
; 108      ;            ;          ; GND_PLL2                                 ; gnd    ;              ;         ; --         ;                 ; --       ; --           ;
; 109      ;            ;          ; VCCA_PLL2                                ; power  ;              ; 1.2V    ; --         ;                 ; --       ; --           ;
; 110      ;            ;          ; GNDA_PLL2                                ; gnd    ;              ;         ; --         ;                 ; --       ; --           ;
; 111      ;            ;          ; GND                                      ; gnd    ;              ;         ; --         ;                 ; --       ; --           ;
; 112      ; 127        ; 2        ; input_pixel_index[3]                     ; input  ; 3.3-V LVTTL  ;         ; Column I/O ; N               ; no       ; Off          ;
; 113      ; 128        ; 2        ; RESERVED_INPUT                           ;        ;              ;         ; Column I/O ;                 ; no       ; Off          ;
; 114      ; 129        ; 2        ; result_margin[0]                         ; output ; 3.3-V LVTTL  ;         ; Column I/O ; N               ; no       ; Off          ;
; 115      ; 130        ; 2        ; result_digit[2]                          ; output ; 3.3-V LVTTL  ;         ; Column I/O ; N               ; no       ; Off          ;
; 116      ;            ; 2        ; VCCIO2                                   ; power  ;              ; 3.3V    ; --         ;                 ; --       ; --           ;
; 117      ;            ;          ; GND                                      ; gnd    ;              ;         ; --         ;                 ; --       ; --           ;
; 118      ; 134        ; 2        ; input_pixel[2]                           ; input  ; 3.3-V LVTTL  ;         ; Column I/O ; N               ; no       ; Off          ;
; 119      ; 135        ; 2        ; input_pixel_index[0]                     ; input  ; 3.3-V LVTTL  ;         ; Column I/O ; N               ; no       ; Off          ;
; 120      ; 137        ; 2        ; input_pixel_index[7]                     ; input  ; 3.3-V LVTTL  ;         ; Column I/O ; N               ; no       ; Off          ;
; 121      ; 138        ; 2        ; result_cycles[17]                        ; output ; 3.3-V LVTTL  ;         ; Column I/O ; N               ; no       ; Off          ;
; 122      ; 139        ; 2        ; input_pixel_index[1]                     ; input  ; 3.3-V LVTTL  ;         ; Column I/O ; N               ; no       ; Off          ;
; 123      ;            ;          ; GND                                      ; gnd    ;              ;         ; --         ;                 ; --       ; --           ;
; 124      ;            ;          ; VCCINT                                   ; power  ;              ; 1.2V    ; --         ;                 ; --       ; --           ;
; 125      ; 144        ; 2        ; input_pixel_index[2]                     ; input  ; 3.3-V LVTTL  ;         ; Column I/O ; N               ; no       ; Off          ;
; 126      ; 145        ; 2        ; input_pixel_index[6]                     ; input  ; 3.3-V LVTTL  ;         ; Column I/O ; N               ; no       ; Off          ;
; 127      ;            ; 2        ; VCCIO2                                   ; power  ;              ; 3.3V    ; --         ;                 ; --       ; --           ;
; 128      ;            ;          ; GND                                      ; gnd    ;              ;         ; --         ;                 ; --       ; --           ;
; 129      ; 148        ; 2        ; input_pixel[1]                           ; input  ; 3.3-V LVTTL  ;         ; Column I/O ; N               ; no       ; Off          ;
; 130      ;            ;          ; GND                                      ; gnd    ;              ;         ; --         ;                 ; --       ; --           ;
; 131      ;            ;          ; VCCINT                                   ; power  ;              ; 1.2V    ; --         ;                 ; --       ; --           ;
; 132      ; 153        ; 2        ; input_pixel[3]                           ; input  ; 3.3-V LVTTL  ;         ; Column I/O ; N               ; no       ; Off          ;
; 133      ; 154        ; 2        ; result_cycles[5]                         ; output ; 3.3-V LVTTL  ;         ; Column I/O ; N               ; no       ; Off          ;
; 134      ; 155        ; 2        ; result_cycles[26]                        ; output ; 3.3-V LVTTL  ;         ; Column I/O ; N               ; no       ; Off          ;
; 135      ; 162        ; 2        ; result_cycles[3]                         ; output ; 3.3-V LVTTL  ;         ; Column I/O ; N               ; no       ; Off          ;
; 136      ; 163        ; 2        ; result_cycles[12]                        ; output ; 3.3-V LVTTL  ;         ; Column I/O ; N               ; no       ; Off          ;
; 137      ; 164        ; 2        ; result_cycles[9]                         ; output ; 3.3-V LVTTL  ;         ; Column I/O ; N               ; no       ; Off          ;
; 138      ;            ; 2        ; VCCIO2                                   ; power  ;              ; 3.3V    ; --         ;                 ; --       ; --           ;
; 139      ; 165        ; 2        ; result_cycles[27]                        ; output ; 3.3-V LVTTL  ;         ; Column I/O ; N               ; no       ; Off          ;
; 140      ;            ;          ; GND                                      ; gnd    ;              ;         ; --         ;                 ; --       ; --           ;
; 141      ; 166        ; 2        ; result_cycles[1]                         ; output ; 3.3-V LVTTL  ;         ; Column I/O ; N               ; no       ; Off          ;
; 142      ; 167        ; 2        ; result_cycles[16]                        ; output ; 3.3-V LVTTL  ;         ; Column I/O ; N               ; no       ; Off          ;
; 143      ; 168        ; 2        ; result_cycles[2]                         ; output ; 3.3-V LVTTL  ;         ; Column I/O ; N               ; no       ; Off          ;
; 144      ; 169        ; 2        ; result_cycles[20]                        ; output ; 3.3-V LVTTL  ;         ; Column I/O ; N               ; no       ; Off          ;
+----------+------------+----------+------------------------------------------+--------+--------------+---------+------------+-----------------+----------+--------------+
Note: Pin directions (input, output or bidir) are based on device operating in user mode.


+-------------------------------------------------------------------------------+
; Output Pin Default Load For Reported TCO                                      ;
+----------------------------------+-------+------------------------------------+
; I/O Standard                     ; Load  ; Termination Resistance             ;
+----------------------------------+-------+------------------------------------+
; 3.3-V LVTTL                      ; 0 pF  ; Not Available                      ;
; 3.3-V LVCMOS                     ; 0 pF  ; Not Available                      ;
; 2.5 V                            ; 0 pF  ; Not Available                      ;
; 1.8 V                            ; 0 pF  ; Not Available                      ;
; 1.5 V                            ; 0 pF  ; Not Available                      ;
; 3.3-V PCI                        ; 10 pF ; 25 Ohm (Parallel)                  ;
; 3.3-V PCI-X                      ; 10 pF ; 25 Ohm (Parallel)                  ;
; SSTL-2 Class I                   ; 0 pF  ; 50 Ohm (Parallel), 25 Ohm (Serial) ;
; SSTL-2 Class II                  ; 0 pF  ; 25 Ohm (Parallel), 25 Ohm (Serial) ;
; SSTL-18 Class I                  ; 0 pF  ; 50 Ohm (Parallel), 25 Ohm (Serial) ;
; SSTL-18 Class II                 ; 0 pF  ; 25 Ohm (Parallel), 25 Ohm (Serial) ;
; 1.5-V HSTL Class I               ; 0 pF  ; 50 Ohm (Parallel)                  ;
; 1.5-V HSTL Class II              ; 0 pF  ; 25 Ohm (Parallel)                  ;
; 1.8-V HSTL Class I               ; 0 pF  ; 50 Ohm (Parallel)                  ;
; 1.8-V HSTL Class II              ; 0 pF  ; 25 Ohm (Parallel)                  ;
; Differential SSTL-2              ; 0 pF  ; (See SSTL-2)                       ;
; Differential 2.5-V SSTL Class II ; 0 pF  ; (See SSTL-2 Class II)              ;
; Differential 1.8-V SSTL Class I  ; 0 pF  ; (See 1.8-V SSTL Class I)           ;
; Differential 1.8-V SSTL Class II ; 0 pF  ; (See 1.8-V SSTL Class II)          ;
; Differential 1.5-V HSTL Class I  ; 0 pF  ; (See 1.5-V HSTL Class I)           ;
; Differential 1.5-V HSTL Class II ; 0 pF  ; (See 1.5-V HSTL Class II)          ;
; Differential 1.8-V HSTL Class I  ; 0 pF  ; (See 1.8-V HSTL Class I)           ;
; Differential 1.8-V HSTL Class II ; 0 pF  ; (See 1.8-V HSTL Class II)          ;
; LVDS                             ; 0 pF  ; 100 Ohm (Differential)             ;
; mini-LVDS                        ; 0 pF  ; 100 Ohm (Differential)             ;
; RSDS                             ; 0 pF  ; 100 Ohm (Differential)             ;
; Simple RSDS                      ; 0 pF  ; Not Available                      ;
; Differential LVPECL              ; 0 pF  ; 100 Ohm (Differential)             ;
+----------------------------------+-------+------------------------------------+
Note: User assignments will override these defaults. The user specified values are listed in the Output Pins and Bidir Pins tables.


+------------------------------------------------------------------------------------------------------------------------------------------------------------------------------------------------------------------------------------------------------------------------------------------------------------------------------------------------------------------------------------------------------------+
; Fitter Resource Utilization by Entity                                                                                                                                                                                                                                                                                                                                                                      ;
+------------------------------------------------+-------------+---------------------------+---------------+-------------+------+--------------+---------+-----------+------+--------------+--------------+-------------------+------------------+--------------------------------------------------------------------------------------------------------------------------------------------+--------------+
; Compilation Hierarchy Node                     ; Logic Cells ; Dedicated Logic Registers ; I/O Registers ; Memory Bits ; M4Ks ; DSP Elements ; DSP 9x9 ; DSP 18x18 ; Pins ; Virtual Pins ; LUT-Only LCs ; Register-Only LCs ; LUT/Register LCs ; Full Hierarchy Name                                                                                                                        ; Library Name ;
+------------------------------------------------+-------------+---------------------------+---------------+-------------+------+--------------+---------+-----------+------+--------------+--------------+-------------------+------------------+--------------------------------------------------------------------------------------------------------------------------------------------+--------------+
; |ml_inference_pipe3                            ; 4188 (4085) ; 1061 (1060)               ; 0 (0)         ; 56880       ; 22   ; 9            ; 1       ; 4         ; 80   ; 0            ; 3127 (3025)  ; 220 (219)         ; 841 (841)        ; |ml_inference_pipe3                                                                                                                        ; work         ;
;    |altsyncram:b1_rom|                         ; 0 (0)       ; 0 (0)                     ; 0 (0)         ; 1024        ; 1    ; 0            ; 0       ; 0         ; 0    ; 0            ; 0 (0)        ; 0 (0)             ; 0 (0)            ; |ml_inference_pipe3|altsyncram:b1_rom                                                                                                      ; work         ;
;       |altsyncram_mct:auto_generated|          ; 0 (0)       ; 0 (0)                     ; 0 (0)         ; 1024        ; 1    ; 0            ; 0       ; 0         ; 0    ; 0            ; 0 (0)        ; 0 (0)             ; 0 (0)            ; |ml_inference_pipe3|altsyncram:b1_rom|altsyncram_mct:auto_generated                                                                        ; work         ;
;    |altsyncram:b2_rom|                         ; 0 (0)       ; 0 (0)                     ; 0 (0)         ; 320         ; 1    ; 0            ; 0       ; 0         ; 0    ; 0            ; 0 (0)        ; 0 (0)             ; 0 (0)            ; |ml_inference_pipe3|altsyncram:b2_rom                                                                                                      ; work         ;
;       |altsyncram_hct:auto_generated|          ; 0 (0)       ; 0 (0)                     ; 0 (0)         ; 320         ; 1    ; 0            ; 0       ; 0         ; 0    ; 0            ; 0 (0)        ; 0 (0)             ; 0 (0)            ; |ml_inference_pipe3|altsyncram:b2_rom|altsyncram_hct:auto_generated                                                                        ; work         ;
;    |altsyncram:hidden_rtl_0|                   ; 0 (0)       ; 0 (0)                     ; 0 (0)         ; 2016        ; 2    ; 0            ; 0       ; 0         ; 0    ; 0            ; 0 (0)        ; 0 (0)             ; 0 (0)            ; |ml_inference_pipe3|altsyncram:hidden_rtl_0                                                                                                ; work         ;
;       |altsyncram_4og1:auto_generated|         ; 0 (0)       ; 0 (0)                     ; 0 (0)         ; 2016        ; 2    ; 0            ; 0       ; 0         ; 0    ; 0            ; 0 (0)        ; 0 (0)             ; 0 (0)            ; |ml_inference_pipe3|altsyncram:hidden_rtl_0|altsyncram_4og1:auto_generated                                                                 ; work         ;
;    |altsyncram:input_mem_rtl_0|                ; 0 (0)       ; 0 (0)                     ; 0 (0)         ; 784         ; 1    ; 0            ; 0       ; 0         ; 0    ; 0            ; 0 (0)        ; 0 (0)             ; 0 (0)            ; |ml_inference_pipe3|altsyncram:input_mem_rtl_0                                                                                             ; work         ;
;       |altsyncram_mog1:auto_generated|         ; 0 (0)       ; 0 (0)                     ; 0 (0)         ; 784         ; 1    ; 0            ; 0       ; 0         ; 0    ; 0            ; 0 (0)        ; 0 (0)             ; 0 (0)            ; |ml_inference_pipe3|altsyncram:input_mem_rtl_0|altsyncram_mog1:auto_generated                                                              ; work         ;
;    |altsyncram:l1_rom|                         ; 1 (0)       ; 1 (0)                     ; 0 (0)         ; 50176       ; 16   ; 0            ; 0       ; 0         ; 0    ; 0            ; 0 (0)        ; 1 (0)             ; 0 (0)            ; |ml_inference_pipe3|altsyncram:l1_rom                                                                                                      ; work         ;
;       |altsyncram_vqt:auto_generated|          ; 1 (1)       ; 1 (1)                     ; 0 (0)         ; 50176       ; 16   ; 0            ; 0       ; 0         ; 0    ; 0            ; 0 (0)        ; 1 (1)             ; 0 (0)            ; |ml_inference_pipe3|altsyncram:l1_rom|altsyncram_vqt:auto_generated                                                                        ; work         ;
;    |altsyncram:l2_rom|                         ; 0 (0)       ; 0 (0)                     ; 0 (0)         ; 2560        ; 1    ; 0            ; 0       ; 0         ; 0    ; 0            ; 0 (0)        ; 0 (0)             ; 0 (0)            ; |ml_inference_pipe3|altsyncram:l2_rom                                                                                                      ; work         ;
;       |altsyncram_pnt:auto_generated|          ; 0 (0)       ; 0 (0)                     ; 0 (0)         ; 2560        ; 1    ; 0            ; 0       ; 0         ; 0    ; 0            ; 0 (0)        ; 0 (0)             ; 0 (0)            ; |ml_inference_pipe3|altsyncram:l2_rom|altsyncram_pnt:auto_generated                                                                        ; work         ;
;    |lpm_mult:Mult0|                            ; 17 (0)      ; 0 (0)                     ; 0 (0)         ; 0           ; 0    ; 0            ; 0       ; 0         ; 0    ; 0            ; 17 (0)       ; 0 (0)             ; 0 (0)            ; |ml_inference_pipe3|lpm_mult:Mult0                                                                                                         ; work         ;
;       |multcore:mult_core|                     ; 17 (7)      ; 0 (0)                     ; 0 (0)         ; 0           ; 0    ; 0            ; 0       ; 0         ; 0    ; 0            ; 17 (7)       ; 0 (0)             ; 0 (0)            ; |ml_inference_pipe3|lpm_mult:Mult0|multcore:mult_core                                                                                      ; work         ;
;          |mpar_add:padder|                     ; 10 (0)      ; 0 (0)                     ; 0 (0)         ; 0           ; 0    ; 0            ; 0       ; 0         ; 0    ; 0            ; 10 (0)       ; 0 (0)             ; 0 (0)            ; |ml_inference_pipe3|lpm_mult:Mult0|multcore:mult_core|mpar_add:padder                                                                      ; work         ;
;             |lpm_add_sub:adder[0]|             ; 7 (0)       ; 0 (0)                     ; 0 (0)         ; 0           ; 0    ; 0            ; 0       ; 0         ; 0    ; 0            ; 7 (0)        ; 0 (0)             ; 0 (0)            ; |ml_inference_pipe3|lpm_mult:Mult0|multcore:mult_core|mpar_add:padder|lpm_add_sub:adder[0]                                                 ; work         ;
;                |add_sub_15h:auto_generated|    ; 7 (7)       ; 0 (0)                     ; 0 (0)         ; 0           ; 0    ; 0            ; 0       ; 0         ; 0    ; 0            ; 7 (7)        ; 0 (0)             ; 0 (0)            ; |ml_inference_pipe3|lpm_mult:Mult0|multcore:mult_core|mpar_add:padder|lpm_add_sub:adder[0]|add_sub_15h:auto_generated                      ; work         ;
;             |mpar_add:sub_par_add|             ; 3 (0)       ; 0 (0)                     ; 0 (0)         ; 0           ; 0    ; 0            ; 0       ; 0         ; 0    ; 0            ; 3 (0)        ; 0 (0)             ; 0 (0)            ; |ml_inference_pipe3|lpm_mult:Mult0|multcore:mult_core|mpar_add:padder|mpar_add:sub_par_add                                                 ; work         ;
;                |lpm_add_sub:adder[0]|          ; 3 (0)       ; 0 (0)                     ; 0 (0)         ; 0           ; 0    ; 0            ; 0       ; 0         ; 0    ; 0            ; 3 (0)        ; 0 (0)             ; 0 (0)            ; |ml_inference_pipe3|lpm_mult:Mult0|multcore:mult_core|mpar_add:padder|mpar_add:sub_par_add|lpm_add_sub:adder[0]                            ; work         ;
;                   |add_sub_vfh:auto_generated| ; 3 (3)       ; 0 (0)                     ; 0 (0)         ; 0           ; 0    ; 0            ; 0       ; 0         ; 0    ; 0            ; 3 (3)        ; 0 (0)             ; 0 (0)            ; |ml_inference_pipe3|lpm_mult:Mult0|multcore:mult_core|mpar_add:padder|mpar_add:sub_par_add|lpm_add_sub:adder[0]|add_sub_vfh:auto_generated ; work         ;
;    |lpm_mult:Mult1|                            ; 0 (0)       ; 0 (0)                     ; 0 (0)         ; 0           ; 0    ; 1            ; 1       ; 0         ; 0    ; 0            ; 0 (0)        ; 0 (0)             ; 0 (0)            ; |ml_inference_pipe3|lpm_mult:Mult1                                                                                                         ; work         ;
;       |mult_fus:auto_generated|                ; 0 (0)       ; 0 (0)                     ; 0 (0)         ; 0           ; 0    ; 1            ; 1       ; 0         ; 0    ; 0            ; 0 (0)        ; 0 (0)             ; 0 (0)            ; |ml_inference_pipe3|lpm_mult:Mult1|mult_fus:auto_generated                                                                                 ; work         ;
;    |lpm_mult:Mult2|                            ; 85 (0)      ; 0 (0)                     ; 0 (0)         ; 0           ; 0    ; 8            ; 0       ; 4         ; 0    ; 0            ; 85 (0)       ; 0 (0)             ; 0 (0)            ; |ml_inference_pipe3|lpm_mult:Mult2                                                                                                         ; work         ;
;       |mult_90t:auto_generated|                ; 85 (85)     ; 0 (0)                     ; 0 (0)         ; 0           ; 0    ; 8            ; 0       ; 4         ; 0    ; 0            ; 85 (85)      ; 0 (0)             ; 0 (0)            ; |ml_inference_pipe3|lpm_mult:Mult2|mult_90t:auto_generated                                                                                 ; work         ;
+------------------------------------------------+-------------+---------------------------+---------------+-------------+------+--------------+---------+-----------+------+--------------+--------------+-------------------+------------------+--------------------------------------------------------------------------------------------------------------------------------------------+--------------+
Note: For table entries with two numbers listed, the numbers in parentheses indicate the number of resources of the given type used by the specific entity alone. The numbers listed outside of parentheses indicate the total resources of the given type used by the specific entity and all of its sub-entities in the hierarchy.


+-----------------------------------------------------------------------------------------------+
; Delay Chain Summary                                                                           ;
+----------------------+----------+---------------+---------------+-----------------------+-----+
; Name                 ; Pin Type ; Pad to Core 0 ; Pad to Core 1 ; Pad to Input Register ; TCO ;
+----------------------+----------+---------------+---------------+-----------------------+-----+
; busy                 ; Output   ; --            ; --            ; --                    ; --  ;
; result_valid         ; Output   ; --            ; --            ; --                    ; --  ;
; result_accepted      ; Output   ; --            ; --            ; --                    ; --  ;
; result_digit[0]      ; Output   ; --            ; --            ; --                    ; --  ;
; result_digit[1]      ; Output   ; --            ; --            ; --                    ; --  ;
; result_digit[2]      ; Output   ; --            ; --            ; --                    ; --  ;
; result_digit[3]      ; Output   ; --            ; --            ; --                    ; --  ;
; result_confidence[0] ; Output   ; --            ; --            ; --                    ; --  ;
; result_confidence[1] ; Output   ; --            ; --            ; --                    ; --  ;
; result_confidence[2] ; Output   ; --            ; --            ; --                    ; --  ;
; result_confidence[3] ; Output   ; --            ; --            ; --                    ; --  ;
; result_confidence[4] ; Output   ; --            ; --            ; --                    ; --  ;
; result_confidence[5] ; Output   ; --            ; --            ; --                    ; --  ;
; result_confidence[6] ; Output   ; --            ; --            ; --                    ; --  ;
; result_confidence[7] ; Output   ; --            ; --            ; --                    ; --  ;
; result_margin[0]     ; Output   ; --            ; --            ; --                    ; --  ;
; result_margin[1]     ; Output   ; --            ; --            ; --                    ; --  ;
; result_margin[2]     ; Output   ; --            ; --            ; --                    ; --  ;
; result_margin[3]     ; Output   ; --            ; --            ; --                    ; --  ;
; result_margin[4]     ; Output   ; --            ; --            ; --                    ; --  ;
; result_margin[5]     ; Output   ; --            ; --            ; --                    ; --  ;
; result_margin[6]     ; Output   ; --            ; --            ; --                    ; --  ;
; result_margin[7]     ; Output   ; --            ; --            ; --                    ; --  ;
; result_margin[8]     ; Output   ; --            ; --            ; --                    ; --  ;
; result_margin[9]     ; Output   ; --            ; --            ; --                    ; --  ;
; result_margin[10]    ; Output   ; --            ; --            ; --                    ; --  ;
; result_margin[11]    ; Output   ; --            ; --            ; --                    ; --  ;
; result_margin[12]    ; Output   ; --            ; --            ; --                    ; --  ;
; result_margin[13]    ; Output   ; --            ; --            ; --                    ; --  ;
; result_margin[14]    ; Output   ; --            ; --            ; --                    ; --  ;
; result_margin[15]    ; Output   ; --            ; --            ; --                    ; --  ;
; result_cycles[0]     ; Output   ; --            ; --            ; --                    ; --  ;
; result_cycles[1]     ; Output   ; --            ; --            ; --                    ; --  ;
; result_cycles[2]     ; Output   ; --            ; --            ; --                    ; --  ;
; result_cycles[3]     ; Output   ; --            ; --            ; --                    ; --  ;
; result_cycles[4]     ; Output   ; --            ; --            ; --                    ; --  ;
; result_cycles[5]     ; Output   ; --            ; --            ; --                    ; --  ;
; result_cycles[6]     ; Output   ; --            ; --            ; --                    ; --  ;
; result_cycles[7]     ; Output   ; --            ; --            ; --                    ; --  ;
; result_cycles[8]     ; Output   ; --            ; --            ; --                    ; --  ;
; result_cycles[9]     ; Output   ; --            ; --            ; --                    ; --  ;
; result_cycles[10]    ; Output   ; --            ; --            ; --                    ; --  ;
; result_cycles[11]    ; Output   ; --            ; --            ; --                    ; --  ;
; result_cycles[12]    ; Output   ; --            ; --            ; --                    ; --  ;
; result_cycles[13]    ; Output   ; --            ; --            ; --                    ; --  ;
; result_cycles[14]    ; Output   ; --            ; --            ; --                    ; --  ;
; result_cycles[15]    ; Output   ; --            ; --            ; --                    ; --  ;
; result_cycles[16]    ; Output   ; --            ; --            ; --                    ; --  ;
; result_cycles[17]    ; Output   ; --            ; --            ; --                    ; --  ;
; result_cycles[18]    ; Output   ; --            ; --            ; --                    ; --  ;
; result_cycles[19]    ; Output   ; --            ; --            ; --                    ; --  ;
; result_cycles[20]    ; Output   ; --            ; --            ; --                    ; --  ;
; result_cycles[21]    ; Output   ; --            ; --            ; --                    ; --  ;
; result_cycles[22]    ; Output   ; --            ; --            ; --                    ; --  ;
; result_cycles[23]    ; Output   ; --            ; --            ; --                    ; --  ;
; result_cycles[24]    ; Output   ; --            ; --            ; --                    ; --  ;
; result_cycles[25]    ; Output   ; --            ; --            ; --                    ; --  ;
; result_cycles[26]    ; Output   ; --            ; --            ; --                    ; --  ;
; result_cycles[27]    ; Output   ; --            ; --            ; --                    ; --  ;
; result_cycles[28]    ; Output   ; --            ; --            ; --                    ; --  ;
; result_cycles[29]    ; Output   ; --            ; --            ; --                    ; --  ;
; result_cycles[30]    ; Output   ; --            ; --            ; --                    ; --  ;
; result_cycles[31]    ; Output   ; --            ; --            ; --                    ; --  ;
; reset_n              ; Input    ; (0) 171 ps    ; (0) 171 ps    ; --                    ; --  ;
; clk                  ; Input    ; (0) 171 ps    ; (0) 171 ps    ; --                    ; --  ;
; input_frame_error    ; Input    ; (0) 171 ps    ; (0) 171 ps    ; --                    ; --  ;
; input_frame_valid    ; Input    ; (0) 171 ps    ; (0) 171 ps    ; --                    ; --  ;
; input_frame_last     ; Input    ; (0) 171 ps    ; (0) 171 ps    ; --                    ; --  ;
; input_pixel_index[0] ; Input    ; (6) 2514 ps   ; (6) 2514 ps   ; --                    ; --  ;
; input_pixel_index[1] ; Input    ; (6) 2514 ps   ; (6) 2514 ps   ; --                    ; --  ;
; input_pixel_index[2] ; Input    ; (6) 2514 ps   ; (6) 2514 ps   ; --                    ; --  ;
; input_pixel_index[3] ; Input    ; (6) 2514 ps   ; (6) 2514 ps   ; --                    ; --  ;
; input_pixel_index[6] ; Input    ; (6) 2514 ps   ; (6) 2514 ps   ; --                    ; --  ;
; input_pixel_index[7] ; Input    ; (6) 2514 ps   ; (6) 2514 ps   ; --                    ; --  ;
; input_pixel_index[4] ; Input    ; (0) 171 ps    ; (0) 171 ps    ; --                    ; --  ;
; input_pixel_index[5] ; Input    ; (0) 171 ps    ; (0) 171 ps    ; --                    ; --  ;
; input_pixel[0]       ; Input    ; (0) 171 ps    ; (0) 171 ps    ; --                    ; --  ;
; input_pixel[1]       ; Input    ; (6) 2514 ps   ; (6) 2514 ps   ; --                    ; --  ;
; input_pixel[2]       ; Input    ; (6) 2514 ps   ; (6) 2514 ps   ; --                    ; --  ;
; input_pixel[3]       ; Input    ; (6) 2514 ps   ; (6) 2514 ps   ; --                    ; --  ;
+----------------------+----------+---------------+---------------+-----------------------+-----+


+-------------------------------------------------------------------------------------------------------------+
; Pad To Core Delay Chain Fanout                                                                              ;
+-------------------------------------------------------------------------------+-------------------+---------+
; Source Pin / Fanout                                                           ; Pad To Core Index ; Setting ;
+-------------------------------------------------------------------------------+-------------------+---------+
; reset_n                                                                       ;                   ;         ;
; clk                                                                           ;                   ;         ;
; input_frame_error                                                             ;                   ;         ;
; input_frame_valid                                                             ;                   ;         ;
; input_frame_last                                                              ;                   ;         ;
; input_pixel_index[0]                                                          ;                   ;         ;
;      - altsyncram:input_mem_rtl_0|altsyncram_mog1:auto_generated|ram_block1a0 ; 0                 ; 6       ;
;      - Equal0~0                                                               ; 0                 ; 6       ;
;      - input_mem_rtl_0_bypass[1]                                              ; 0                 ; 6       ;
; input_pixel_index[1]                                                          ;                   ;         ;
;      - altsyncram:input_mem_rtl_0|altsyncram_mog1:auto_generated|ram_block1a0 ; 0                 ; 6       ;
;      - Equal0~0                                                               ; 0                 ; 6       ;
;      - input_mem_rtl_0_bypass[3]                                              ; 0                 ; 6       ;
; input_pixel_index[2]                                                          ;                   ;         ;
;      - altsyncram:input_mem_rtl_0|altsyncram_mog1:auto_generated|ram_block1a0 ; 0                 ; 6       ;
;      - Equal0~0                                                               ; 0                 ; 6       ;
;      - input_mem_rtl_0_bypass[5]                                              ; 0                 ; 6       ;
; input_pixel_index[3]                                                          ;                   ;         ;
;      - altsyncram:input_mem_rtl_0|altsyncram_mog1:auto_generated|ram_block1a0 ; 1                 ; 6       ;
;      - Equal0~0                                                               ; 1                 ; 6       ;
;      - input_mem_rtl_0_bypass[7]~feeder                                       ; 1                 ; 6       ;
; input_pixel_index[6]                                                          ;                   ;         ;
;      - altsyncram:input_mem_rtl_0|altsyncram_mog1:auto_generated|ram_block1a0 ; 0                 ; 6       ;
;      - Equal0~1                                                               ; 0                 ; 6       ;
;      - input_mem_rtl_0_bypass[13]                                             ; 0                 ; 6       ;
; input_pixel_index[7]                                                          ;                   ;         ;
;      - altsyncram:input_mem_rtl_0|altsyncram_mog1:auto_generated|ram_block1a0 ; 0                 ; 6       ;
;      - Equal0~1                                                               ; 0                 ; 6       ;
;      - input_mem_rtl_0_bypass[15]                                             ; 0                 ; 6       ;
; input_pixel_index[4]                                                          ;                   ;         ;
; input_pixel_index[5]                                                          ;                   ;         ;
; input_pixel[0]                                                                ;                   ;         ;
; input_pixel[1]                                                                ;                   ;         ;
;      - input_mem_rtl_0_bypass[18]                                             ; 0                 ; 6       ;
;      - altsyncram:input_mem_rtl_0|altsyncram_mog1:auto_generated|ram_block1a0 ; 0                 ; 6       ;
; input_pixel[2]                                                                ;                   ;         ;
;      - input_mem_rtl_0_bypass[19]                                             ; 0                 ; 6       ;
;      - altsyncram:input_mem_rtl_0|altsyncram_mog1:auto_generated|ram_block1a0 ; 0                 ; 6       ;
; input_pixel[3]                                                                ;                   ;         ;
;      - input_mem_rtl_0_bypass[20]                                             ; 0                 ; 6       ;
;      - altsyncram:input_mem_rtl_0|altsyncram_mog1:auto_generated|ram_block1a0 ; 0                 ; 6       ;
+-------------------------------------------------------------------------------+-------------------+---------+


+--------------------------------------------------------------------------------------------------------------------------------------------------+
; Control Signals                                                                                                                                  ;
+---------------------+--------------------+---------+--------------+--------+----------------------+------------------+---------------------------+
; Name                ; Location           ; Fan-Out ; Usage        ; Global ; Global Resource Used ; Global Line Name ; Enable Signal Source Name ;
+---------------------+--------------------+---------+--------------+--------+----------------------+------------------+---------------------------+
; Add0~20             ; LCCOMB_X14_Y13_N26 ; 17      ; Clock enable ; no     ; --                   ; --               ; --                        ;
; Decoder0~11         ; LCCOMB_X18_Y2_N16  ; 64      ; Clock enable ; no     ; --                   ; --               ; --                        ;
; Decoder0~14         ; LCCOMB_X10_Y2_N0   ; 64      ; Clock enable ; no     ; --                   ; --               ; --                        ;
; Decoder0~15         ; LCCOMB_X10_Y2_N18  ; 64      ; Clock enable ; no     ; --                   ; --               ; --                        ;
; Decoder0~16         ; LCCOMB_X10_Y2_N24  ; 64      ; Clock enable ; no     ; --                   ; --               ; --                        ;
; Decoder0~17         ; LCCOMB_X10_Y2_N22  ; 64      ; Clock enable ; no     ; --                   ; --               ; --                        ;
; Decoder0~18         ; LCCOMB_X10_Y2_N12  ; 64      ; Clock enable ; no     ; --                   ; --               ; --                        ;
; Decoder0~19         ; LCCOMB_X10_Y2_N6   ; 64      ; Clock enable ; no     ; --                   ; --               ; --                        ;
; Decoder0~20         ; LCCOMB_X10_Y2_N16  ; 64      ; Clock enable ; no     ; --                   ; --               ; --                        ;
; Decoder0~21         ; LCCOMB_X10_Y2_N10  ; 64      ; Clock enable ; no     ; --                   ; --               ; --                        ;
; acc[19]~3           ; LCCOMB_X25_Y10_N16 ; 64      ; Clock enable ; no     ; --                   ; --               ; --                        ;
; clk                 ; PIN_17             ; 1088    ; Clock        ; yes    ; Global Clock         ; GCLK2            ; --                        ;
; hidden_reg[62]~0    ; LCCOMB_X17_Y12_N28 ; 5       ; Clock enable ; no     ; --                   ; --               ; --                        ;
; hidden~0            ; LCCOMB_X24_Y12_N2  ; 3       ; Write enable ; no     ; --                   ; --               ; --                        ;
; input_mem~10        ; LCCOMB_X13_Y13_N6  ; 2       ; Write enable ; no     ; --                   ; --               ; --                        ;
; neuron[5]~5         ; LCCOMB_X13_Y12_N18 ; 27      ; Clock enable ; no     ; --                   ; --               ; --                        ;
; output_n[27]~100    ; LCCOMB_X13_Y12_N2  ; 32      ; Clock enable ; no     ; --                   ; --               ; --                        ;
; output_n[27]~37     ; LCCOMB_X9_Y3_N12   ; 32      ; Sync. clear  ; no     ; --                   ; --               ; --                        ;
; pixel_idx[14]~23    ; LCCOMB_X12_Y13_N12 ; 24      ; Clock enable ; no     ; --                   ; --               ; --                        ;
; product_reg[63]~0   ; LCCOMB_X17_Y12_N18 ; 64      ; Clock enable ; no     ; --                   ; --               ; --                        ;
; reset_n             ; PIN_88             ; 215     ; Sync. clear  ; no     ; --                   ; --               ; --                        ;
; result_cycles[29]~0 ; LCCOMB_X6_Y11_N28  ; 33      ; Clock enable ; no     ; --                   ; --               ; --                        ;
; state.O_READ        ; LCFF_X13_Y12_N17   ; 10      ; Sync. load   ; no     ; --                   ; --               ; --                        ;
; state~32            ; LCCOMB_X13_Y11_N10 ; 65      ; Clock enable ; no     ; --                   ; --               ; --                        ;
; state~36            ; LCCOMB_X12_Y12_N18 ; 32      ; Clock enable ; no     ; --                   ; --               ; --                        ;
; state~40            ; LCCOMB_X17_Y12_N14 ; 2       ; Clock enable ; no     ; --                   ; --               ; --                        ;
; weight_reg[7]~8     ; LCCOMB_X17_Y12_N30 ; 8       ; Clock enable ; no     ; --                   ; --               ; --                        ;
+---------------------+--------------------+---------+--------------+--------+----------------------+------------------+---------------------------+


+-------------------------------------------------------------------------------------------------+
; Global & Other Fast Signals                                                                     ;
+------+----------+---------+----------------------+------------------+---------------------------+
; Name ; Location ; Fan-Out ; Global Resource Used ; Global Line Name ; Enable Signal Source Name ;
+------+----------+---------+----------------------+------------------+---------------------------+
; clk  ; PIN_17   ; 1088    ; Global Clock         ; GCLK2            ; --                        ;
+------+----------+---------+----------------------+------------------+---------------------------+


+----------------------------------------------------------------------------+
; Non-Global High Fan-Out Signals                                            ;
+------------------------------------------------------------------+---------+
; Name                                                             ; Fan-Out ;
+------------------------------------------------------------------+---------+
; reset_n                                                          ; 215     ;
; LessThan18~126                                                   ; 195     ;
; LessThan16~126                                                   ; 195     ;
; LessThan14~126                                                   ; 195     ;
; LessThan12~126                                                   ; 195     ;
; LessThan10~126                                                   ; 195     ;
; LessThan8~126                                                    ; 195     ;
; LessThan6~126                                                    ; 194     ;
; LessThan4~126                                                    ; 193     ;
; LessThan3~126                                                    ; 129     ;
; acc~0                                                            ; 88      ;
; LessThan7~126                                                    ; 88      ;
; LessThan9~126                                                    ; 84      ;
; state.O_ACCUM                                                    ; 76      ;
; LessThan19~126                                                   ; 74      ;
; LessThan17~126                                                   ; 74      ;
; LessThan15~126                                                   ; 74      ;
; LessThan13~126                                                   ; 74      ;
; LessThan11~126                                                   ; 74      ;
; state.O_MAC                                                      ; 66      ;
; Equal3~10                                                        ; 65      ;
; state~32                                                         ; 65      ;
; acc[19]~3                                                        ; 64      ;
; product_reg[63]~0                                                ; 64      ;
; Decoder0~21                                                      ; 64      ;
; Decoder0~20                                                      ; 64      ;
; Decoder0~19                                                      ; 64      ;
; Decoder0~18                                                      ; 64      ;
; Decoder0~17                                                      ; 64      ;
; Decoder0~16                                                      ; 64      ;
; Decoder0~15                                                      ; 64      ;
; Decoder0~14                                                      ; 64      ;
; Decoder0~11                                                      ; 64      ;
; LessThan5~126                                                    ; 64      ;
; next_acc~64                                                      ; 63      ;
; Equal1~10                                                        ; 63      ;
; hidden~4                                                         ; 63      ;
; lpm_mult:Mult1|mult_fus:auto_generated|mac_out2~DATAOUT12        ; 52      ;
; state.FINISH                                                     ; 45      ;
; result_cycles[29]~0                                              ; 33      ;
; altsyncram:b1_rom|altsyncram_mct:auto_generated|q_a[31]          ; 33      ;
; altsyncram:b2_rom|altsyncram_hct:auto_generated|q_a[31]          ; 33      ;
; output_n[27]~100                                                 ; 32      ;
; state~36                                                         ; 32      ;
; output_n[27]~37                                                  ; 32      ;
; state.REJECT_FRAME                                               ; 32      ;
; neuron[5]~5                                                      ; 27      ;
; neuron[5]~0                                                      ; 27      ;
; state.H_ACCUM                                                    ; 26      ;
; pixel_idx[14]~23                                                 ; 24      ;
; pixel_idx[1]                                                     ; 21      ;
; pixel_idx[0]                                                     ; 21      ;
; Equal4~2                                                         ; 20      ;
; neuron[0]                                                        ; 17      ;
; Add0~20                                                          ; 17      ;
; state.H_NEXT                                                     ; 16      ;
; LessThan23~14                                                    ; 16      ;
; LessThan23~9                                                     ; 16      ;
; LessThan23~4                                                     ; 16      ;
; Selector369~2                                                    ; 16      ;
; neuron[1]                                                        ; 16      ;
; Add0~18                                                          ; 16      ;
; Add0~16                                                          ; 16      ;
; Add0~14                                                          ; 16      ;
; Add0~12                                                          ; 16      ;
; Add0~10                                                          ; 16      ;
; Add0~8                                                           ; 16      ;
; Add0~6                                                           ; 16      ;
; Add0~4                                                           ; 16      ;
; Add0~2                                                           ; 16      ;
; Add0~0                                                           ; 16      ;
; neuron[2]                                                        ; 15      ;
; neuron[3]                                                        ; 14      ;
; neuron[4]                                                        ; 14      ;
; output_n[0]                                                      ; 13      ;
; output_n[2]                                                      ; 12      ;
; output_n[1]                                                      ; 12      ;
; pixel_idx~16                                                     ; 11      ;
; Selector2~1                                                      ; 11      ;
; state.O_READ                                                     ; 10      ;
; next_acc~63                                                      ; 10      ;
; next_acc~62                                                      ; 10      ;
; next_acc~61                                                      ; 10      ;
; next_acc~60                                                      ; 10      ;
; next_acc~59                                                      ; 10      ;
; next_acc~58                                                      ; 10      ;
; next_acc~57                                                      ; 10      ;
; next_acc~56                                                      ; 10      ;
; next_acc~55                                                      ; 10      ;
; next_acc~54                                                      ; 10      ;
; next_acc~53                                                      ; 10      ;
; next_acc~52                                                      ; 10      ;
; next_acc~51                                                      ; 10      ;
; next_acc~50                                                      ; 10      ;
; next_acc~49                                                      ; 10      ;
; next_acc~48                                                      ; 10      ;
; next_acc~47                                                      ; 10      ;
; next_acc~46                                                      ; 10      ;
; next_acc~45                                                      ; 10      ;
; next_acc~44                                                      ; 10      ;
; next_acc~43                                                      ; 10      ;
; next_acc~42                                                      ; 10      ;
; next_acc~41                                                      ; 10      ;
; next_acc~40                                                      ; 10      ;
; next_acc~39                                                      ; 10      ;
; next_acc~38                                                      ; 10      ;
; next_acc~37                                                      ; 10      ;
; next_acc~36                                                      ; 10      ;
; next_acc~35                                                      ; 10      ;
; next_acc~34                                                      ; 10      ;
; next_acc~33                                                      ; 10      ;
; next_acc~32                                                      ; 10      ;
; next_acc~31                                                      ; 10      ;
; next_acc~30                                                      ; 10      ;
; next_acc~29                                                      ; 10      ;
; next_acc~28                                                      ; 10      ;
; next_acc~27                                                      ; 10      ;
; next_acc~26                                                      ; 10      ;
; next_acc~25                                                      ; 10      ;
; next_acc~24                                                      ; 10      ;
; next_acc~23                                                      ; 10      ;
; next_acc~22                                                      ; 10      ;
; next_acc~21                                                      ; 10      ;
; next_acc~20                                                      ; 10      ;
; next_acc~19                                                      ; 10      ;
; next_acc~18                                                      ; 10      ;
; next_acc~17                                                      ; 10      ;
; next_acc~16                                                      ; 10      ;
; next_acc~15                                                      ; 10      ;
; next_acc~14                                                      ; 10      ;
; next_acc~13                                                      ; 10      ;
; next_acc~12                                                      ; 10      ;
; next_acc~11                                                      ; 10      ;
; next_acc~10                                                      ; 10      ;
; next_acc~9                                                       ; 10      ;
; next_acc~8                                                       ; 10      ;
; next_acc~7                                                       ; 10      ;
; next_acc~6                                                       ; 10      ;
; next_acc~5                                                       ; 10      ;
; next_acc~4                                                       ; 10      ;
; next_acc~3                                                       ; 10      ;
; next_acc~2                                                       ; 10      ;
; next_acc~1                                                       ; 10      ;
; next_acc~0                                                       ; 10      ;
; scan_best~512                                                    ; 10      ;
; state.IDLE                                                       ; 9       ;
; weight_reg[7]~8                                                  ; 8       ;
; altsyncram:l1_rom|altsyncram_vqt:auto_generated|address_reg_a[0] ; 8       ;
; Decoder0~13                                                      ; 8       ;
; LessThan21~17                                                    ; 8       ;
; pixel_idx[7]                                                     ; 6       ;
; pixel_idx[6]                                                     ; 6       ;
; Equal5~1                                                         ; 6       ;
; neuron[5]                                                        ; 6       ;
; Equal1~8                                                         ; 5       ;
; pixel_idx[5]                                                     ; 5       ;
; pixel_idx[4]                                                     ; 5       ;
; pixel_idx[3]                                                     ; 5       ;
; pixel_idx[2]                                                     ; 5       ;
; hidden_reg[62]~0                                                 ; 5       ;
; neuron~35                                                        ; 5       ;
; neuron~33                                                        ; 5       ;
; neuron[6]                                                        ; 5       ;
; weight_reg[7]                                                    ; 5       ;
; weight_reg[6]                                                    ; 5       ;
; weight_reg[5]                                                    ; 5       ;
; weight_reg[4]                                                    ; 5       ;
; weight_reg[3]                                                    ; 5       ;
; weight_reg[2]                                                    ; 5       ;
; weight_reg[1]                                                    ; 5       ;
; weight_reg[0]                                                    ; 5       ;
; state.LOAD                                                       ; 5       ;
; output_n[3]                                                      ; 5       ;
; input_frame_valid                                                ; 4       ;
; input_frame_error                                                ; 4       ;
; input_mem~5                                                      ; 4       ;
; Selector2~0                                                      ; 4       ;
; scores[9][0]                                                     ; 4       ;
; scores[9][1]                                                     ; 4       ;
; scores[9][2]                                                     ; 4       ;
; scores[9][3]                                                     ; 4       ;
; scores[9][4]                                                     ; 4       ;
; scores[9][5]                                                     ; 4       ;
; scores[9][6]                                                     ; 4       ;
; scores[9][7]                                                     ; 4       ;
; scores[9][8]                                                     ; 4       ;
; scores[9][9]                                                     ; 4       ;
; scores[9][10]                                                    ; 4       ;
; scores[9][11]                                                    ; 4       ;
; scores[9][12]                                                    ; 4       ;
; scores[9][13]                                                    ; 4       ;
; scores[9][14]                                                    ; 4       ;
; scores[9][15]                                                    ; 4       ;
; scores[9][16]                                                    ; 4       ;
; scores[9][17]                                                    ; 4       ;
; scores[9][18]                                                    ; 4       ;
; scores[9][19]                                                    ; 4       ;
; scores[9][20]                                                    ; 4       ;
; scores[9][21]                                                    ; 4       ;
; scores[9][22]                                                    ; 4       ;
; scores[9][23]                                                    ; 4       ;
; scores[9][24]                                                    ; 4       ;
; scores[9][25]                                                    ; 4       ;
; scores[9][26]                                                    ; 4       ;
; scores[9][27]                                                    ; 4       ;
; scores[9][28]                                                    ; 4       ;
; scores[9][29]                                                    ; 4       ;
; scores[9][30]                                                    ; 4       ;
; scores[9][31]                                                    ; 4       ;
; scores[9][32]                                                    ; 4       ;
; scores[9][33]                                                    ; 4       ;
; scores[9][34]                                                    ; 4       ;
; scores[9][35]                                                    ; 4       ;
; scores[9][36]                                                    ; 4       ;
; scores[9][37]                                                    ; 4       ;
; scores[9][38]                                                    ; 4       ;
; scores[9][39]                                                    ; 4       ;
; scores[9][40]                                                    ; 4       ;
; scores[9][41]                                                    ; 4       ;
; scores[9][42]                                                    ; 4       ;
; scores[9][43]                                                    ; 4       ;
; scores[9][44]                                                    ; 4       ;
; scores[9][45]                                                    ; 4       ;
; scores[9][46]                                                    ; 4       ;
; scores[9][47]                                                    ; 4       ;
; scores[9][48]                                                    ; 4       ;
; scores[9][49]                                                    ; 4       ;
; scores[9][50]                                                    ; 4       ;
; scores[9][51]                                                    ; 4       ;
; scores[9][52]                                                    ; 4       ;
; scores[9][53]                                                    ; 4       ;
; scores[9][54]                                                    ; 4       ;
; scores[9][55]                                                    ; 4       ;
; scores[9][56]                                                    ; 4       ;
; scores[9][57]                                                    ; 4       ;
; scores[9][58]                                                    ; 4       ;
; scores[9][59]                                                    ; 4       ;
; scores[9][60]                                                    ; 4       ;
; scores[9][61]                                                    ; 4       ;
; scores[9][62]                                                    ; 4       ;
; scores[8][0]                                                     ; 4       ;
; scores[8][1]                                                     ; 4       ;
; scores[8][2]                                                     ; 4       ;
; scores[8][3]                                                     ; 4       ;
; scores[8][4]                                                     ; 4       ;
; scores[8][5]                                                     ; 4       ;
; scores[8][6]                                                     ; 4       ;
; scores[8][7]                                                     ; 4       ;
; scores[8][8]                                                     ; 4       ;
; scores[8][9]                                                     ; 4       ;
; scores[8][10]                                                    ; 4       ;
; scores[8][11]                                                    ; 4       ;
; scores[8][12]                                                    ; 4       ;
; scores[8][13]                                                    ; 4       ;
; scores[8][14]                                                    ; 4       ;
; scores[8][15]                                                    ; 4       ;
; scores[8][16]                                                    ; 4       ;
; scores[8][17]                                                    ; 4       ;
; scores[8][18]                                                    ; 4       ;
; scores[8][19]                                                    ; 4       ;
; scores[8][20]                                                    ; 4       ;
; scores[8][21]                                                    ; 4       ;
; scores[8][22]                                                    ; 4       ;
; scores[8][23]                                                    ; 4       ;
; scores[8][24]                                                    ; 4       ;
; scores[8][25]                                                    ; 4       ;
; scores[8][26]                                                    ; 4       ;
; scores[8][27]                                                    ; 4       ;
; scores[8][28]                                                    ; 4       ;
; scores[8][29]                                                    ; 4       ;
; scores[8][30]                                                    ; 4       ;
; scores[8][31]                                                    ; 4       ;
; scores[8][32]                                                    ; 4       ;
; scores[8][33]                                                    ; 4       ;
; scores[8][34]                                                    ; 4       ;
; scores[8][35]                                                    ; 4       ;
; scores[8][36]                                                    ; 4       ;
; scores[8][37]                                                    ; 4       ;
; scores[8][38]                                                    ; 4       ;
; scores[8][39]                                                    ; 4       ;
; scores[8][40]                                                    ; 4       ;
; scores[8][41]                                                    ; 4       ;
; scores[8][42]                                                    ; 4       ;
; scores[8][43]                                                    ; 4       ;
; scores[8][44]                                                    ; 4       ;
; scores[8][45]                                                    ; 4       ;
; scores[8][46]                                                    ; 4       ;
; scores[8][47]                                                    ; 4       ;
; scores[8][48]                                                    ; 4       ;
; scores[8][49]                                                    ; 4       ;
; scores[8][50]                                                    ; 4       ;
; scores[8][51]                                                    ; 4       ;
; scores[8][52]                                                    ; 4       ;
; scores[8][53]                                                    ; 4       ;
; scores[8][54]                                                    ; 4       ;
; scores[8][55]                                                    ; 4       ;
; scores[8][56]                                                    ; 4       ;
; scores[8][57]                                                    ; 4       ;
; scores[8][58]                                                    ; 4       ;
; scores[8][59]                                                    ; 4       ;
; scores[8][60]                                                    ; 4       ;
; scores[8][61]                                                    ; 4       ;
; scores[8][62]                                                    ; 4       ;
; scores[7][0]                                                     ; 4       ;
; scores[7][1]                                                     ; 4       ;
; scores[7][2]                                                     ; 4       ;
; scores[7][3]                                                     ; 4       ;
; scores[7][4]                                                     ; 4       ;
; scores[7][5]                                                     ; 4       ;
; scores[7][6]                                                     ; 4       ;
; scores[7][7]                                                     ; 4       ;
; scores[7][8]                                                     ; 4       ;
; scores[7][9]                                                     ; 4       ;
; scores[7][10]                                                    ; 4       ;
; scores[7][11]                                                    ; 4       ;
; scores[7][12]                                                    ; 4       ;
; scores[7][13]                                                    ; 4       ;
; scores[7][14]                                                    ; 4       ;
; scores[7][15]                                                    ; 4       ;
; scores[7][16]                                                    ; 4       ;
; scores[7][17]                                                    ; 4       ;
; scores[7][18]                                                    ; 4       ;
; scores[7][19]                                                    ; 4       ;
; scores[7][20]                                                    ; 4       ;
; scores[7][21]                                                    ; 4       ;
; scores[7][22]                                                    ; 4       ;
; scores[7][23]                                                    ; 4       ;
; scores[7][24]                                                    ; 4       ;
; scores[7][25]                                                    ; 4       ;
; scores[7][26]                                                    ; 4       ;
; scores[7][27]                                                    ; 4       ;
; scores[7][28]                                                    ; 4       ;
; scores[7][29]                                                    ; 4       ;
; scores[7][30]                                                    ; 4       ;
; scores[7][31]                                                    ; 4       ;
; scores[7][32]                                                    ; 4       ;
; scores[7][33]                                                    ; 4       ;
; scores[7][34]                                                    ; 4       ;
; scores[7][35]                                                    ; 4       ;
; scores[7][36]                                                    ; 4       ;
; scores[7][37]                                                    ; 4       ;
; scores[7][38]                                                    ; 4       ;
; scores[7][39]                                                    ; 4       ;
; scores[7][40]                                                    ; 4       ;
; scores[7][41]                                                    ; 4       ;
; scores[7][42]                                                    ; 4       ;
; scores[7][43]                                                    ; 4       ;
; scores[7][44]                                                    ; 4       ;
; scores[7][45]                                                    ; 4       ;
; scores[7][46]                                                    ; 4       ;
; scores[7][47]                                                    ; 4       ;
; scores[7][48]                                                    ; 4       ;
; scores[7][49]                                                    ; 4       ;
; scores[7][50]                                                    ; 4       ;
; scores[7][51]                                                    ; 4       ;
; scores[7][52]                                                    ; 4       ;
; scores[7][53]                                                    ; 4       ;
; scores[7][54]                                                    ; 4       ;
; scores[7][55]                                                    ; 4       ;
; scores[7][56]                                                    ; 4       ;
; scores[7][57]                                                    ; 4       ;
; scores[7][58]                                                    ; 4       ;
; scores[7][59]                                                    ; 4       ;
; scores[7][60]                                                    ; 4       ;
; scores[7][61]                                                    ; 4       ;
; scores[7][62]                                                    ; 4       ;
; scores[6][0]                                                     ; 4       ;
; scores[6][1]                                                     ; 4       ;
; scores[6][2]                                                     ; 4       ;
; scores[6][3]                                                     ; 4       ;
; scores[6][4]                                                     ; 4       ;
; scores[6][5]                                                     ; 4       ;
; scores[6][6]                                                     ; 4       ;
; scores[6][7]                                                     ; 4       ;
; scores[6][8]                                                     ; 4       ;
; scores[6][9]                                                     ; 4       ;
; scores[6][10]                                                    ; 4       ;
; scores[6][11]                                                    ; 4       ;
; scores[6][12]                                                    ; 4       ;
; scores[6][13]                                                    ; 4       ;
; scores[6][14]                                                    ; 4       ;
; scores[6][15]                                                    ; 4       ;
; scores[6][16]                                                    ; 4       ;
; scores[6][17]                                                    ; 4       ;
; scores[6][18]                                                    ; 4       ;
; scores[6][19]                                                    ; 4       ;
; scores[6][20]                                                    ; 4       ;
; scores[6][21]                                                    ; 4       ;
; scores[6][22]                                                    ; 4       ;
; scores[6][23]                                                    ; 4       ;
; scores[6][24]                                                    ; 4       ;
; scores[6][25]                                                    ; 4       ;
; scores[6][26]                                                    ; 4       ;
; scores[6][27]                                                    ; 4       ;
; scores[6][28]                                                    ; 4       ;
; scores[6][29]                                                    ; 4       ;
; scores[6][30]                                                    ; 4       ;
; scores[6][31]                                                    ; 4       ;
; scores[6][32]                                                    ; 4       ;
; scores[6][33]                                                    ; 4       ;
; scores[6][34]                                                    ; 4       ;
; scores[6][35]                                                    ; 4       ;
; scores[6][36]                                                    ; 4       ;
; scores[6][37]                                                    ; 4       ;
; scores[6][38]                                                    ; 4       ;
; scores[6][39]                                                    ; 4       ;
; scores[6][40]                                                    ; 4       ;
; scores[6][41]                                                    ; 4       ;
; scores[6][42]                                                    ; 4       ;
; scores[6][43]                                                    ; 4       ;
; scores[6][44]                                                    ; 4       ;
; scores[6][45]                                                    ; 4       ;
; scores[6][46]                                                    ; 4       ;
; scores[6][47]                                                    ; 4       ;
; scores[6][48]                                                    ; 4       ;
; scores[6][49]                                                    ; 4       ;
; scores[6][50]                                                    ; 4       ;
; scores[6][51]                                                    ; 4       ;
; scores[6][52]                                                    ; 4       ;
; scores[6][53]                                                    ; 4       ;
; scores[6][54]                                                    ; 4       ;
; scores[6][55]                                                    ; 4       ;
; scores[6][56]                                                    ; 4       ;
; scores[6][57]                                                    ; 4       ;
; scores[6][58]                                                    ; 4       ;
; scores[6][59]                                                    ; 4       ;
; scores[6][60]                                                    ; 4       ;
; scores[6][61]                                                    ; 4       ;
; scores[6][62]                                                    ; 4       ;
; scores[5][0]                                                     ; 4       ;
; scores[5][1]                                                     ; 4       ;
; scores[5][2]                                                     ; 4       ;
; scores[5][3]                                                     ; 4       ;
; scores[5][4]                                                     ; 4       ;
; scores[5][5]                                                     ; 4       ;
; scores[5][6]                                                     ; 4       ;
; scores[5][7]                                                     ; 4       ;
; scores[5][8]                                                     ; 4       ;
; scores[5][9]                                                     ; 4       ;
; scores[5][10]                                                    ; 4       ;
; scores[5][11]                                                    ; 4       ;
; scores[5][12]                                                    ; 4       ;
; scores[5][13]                                                    ; 4       ;
; scores[5][14]                                                    ; 4       ;
; scores[5][15]                                                    ; 4       ;
; scores[5][16]                                                    ; 4       ;
; scores[5][17]                                                    ; 4       ;
; scores[5][18]                                                    ; 4       ;
; scores[5][19]                                                    ; 4       ;
; scores[5][20]                                                    ; 4       ;
; scores[5][21]                                                    ; 4       ;
; scores[5][22]                                                    ; 4       ;
; scores[5][23]                                                    ; 4       ;
; scores[5][24]                                                    ; 4       ;
; scores[5][25]                                                    ; 4       ;
; scores[5][26]                                                    ; 4       ;
; scores[5][27]                                                    ; 4       ;
; scores[5][28]                                                    ; 4       ;
; scores[5][29]                                                    ; 4       ;
; scores[5][30]                                                    ; 4       ;
; scores[5][31]                                                    ; 4       ;
; scores[5][32]                                                    ; 4       ;
; scores[5][33]                                                    ; 4       ;
; scores[5][34]                                                    ; 4       ;
; scores[5][35]                                                    ; 4       ;
; scores[5][36]                                                    ; 4       ;
; scores[5][37]                                                    ; 4       ;
; scores[5][38]                                                    ; 4       ;
; scores[5][39]                                                    ; 4       ;
; scores[5][40]                                                    ; 4       ;
; scores[5][41]                                                    ; 4       ;
; scores[5][42]                                                    ; 4       ;
; scores[5][43]                                                    ; 4       ;
; scores[5][44]                                                    ; 4       ;
; scores[5][45]                                                    ; 4       ;
; scores[5][46]                                                    ; 4       ;
; scores[5][47]                                                    ; 4       ;
; scores[5][48]                                                    ; 4       ;
; scores[5][49]                                                    ; 4       ;
; scores[5][50]                                                    ; 4       ;
; scores[5][51]                                                    ; 4       ;
; scores[5][52]                                                    ; 4       ;
; scores[5][53]                                                    ; 4       ;
; scores[5][54]                                                    ; 4       ;
; scores[5][55]                                                    ; 4       ;
; scores[5][56]                                                    ; 4       ;
; scores[5][57]                                                    ; 4       ;
; scores[5][58]                                                    ; 4       ;
; scores[5][59]                                                    ; 4       ;
; scores[5][60]                                                    ; 4       ;
; scores[5][61]                                                    ; 4       ;
; scores[5][62]                                                    ; 4       ;
; scores[4][0]                                                     ; 4       ;
; scores[4][1]                                                     ; 4       ;
; scores[4][2]                                                     ; 4       ;
; scores[4][3]                                                     ; 4       ;
; scores[4][4]                                                     ; 4       ;
; scores[4][5]                                                     ; 4       ;
; scores[4][6]                                                     ; 4       ;
; scores[4][7]                                                     ; 4       ;
; scores[4][8]                                                     ; 4       ;
; scores[4][9]                                                     ; 4       ;
; scores[4][10]                                                    ; 4       ;
; scores[4][11]                                                    ; 4       ;
; scores[4][12]                                                    ; 4       ;
; scores[4][13]                                                    ; 4       ;
; scores[4][14]                                                    ; 4       ;
; scores[4][15]                                                    ; 4       ;
; scores[4][16]                                                    ; 4       ;
; scores[4][17]                                                    ; 4       ;
; scores[4][18]                                                    ; 4       ;
; scores[4][19]                                                    ; 4       ;
; scores[4][20]                                                    ; 4       ;
; scores[4][21]                                                    ; 4       ;
; scores[4][22]                                                    ; 4       ;
; scores[4][23]                                                    ; 4       ;
; scores[4][24]                                                    ; 4       ;
; scores[4][25]                                                    ; 4       ;
; scores[4][26]                                                    ; 4       ;
; scores[4][27]                                                    ; 4       ;
; scores[4][28]                                                    ; 4       ;
; scores[4][29]                                                    ; 4       ;
; scores[4][30]                                                    ; 4       ;
; scores[4][31]                                                    ; 4       ;
; scores[4][32]                                                    ; 4       ;
; scores[4][33]                                                    ; 4       ;
; scores[4][34]                                                    ; 4       ;
; scores[4][35]                                                    ; 4       ;
; scores[4][36]                                                    ; 4       ;
; scores[4][37]                                                    ; 4       ;
; scores[4][38]                                                    ; 4       ;
; scores[4][39]                                                    ; 4       ;
; scores[4][40]                                                    ; 4       ;
; scores[4][41]                                                    ; 4       ;
; scores[4][42]                                                    ; 4       ;
; scores[4][43]                                                    ; 4       ;
; scores[4][44]                                                    ; 4       ;
; scores[4][45]                                                    ; 4       ;
; scores[4][46]                                                    ; 4       ;
; scores[4][47]                                                    ; 4       ;
; scores[4][48]                                                    ; 4       ;
; scores[4][49]                                                    ; 4       ;
; scores[4][50]                                                    ; 4       ;
; scores[4][51]                                                    ; 4       ;
; scores[4][52]                                                    ; 4       ;
; scores[4][53]                                                    ; 4       ;
; scores[4][54]                                                    ; 4       ;
; scores[4][55]                                                    ; 4       ;
; scores[4][56]                                                    ; 4       ;
; scores[4][57]                                                    ; 4       ;
; scores[4][58]                                                    ; 4       ;
; scores[4][59]                                                    ; 4       ;
; scores[4][60]                                                    ; 4       ;
; scores[4][61]                                                    ; 4       ;
; scores[4][62]                                                    ; 4       ;
; scores[3][0]                                                     ; 4       ;
; scores[3][1]                                                     ; 4       ;
; scores[3][2]                                                     ; 4       ;
; scores[3][3]                                                     ; 4       ;
; scores[3][4]                                                     ; 4       ;
; scores[3][5]                                                     ; 4       ;
; scores[3][6]                                                     ; 4       ;
; scores[3][7]                                                     ; 4       ;
; scores[3][8]                                                     ; 4       ;
; scores[3][9]                                                     ; 4       ;
; scores[3][10]                                                    ; 4       ;
; scores[3][11]                                                    ; 4       ;
; scores[3][12]                                                    ; 4       ;
; scores[3][13]                                                    ; 4       ;
; scores[3][14]                                                    ; 4       ;
; scores[3][15]                                                    ; 4       ;
; scores[3][16]                                                    ; 4       ;
; scores[3][17]                                                    ; 4       ;
; scores[3][18]                                                    ; 4       ;
; scores[3][19]                                                    ; 4       ;
; scores[3][20]                                                    ; 4       ;
; scores[3][21]                                                    ; 4       ;
; scores[3][22]                                                    ; 4       ;
; scores[3][23]                                                    ; 4       ;
; scores[3][24]                                                    ; 4       ;
; scores[3][25]                                                    ; 4       ;
; scores[3][26]                                                    ; 4       ;
; scores[3][27]                                                    ; 4       ;
; scores[3][28]                                                    ; 4       ;
; scores[3][29]                                                    ; 4       ;
; scores[3][30]                                                    ; 4       ;
; scores[3][31]                                                    ; 4       ;
; scores[3][32]                                                    ; 4       ;
; scores[3][33]                                                    ; 4       ;
; scores[3][34]                                                    ; 4       ;
; scores[3][35]                                                    ; 4       ;
; scores[3][36]                                                    ; 4       ;
; scores[3][37]                                                    ; 4       ;
; scores[3][38]                                                    ; 4       ;
; scores[3][39]                                                    ; 4       ;
; scores[3][40]                                                    ; 4       ;
; scores[3][41]                                                    ; 4       ;
; scores[3][42]                                                    ; 4       ;
; scores[3][43]                                                    ; 4       ;
; scores[3][44]                                                    ; 4       ;
; scores[3][45]                                                    ; 4       ;
; scores[3][46]                                                    ; 4       ;
; scores[3][47]                                                    ; 4       ;
; scores[3][48]                                                    ; 4       ;
; scores[3][49]                                                    ; 4       ;
; scores[3][50]                                                    ; 4       ;
; scores[3][51]                                                    ; 4       ;
; scores[3][52]                                                    ; 4       ;
; scores[3][53]                                                    ; 4       ;
; scores[3][54]                                                    ; 4       ;
; scores[3][55]                                                    ; 4       ;
; scores[3][56]                                                    ; 4       ;
; scores[3][57]                                                    ; 4       ;
; scores[3][58]                                                    ; 4       ;
; scores[3][59]                                                    ; 4       ;
; scores[3][60]                                                    ; 4       ;
; scores[3][61]                                                    ; 4       ;
; scores[3][62]                                                    ; 4       ;
; scores[2][0]                                                     ; 4       ;
; scores[2][1]                                                     ; 4       ;
; scores[2][2]                                                     ; 4       ;
; scores[2][3]                                                     ; 4       ;
; scores[2][4]                                                     ; 4       ;
; scores[2][5]                                                     ; 4       ;
; scores[2][6]                                                     ; 4       ;
; scores[2][7]                                                     ; 4       ;
; scores[2][8]                                                     ; 4       ;
; scores[2][9]                                                     ; 4       ;
; scores[2][10]                                                    ; 4       ;
; scores[2][11]                                                    ; 4       ;
; scores[2][12]                                                    ; 4       ;
; scores[2][13]                                                    ; 4       ;
; scores[2][14]                                                    ; 4       ;
; scores[2][15]                                                    ; 4       ;
; scores[2][16]                                                    ; 4       ;
; scores[2][17]                                                    ; 4       ;
; scores[2][18]                                                    ; 4       ;
; scores[2][19]                                                    ; 4       ;
; scores[2][20]                                                    ; 4       ;
; scores[2][21]                                                    ; 4       ;
; scores[2][22]                                                    ; 4       ;
; scores[2][23]                                                    ; 4       ;
; scores[2][24]                                                    ; 4       ;
; scores[2][25]                                                    ; 4       ;
; scores[2][26]                                                    ; 4       ;
; scores[2][27]                                                    ; 4       ;
; scores[2][28]                                                    ; 4       ;
; scores[2][29]                                                    ; 4       ;
; scores[2][30]                                                    ; 4       ;
; scores[2][31]                                                    ; 4       ;
; scores[2][32]                                                    ; 4       ;
; scores[2][33]                                                    ; 4       ;
; scores[2][34]                                                    ; 4       ;
; scores[2][35]                                                    ; 4       ;
; scores[2][36]                                                    ; 4       ;
; scores[2][37]                                                    ; 4       ;
; scores[2][38]                                                    ; 4       ;
; scores[2][39]                                                    ; 4       ;
; scores[2][40]                                                    ; 4       ;
; scores[2][41]                                                    ; 4       ;
; scores[2][42]                                                    ; 4       ;
; scores[2][43]                                                    ; 4       ;
; scores[2][44]                                                    ; 4       ;
; scores[2][45]                                                    ; 4       ;
; scores[2][46]                                                    ; 4       ;
; scores[2][47]                                                    ; 4       ;
; scores[2][48]                                                    ; 4       ;
; scores[2][49]                                                    ; 4       ;
; scores[2][50]                                                    ; 4       ;
; scores[2][51]                                                    ; 4       ;
; scores[2][52]                                                    ; 4       ;
; scores[2][53]                                                    ; 4       ;
; scores[2][54]                                                    ; 4       ;
; scores[2][55]                                                    ; 4       ;
; scores[2][56]                                                    ; 4       ;
; scores[2][57]                                                    ; 4       ;
; scores[2][58]                                                    ; 4       ;
; scores[2][59]                                                    ; 4       ;
; scores[2][60]                                                    ; 4       ;
; scores[2][61]                                                    ; 4       ;
; scores[2][62]                                                    ; 4       ;
; scores[2][63]                                                    ; 4       ;
; scores[3][63]                                                    ; 4       ;
; scores[4][63]                                                    ; 4       ;
; scores[5][63]                                                    ; 4       ;
; scores[6][63]                                                    ; 4       ;
; scores[7][63]                                                    ; 4       ;
; scores[8][63]                                                    ; 4       ;
; scores[9][63]                                                    ; 4       ;
; neuron[8]                                                        ; 4       ;
; neuron[7]                                                        ; 4       ;
; input_pixel_index[5]                                             ; 3       ;
; input_pixel_index[4]                                             ; 3       ;
; input_pixel_index[7]                                             ; 3       ;
; input_pixel_index[6]                                             ; 3       ;
; input_pixel_index[3]                                             ; 3       ;
; input_pixel_index[2]                                             ; 3       ;
; input_pixel_index[1]                                             ; 3       ;
; input_pixel_index[0]                                             ; 3       ;
; ~GND                                                             ; 3       ;
; Equal1~9                                                         ; 3       ;
; hidden~0                                                         ; 3       ;
; pixel_idx[12]                                                    ; 3       ;
; pixel_idx[11]                                                    ; 3       ;
; pixel_idx[10]                                                    ; 3       ;
; pixel_idx[9]                                                     ; 3       ;
; pixel_idx[8]                                                     ; 3       ;
; product_reg[0]                                                   ; 3       ;
; product_reg[1]                                                   ; 3       ;
; product_reg[2]                                                   ; 3       ;
; product_reg[3]                                                   ; 3       ;
; product_reg[4]                                                   ; 3       ;
; product_reg[5]                                                   ; 3       ;
; product_reg[6]                                                   ; 3       ;
; product_reg[7]                                                   ; 3       ;
; product_reg[8]                                                   ; 3       ;
; product_reg[9]                                                   ; 3       ;
; product_reg[10]                                                  ; 3       ;
; product_reg[11]                                                  ; 3       ;
; product_reg[12]                                                  ; 3       ;
; product_reg[13]                                                  ; 3       ;
; product_reg[14]                                                  ; 3       ;
; product_reg[15]                                                  ; 3       ;
; product_reg[16]                                                  ; 3       ;
; product_reg[17]                                                  ; 3       ;
; product_reg[18]                                                  ; 3       ;
; product_reg[19]                                                  ; 3       ;
; product_reg[20]                                                  ; 3       ;
; product_reg[21]                                                  ; 3       ;
; product_reg[22]                                                  ; 3       ;
; product_reg[23]                                                  ; 3       ;
; product_reg[24]                                                  ; 3       ;
; product_reg[25]                                                  ; 3       ;
; product_reg[26]                                                  ; 3       ;
; product_reg[27]                                                  ; 3       ;
; product_reg[28]                                                  ; 3       ;
; product_reg[29]                                                  ; 3       ;
; product_reg[30]                                                  ; 3       ;
; product_reg[31]                                                  ; 3       ;
; product_reg[32]                                                  ; 3       ;
; product_reg[33]                                                  ; 3       ;
; product_reg[34]                                                  ; 3       ;
; product_reg[35]                                                  ; 3       ;
; product_reg[36]                                                  ; 3       ;
; product_reg[37]                                                  ; 3       ;
; product_reg[38]                                                  ; 3       ;
; product_reg[39]                                                  ; 3       ;
; product_reg[40]                                                  ; 3       ;
; product_reg[41]                                                  ; 3       ;
; product_reg[42]                                                  ; 3       ;
; product_reg[43]                                                  ; 3       ;
; product_reg[44]                                                  ; 3       ;
; product_reg[45]                                                  ; 3       ;
; product_reg[46]                                                  ; 3       ;
; product_reg[47]                                                  ; 3       ;
; product_reg[48]                                                  ; 3       ;
; product_reg[49]                                                  ; 3       ;
; product_reg[50]                                                  ; 3       ;
; product_reg[51]                                                  ; 3       ;
; product_reg[52]                                                  ; 3       ;
; product_reg[53]                                                  ; 3       ;
; product_reg[54]                                                  ; 3       ;
; product_reg[55]                                                  ; 3       ;
; product_reg[56]                                                  ; 3       ;
; product_reg[57]                                                  ; 3       ;
; product_reg[58]                                                  ; 3       ;
; product_reg[59]                                                  ; 3       ;
; product_reg[60]                                                  ; 3       ;
; product_reg[61]                                                  ; 3       ;
; product_reg[62]                                                  ; 3       ;
; product_reg[63]                                                  ; 3       ;
; neuron~40                                                        ; 3       ;
; neuron~39                                                        ; 3       ;
; neuron~38                                                        ; 3       ;
; neuron~37                                                        ; 3       ;
; neuron~36                                                        ; 3       ;
; always0~0                                                        ; 3       ;
; scan_best~511                                                    ; 3       ;
; scan_best~510                                                    ; 3       ;
; scan_best~509                                                    ; 3       ;
; scan_best~508                                                    ; 3       ;
; scan_best~507                                                    ; 3       ;
; scan_best~506                                                    ; 3       ;
; scan_best~505                                                    ; 3       ;
; scan_best~504                                                    ; 3       ;
; scan_best~503                                                    ; 3       ;
; scan_best~502                                                    ; 3       ;
; scan_best~501                                                    ; 3       ;
; scan_best~500                                                    ; 3       ;
; scan_best~499                                                    ; 3       ;
; scan_best~498                                                    ; 3       ;
; scan_best~497                                                    ; 3       ;
; scan_best~496                                                    ; 3       ;
; scan_best~495                                                    ; 3       ;
; scan_best~494                                                    ; 3       ;
; scan_best~493                                                    ; 3       ;
; scan_best~492                                                    ; 3       ;
; scan_best~491                                                    ; 3       ;
; scan_best~490                                                    ; 3       ;
; scan_best~489                                                    ; 3       ;
; scan_best~488                                                    ; 3       ;
; scan_best~487                                                    ; 3       ;
; scan_best~486                                                    ; 3       ;
; scan_best~485                                                    ; 3       ;
; scan_best~484                                                    ; 3       ;
; scan_best~483                                                    ; 3       ;
; scan_best~482                                                    ; 3       ;
; scan_best~481                                                    ; 3       ;
; scan_best~480                                                    ; 3       ;
; scan_best~479                                                    ; 3       ;
; scan_best~478                                                    ; 3       ;
; scan_best~477                                                    ; 3       ;
; scan_best~476                                                    ; 3       ;
; scan_best~475                                                    ; 3       ;
; scan_best~474                                                    ; 3       ;
; scan_best~473                                                    ; 3       ;
; scan_best~472                                                    ; 3       ;
; scan_best~471                                                    ; 3       ;
; scan_best~470                                                    ; 3       ;
; scan_best~469                                                    ; 3       ;
; scan_best~468                                                    ; 3       ;
; scan_best~467                                                    ; 3       ;
; scan_best~466                                                    ; 3       ;
; scan_best~465                                                    ; 3       ;
; scan_best~464                                                    ; 3       ;
; scan_best~463                                                    ; 3       ;
; scan_best~462                                                    ; 3       ;
; scan_best~461                                                    ; 3       ;
; scan_best~460                                                    ; 3       ;
; scan_best~459                                                    ; 3       ;
; scan_best~458                                                    ; 3       ;
; scan_best~457                                                    ; 3       ;
; scan_best~456                                                    ; 3       ;
; scan_best~455                                                    ; 3       ;
; scan_best~454                                                    ; 3       ;
; scan_best~453                                                    ; 3       ;
; scan_best~452                                                    ; 3       ;
; scan_best~451                                                    ; 3       ;
; scan_best~450                                                    ; 3       ;
; scan_best~449                                                    ; 3       ;
; scan_best~448                                                    ; 3       ;
; scan_best~447                                                    ; 3       ;
; scan_best~446                                                    ; 3       ;
; scan_best~445                                                    ; 3       ;
; scan_best~444                                                    ; 3       ;
; scan_best~443                                                    ; 3       ;
; scan_best~442                                                    ; 3       ;
; scan_best~441                                                    ; 3       ;
; scan_best~440                                                    ; 3       ;
; scan_best~439                                                    ; 3       ;
; scan_best~438                                                    ; 3       ;
; scan_best~437                                                    ; 3       ;
; scan_best~436                                                    ; 3       ;
; scan_best~435                                                    ; 3       ;
; scan_best~434                                                    ; 3       ;
; scan_best~433                                                    ; 3       ;
; scan_best~432                                                    ; 3       ;
; scan_best~431                                                    ; 3       ;
; scan_best~430                                                    ; 3       ;
; scan_best~429                                                    ; 3       ;
; scan_best~428                                                    ; 3       ;
; scan_best~427                                                    ; 3       ;
; scan_best~426                                                    ; 3       ;
; scan_best~425                                                    ; 3       ;
; scan_best~424                                                    ; 3       ;
; scan_best~423                                                    ; 3       ;
; scan_best~422                                                    ; 3       ;
; scan_best~421                                                    ; 3       ;
; scan_best~420                                                    ; 3       ;
; scan_best~419                                                    ; 3       ;
; scan_best~418                                                    ; 3       ;
; scan_best~417                                                    ; 3       ;
; scan_best~416                                                    ; 3       ;
; scan_best~415                                                    ; 3       ;
; scan_best~414                                                    ; 3       ;
; scan_best~413                                                    ; 3       ;
; scan_best~412                                                    ; 3       ;
; scan_best~411                                                    ; 3       ;
; scan_best~410                                                    ; 3       ;
; scan_best~409                                                    ; 3       ;
; scan_best~408                                                    ; 3       ;
; scan_best~407                                                    ; 3       ;
; scan_best~406                                                    ; 3       ;
; scan_best~405                                                    ; 3       ;
; scan_best~404                                                    ; 3       ;
; scan_best~403                                                    ; 3       ;
; scan_best~402                                                    ; 3       ;
; scan_best~401                                                    ; 3       ;
; scan_best~400                                                    ; 3       ;
; scan_best~399                                                    ; 3       ;
; scan_best~398                                                    ; 3       ;
; scan_best~397                                                    ; 3       ;
; scan_best~396                                                    ; 3       ;
; scan_best~395                                                    ; 3       ;
; scan_best~394                                                    ; 3       ;
; scan_best~393                                                    ; 3       ;
; scan_best~392                                                    ; 3       ;
; scan_best~391                                                    ; 3       ;
; scan_best~390                                                    ; 3       ;
; scan_best~389                                                    ; 3       ;
; scan_best~388                                                    ; 3       ;
; scan_best~387                                                    ; 3       ;
; scan_best~386                                                    ; 3       ;
; scan_best~385                                                    ; 3       ;
; scan_best~384                                                    ; 3       ;
; scan_best~383                                                    ; 3       ;
; scan_best~382                                                    ; 3       ;
; scan_best~381                                                    ; 3       ;
; scan_best~380                                                    ; 3       ;
; scan_best~379                                                    ; 3       ;
; scan_best~378                                                    ; 3       ;
; scan_best~377                                                    ; 3       ;
; scan_best~376                                                    ; 3       ;
; scan_best~375                                                    ; 3       ;
; scan_best~374                                                    ; 3       ;
; scan_best~373                                                    ; 3       ;
; scan_best~372                                                    ; 3       ;
; scan_best~371                                                    ; 3       ;
; scan_best~370                                                    ; 3       ;
; scan_best~369                                                    ; 3       ;
; scan_best~368                                                    ; 3       ;
; scan_best~367                                                    ; 3       ;
; scan_best~366                                                    ; 3       ;
; scan_best~365                                                    ; 3       ;
; scan_best~364                                                    ; 3       ;
; scan_best~363                                                    ; 3       ;
; scan_best~362                                                    ; 3       ;
; scan_best~361                                                    ; 3       ;
; scan_best~360                                                    ; 3       ;
; scan_best~359                                                    ; 3       ;
; scan_best~358                                                    ; 3       ;
; scan_best~357                                                    ; 3       ;
; scan_best~356                                                    ; 3       ;
; scan_best~355                                                    ; 3       ;
; scan_best~354                                                    ; 3       ;
; scan_best~353                                                    ; 3       ;
; scan_best~352                                                    ; 3       ;
; scan_best~351                                                    ; 3       ;
; scan_best~350                                                    ; 3       ;
; scan_best~349                                                    ; 3       ;
; scan_best~348                                                    ; 3       ;
; scan_best~347                                                    ; 3       ;
; scan_best~346                                                    ; 3       ;
; scan_best~345                                                    ; 3       ;
; scan_best~344                                                    ; 3       ;
; scan_best~343                                                    ; 3       ;
; scan_best~342                                                    ; 3       ;
; scan_best~341                                                    ; 3       ;
; scan_best~340                                                    ; 3       ;
; scan_best~339                                                    ; 3       ;
; scan_best~338                                                    ; 3       ;
; scan_best~337                                                    ; 3       ;
; scan_best~336                                                    ; 3       ;
; scan_best~335                                                    ; 3       ;
; scan_best~334                                                    ; 3       ;
; scan_best~333                                                    ; 3       ;
; scan_best~332                                                    ; 3       ;
; scan_best~331                                                    ; 3       ;
; scan_best~330                                                    ; 3       ;
; scan_best~329                                                    ; 3       ;
; scan_best~328                                                    ; 3       ;
; scan_best~327                                                    ; 3       ;
; scan_best~326                                                    ; 3       ;
; scan_best~325                                                    ; 3       ;
; scan_best~324                                                    ; 3       ;
; scan_best~323                                                    ; 3       ;
; scan_best~322                                                    ; 3       ;
; scan_best~321                                                    ; 3       ;
; scan_best~320                                                    ; 3       ;
; scan_best~319                                                    ; 3       ;
; scan_best~318                                                    ; 3       ;
; scan_best~317                                                    ; 3       ;
; scan_best~316                                                    ; 3       ;
; scan_best~315                                                    ; 3       ;
; scan_best~314                                                    ; 3       ;
; scan_best~313                                                    ; 3       ;
; scan_best~312                                                    ; 3       ;
; scan_best~311                                                    ; 3       ;
; scan_best~310                                                    ; 3       ;
; scan_best~309                                                    ; 3       ;
; scan_best~308                                                    ; 3       ;
; scan_best~307                                                    ; 3       ;
; scan_best~306                                                    ; 3       ;
; scan_best~305                                                    ; 3       ;
; scan_best~304                                                    ; 3       ;
; scan_best~303                                                    ; 3       ;
; scan_best~302                                                    ; 3       ;
; scan_best~301                                                    ; 3       ;
; scan_best~300                                                    ; 3       ;
; scan_best~299                                                    ; 3       ;
; scan_best~298                                                    ; 3       ;
; scan_best~297                                                    ; 3       ;
; scan_best~296                                                    ; 3       ;
; scan_best~295                                                    ; 3       ;
; scan_best~294                                                    ; 3       ;
; scan_best~293                                                    ; 3       ;
; scan_best~292                                                    ; 3       ;
; scan_best~291                                                    ; 3       ;
; scan_best~290                                                    ; 3       ;
; scan_best~289                                                    ; 3       ;
+------------------------------------------------------------------+---------+


+---------------------------------------------------------------------------------------------------------------------------------------------------------------------------------------------------------------------------------------------------------------------------------------------------------------------------------------------------------------------------------------------------------------------------------------------------------------------------------------------------------------------------------------------------------------------------------------------------------------------------------------------------------------------------------------------------------------------------------------------+
; Fitter RAM Summary                                                                                                                                                                                                                                                                                                                                                                                                                                                                                                                                                                                                                                                                                                                          ;
+----------------------------------------------------------------------+------+------------------+--------------+--------------+--------------+--------------+--------------+------------------------+-------------------------+------------------------+-------------------------+-------+-----------------------------+-----------------------------+-----------------------------+-----------------------------+---------------------+------+--------------------------------+--------------------------------------------------------------------------------------------------------------------------------------------------------------------------------------------------+----------------------+-----------------+-----------------+
; Name                                                                 ; Type ; Mode             ; Clock Mode   ; Port A Depth ; Port A Width ; Port B Depth ; Port B Width ; Port A Input Registers ; Port A Output Registers ; Port B Input Registers ; Port B Output Registers ; Size  ; Implementation Port A Depth ; Implementation Port A Width ; Implementation Port B Depth ; Implementation Port B Width ; Implementation Bits ; M4Ks ; MIF                            ; Location                                                                                                                                                                                         ; Mixed Width RDW Mode ; Port A RDW Mode ; Port B RDW Mode ;
+----------------------------------------------------------------------+------+------------------+--------------+--------------+--------------+--------------+--------------+------------------------+-------------------------+------------------------+-------------------------+-------+-----------------------------+-----------------------------+-----------------------------+-----------------------------+---------------------+------+--------------------------------+--------------------------------------------------------------------------------------------------------------------------------------------------------------------------------------------------+----------------------+-----------------+-----------------+
; altsyncram:b1_rom|altsyncram_mct:auto_generated|ALTSYNCRAM           ; AUTO ; ROM              ; Single Clock ; 32           ; 32           ; --           ; --           ; yes                    ; no                      ; --                     ; --                      ; 1024  ; 32                          ; 32                          ; --                          ; --                          ; 1024                ; 1    ; ../../artifacts/bias_l1.mif    ; M4K_X23_Y13                                                                                                                                                                                      ; Don't care           ; Don't care      ; Don't care      ;
; altsyncram:b2_rom|altsyncram_hct:auto_generated|ALTSYNCRAM           ; AUTO ; ROM              ; Single Clock ; 10           ; 32           ; --           ; --           ; yes                    ; no                      ; --                     ; --                      ; 320   ; 10                          ; 32                          ; --                          ; --                          ; 320                 ; 1    ; ../../artifacts/bias_l2.mif    ; M4K_X23_Y12                                                                                                                                                                                      ; Don't care           ; Don't care      ; Don't care      ;
; altsyncram:hidden_rtl_0|altsyncram_4og1:auto_generated|ALTSYNCRAM    ; AUTO ; Simple Dual Port ; Single Clock ; 32           ; 63           ; 32           ; 63           ; yes                    ; no                      ; yes                    ; no                      ; 2016  ; 32                          ; 63                          ; 32                          ; 63                          ; 2016                ; 2    ; None                           ; M4K_X23_Y11, M4K_X23_Y10                                                                                                                                                                         ; Old data             ; Don't care      ; Don't care      ;
; altsyncram:input_mem_rtl_0|altsyncram_mog1:auto_generated|ALTSYNCRAM ; AUTO ; Simple Dual Port ; Single Clock ; 196          ; 4            ; 196          ; 4            ; yes                    ; no                      ; yes                    ; no                      ; 784   ; 196                         ; 4                           ; 196                         ; 4                           ; 784                 ; 1    ; None                           ; M4K_X11_Y13                                                                                                                                                                                      ; Old data             ; Don't care      ; Don't care      ;
; altsyncram:l1_rom|altsyncram_vqt:auto_generated|ALTSYNCRAM           ; AUTO ; ROM              ; Single Clock ; 6272         ; 8            ; --           ; --           ; yes                    ; no                      ; --                     ; --                      ; 50176 ; 6272                        ; 8                           ; --                          ; --                          ; 50176               ; 16   ; ../../artifacts/weights_l1.mif ; M4K_X11_Y4, M4K_X11_Y6, M4K_X23_Y9, M4K_X23_Y7, M4K_X23_Y5, M4K_X23_Y4, M4K_X11_Y11, M4K_X11_Y5, M4K_X23_Y3, M4K_X23_Y6, M4K_X11_Y3, M4K_X11_Y9, M4K_X11_Y10, M4K_X11_Y8, M4K_X11_Y7, M4K_X23_Y8 ; Don't care           ; Don't care      ; Don't care      ;
; altsyncram:l2_rom|altsyncram_pnt:auto_generated|ALTSYNCRAM           ; AUTO ; ROM              ; Single Clock ; 320          ; 8            ; --           ; --           ; yes                    ; no                      ; --                     ; --                      ; 2560  ; 320                         ; 8                           ; --                          ; --                          ; 2560                ; 1    ; ../../artifacts/weights_l2.mif ; M4K_X11_Y12                                                                                                                                                                                      ; Don't care           ; Don't care      ; Don't care      ;
+----------------------------------------------------------------------+------+------------------+--------------+--------------+--------------+--------------+--------------+------------------------+-------------------------+------------------------+-------------------------+-------+-----------------------------+-----------------------------+-----------------------------+-----------------------------+---------------------+------+--------------------------------+--------------------------------------------------------------------------------------------------------------------------------------------------------------------------------------------------+----------------------+-----------------+-----------------+
Note: Fitter may spread logical memories into multiple blocks to improve timing. The actual required RAM blocks can be found in the Fitter Resource Usage section.


+-----------------------------------------------------------------------------------------------+
; Fitter DSP Block Usage Summary                                                                ;
+---------------------------------------+-------------+---------------------+-------------------+
; Statistic                             ; Number Used ; Available per Block ; Maximum Available ;
+---------------------------------------+-------------+---------------------+-------------------+
; Simple Multipliers (9-bit)            ; 1           ; 2                   ; 26                ;
; Simple Multipliers (18-bit)           ; 4           ; 1                   ; 13                ;
; Embedded Multiplier Blocks            ; 5           ; --                  ; 13                ;
; Embedded Multiplier 9-bit elements    ; 9           ; 2                   ; 26                ;
; Signed Embedded Multipliers           ; 2           ; --                  ; --                ;
; Unsigned Embedded Multipliers         ; 0           ; --                  ; --                ;
; Mixed Sign Embedded Multipliers       ; 3           ; --                  ; --                ;
; Variable Sign Embedded Multipliers    ; 0           ; --                  ; --                ;
; Dedicated Input Shift Register Chains ; 0           ; --                  ; --                ;
+---------------------------------------+-------------+---------------------+-------------------+


+----------------------------------------------------------------------------------------------------------------------------------------------------------------------------------------------------------------------------------------------------+
; DSP Block Details                                                                                                                                                                                                                                  ;
+-----------------------------------------------------+----------------------------+--------------------+---------------------+--------------------------------+-----------------------+-----------------------+-------------------+-----------------+
; Name                                                ; Mode                       ; Location           ; Sign Representation ; Has Input Shift Register Chain ; Data A Input Register ; Data B Input Register ; Pipeline Register ; Output Register ;
+-----------------------------------------------------+----------------------------+--------------------+---------------------+--------------------------------+-----------------------+-----------------------+-------------------+-----------------+
; lpm_mult:Mult2|mult_90t:auto_generated|mac_out8     ; Simple Multiplier (18-bit) ; DSPOUT_X16_Y10_N2  ;                     ; No                             ;                       ;                       ;                   ; no              ;
;    lpm_mult:Mult2|mult_90t:auto_generated|mac_mult7 ;                            ; DSPMULT_X16_Y10_N0 ; Signed              ;                                ; yes                   ; no                    ; no                ;                 ;
; lpm_mult:Mult2|mult_90t:auto_generated|mac_out6     ; Simple Multiplier (18-bit) ; DSPOUT_X16_Y11_N2  ;                     ; No                             ;                       ;                       ;                   ; no              ;
;    lpm_mult:Mult2|mult_90t:auto_generated|mac_mult5 ;                            ; DSPMULT_X16_Y11_N0 ; Variable            ;                                ; yes                   ; no                    ; no                ;                 ;
; lpm_mult:Mult2|mult_90t:auto_generated|mac_out4     ; Simple Multiplier (18-bit) ; DSPOUT_X16_Y12_N2  ;                     ; No                             ;                       ;                       ;                   ; no              ;
;    lpm_mult:Mult2|mult_90t:auto_generated|mac_mult3 ;                            ; DSPMULT_X16_Y12_N0 ; Variable            ;                                ; yes                   ; no                    ; no                ;                 ;
; lpm_mult:Mult2|mult_90t:auto_generated|w574w[0]     ; Simple Multiplier (18-bit) ; DSPOUT_X16_Y13_N2  ;                     ; No                             ;                       ;                       ;                   ; no              ;
;    lpm_mult:Mult2|mult_90t:auto_generated|mac_mult1 ;                            ; DSPMULT_X16_Y13_N0 ; Variable            ;                                ; yes                   ; no                    ; no                ;                 ;
; lpm_mult:Mult1|mult_fus:auto_generated|mac_out2     ; Simple Multiplier (9-bit)  ; DSPOUT_X16_Y9_N2   ;                     ; No                             ;                       ;                       ;                   ; no              ;
;    lpm_mult:Mult1|mult_fus:auto_generated|mac_mult1 ;                            ; DSPMULT_X16_Y9_N0  ; Signed              ;                                ; no                    ; yes                   ; no                ;                 ;
+-----------------------------------------------------+----------------------------+--------------------+---------------------+--------------------------------+-----------------------+-----------------------+-------------------+-----------------+


+-------------------------------------------------------+
; Other Routing Usage Summary                           ;
+-----------------------------+-------------------------+
; Other Routing Resource Type ; Usage                   ;
+-----------------------------+-------------------------+
; Block interconnects         ; 7,365 / 15,666 ( 47 % ) ;
; C16 interconnects           ; 56 / 812 ( 7 % )        ;
; C4 interconnects            ; 4,295 / 11,424 ( 38 % ) ;
; Direct links                ; 699 / 15,666 ( 4 % )    ;
; Global clocks               ; 1 / 8 ( 13 % )          ;
; Local interconnects         ; 1,782 / 4,608 ( 39 % )  ;
; R24 interconnects           ; 137 / 652 ( 21 % )      ;
; R4 interconnects            ; 5,817 / 13,328 ( 44 % ) ;
+-----------------------------+-------------------------+


+-----------------------------------------------------------------------------+
; LAB Logic Elements                                                          ;
+---------------------------------------------+-------------------------------+
; Number of Logic Elements  (Average = 14.64) ; Number of LABs  (Total = 286) ;
+---------------------------------------------+-------------------------------+
; 1                                           ; 2                             ;
; 2                                           ; 2                             ;
; 3                                           ; 2                             ;
; 4                                           ; 4                             ;
; 5                                           ; 2                             ;
; 6                                           ; 2                             ;
; 7                                           ; 1                             ;
; 8                                           ; 2                             ;
; 9                                           ; 4                             ;
; 10                                          ; 6                             ;
; 11                                          ; 3                             ;
; 12                                          ; 5                             ;
; 13                                          ; 14                            ;
; 14                                          ; 12                            ;
; 15                                          ; 24                            ;
; 16                                          ; 201                           ;
+---------------------------------------------+-------------------------------+


+--------------------------------------------------------------------+
; LAB-wide Signals                                                   ;
+------------------------------------+-------------------------------+
; LAB-wide Signals  (Average = 1.62) ; Number of LABs  (Total = 286) ;
+------------------------------------+-------------------------------+
; 1 Clock                            ; 232                           ;
; 1 Clock enable                     ; 78                            ;
; 1 Sync. clear                      ; 21                            ;
; 1 Sync. load                       ; 2                             ;
; 2 Clock enables                    ; 130                           ;
+------------------------------------+-------------------------------+


+------------------------------------------------------------------------------+
; LAB Signals Sourced                                                          ;
+----------------------------------------------+-------------------------------+
; Number of Signals Sourced  (Average = 14.31) ; Number of LABs  (Total = 286) ;
+----------------------------------------------+-------------------------------+
; 0                                            ; 11                            ;
; 1                                            ; 4                             ;
; 2                                            ; 8                             ;
; 3                                            ; 7                             ;
; 4                                            ; 9                             ;
; 5                                            ; 9                             ;
; 6                                            ; 16                            ;
; 7                                            ; 14                            ;
; 8                                            ; 3                             ;
; 9                                            ; 1                             ;
; 10                                           ; 4                             ;
; 11                                           ; 5                             ;
; 12                                           ; 3                             ;
; 13                                           ; 7                             ;
; 14                                           ; 8                             ;
; 15                                           ; 14                            ;
; 16                                           ; 37                            ;
; 17                                           ; 28                            ;
; 18                                           ; 28                            ;
; 19                                           ; 6                             ;
; 20                                           ; 16                            ;
; 21                                           ; 11                            ;
; 22                                           ; 7                             ;
; 23                                           ; 4                             ;
; 24                                           ; 5                             ;
; 25                                           ; 3                             ;
; 26                                           ; 3                             ;
; 27                                           ; 3                             ;
; 28                                           ; 2                             ;
; 29                                           ; 3                             ;
; 30                                           ; 2                             ;
; 31                                           ; 0                             ;
; 32                                           ; 5                             ;
+----------------------------------------------+-------------------------------+


+----------------------------------------------------------------------------------+
; LAB Signals Sourced Out                                                          ;
+--------------------------------------------------+-------------------------------+
; Number of Signals Sourced Out  (Average = 10.36) ; Number of LABs  (Total = 286) ;
+--------------------------------------------------+-------------------------------+
; 0                                                ; 11                            ;
; 1                                                ; 7                             ;
; 2                                                ; 12                            ;
; 3                                                ; 4                             ;
; 4                                                ; 9                             ;
; 5                                                ; 11                            ;
; 6                                                ; 22                            ;
; 7                                                ; 17                            ;
; 8                                                ; 5                             ;
; 9                                                ; 13                            ;
; 10                                               ; 17                            ;
; 11                                               ; 26                            ;
; 12                                               ; 15                            ;
; 13                                               ; 22                            ;
; 14                                               ; 18                            ;
; 15                                               ; 17                            ;
; 16                                               ; 45                            ;
; 17                                               ; 5                             ;
; 18                                               ; 6                             ;
; 19                                               ; 2                             ;
; 20                                               ; 1                             ;
; 21                                               ; 1                             ;
+--------------------------------------------------+-------------------------------+


+------------------------------------------------------------------------------+
; LAB Distinct Inputs                                                          ;
+----------------------------------------------+-------------------------------+
; Number of Distinct Inputs  (Average = 23.73) ; Number of LABs  (Total = 286) ;
+----------------------------------------------+-------------------------------+
; 0                                            ; 0                             ;
; 1                                            ; 0                             ;
; 2                                            ; 0                             ;
; 3                                            ; 3                             ;
; 4                                            ; 2                             ;
; 5                                            ; 5                             ;
; 6                                            ; 2                             ;
; 7                                            ; 2                             ;
; 8                                            ; 3                             ;
; 9                                            ; 2                             ;
; 10                                           ; 0                             ;
; 11                                           ; 4                             ;
; 12                                           ; 0                             ;
; 13                                           ; 5                             ;
; 14                                           ; 7                             ;
; 15                                           ; 3                             ;
; 16                                           ; 22                            ;
; 17                                           ; 14                            ;
; 18                                           ; 12                            ;
; 19                                           ; 19                            ;
; 20                                           ; 13                            ;
; 21                                           ; 8                             ;
; 22                                           ; 15                            ;
; 23                                           ; 12                            ;
; 24                                           ; 9                             ;
; 25                                           ; 5                             ;
; 26                                           ; 9                             ;
; 27                                           ; 6                             ;
; 28                                           ; 4                             ;
; 29                                           ; 4                             ;
; 30                                           ; 7                             ;
; 31                                           ; 9                             ;
; 32                                           ; 7                             ;
; 33                                           ; 17                            ;
; 34                                           ; 8                             ;
; 35                                           ; 23                            ;
; 36                                           ; 18                            ;
; 37                                           ; 7                             ;
+----------------------------------------------+-------------------------------+


+-------------------------------------------------------------------------+
; Fitter Device Options                                                   ;
+----------------------------------------------+--------------------------+
; Option                                       ; Setting                  ;
+----------------------------------------------+--------------------------+
; Enable user-supplied start-up clock (CLKUSR) ; Off                      ;
; Enable device-wide reset (DEV_CLRn)          ; Off                      ;
; Enable device-wide output enable (DEV_OE)    ; Off                      ;
; Enable INIT_DONE output                      ; Off                      ;
; Configuration scheme                         ; Active Serial            ;
; Error detection CRC                          ; Off                      ;
; nCEO                                         ; As output driving ground ;
; ASDO,nCSO                                    ; As input tri-stated      ;
; Reserve all unused pins                      ; As input tri-stated      ;
; Base pin-out file on sameframe device        ; Off                      ;
+----------------------------------------------+--------------------------+


+------------------------------------+
; Operating Settings and Conditions  ;
+---------------------------+--------+
; Setting                   ; Value  ;
+---------------------------+--------+
; Nominal Core Voltage      ; 1.20 V ;
; Low Junction Temperature  ; 0 °C   ;
; High Junction Temperature ; 85 °C  ;
+---------------------------+--------+


+-----------------+
; Fitter Messages ;
+-----------------+
Info (20030): Parallel compilation is enabled and will use 6 of the 6 processors detected
Info (119006): Selected device EP2C5T144C8 for design "pipe3_5mhz"
Info (171003): Fitter is performing an Auto Fit compilation, which may decrease Fitter effort to reduce compilation time
Warning (292013): Feature LogicLock is only available with a valid subscription license. You can purchase a software subscription to gain full access to this feature.
Info (176444): Device migration not selected. If you intend to use device migration later, you may need to change the pin assignments as they may be incompatible with other devices
    Info (176445): Device EP2C5T144I8 is compatible
    Info (176445): Device EP2C8T144C8 is compatible
    Info (176445): Device EP2C8T144I8 is compatible
Info (169124): Fitter converted 3 user pins into dedicated programming pins
    Info (169125): Pin ~ASDO~ is reserved at location 1
    Info (169125): Pin ~nCSO~ is reserved at location 2
    Info (169125): Pin ~LVDS41p/nCEO~ is reserved at location 76
Info (176045): Design uses memory blocks. Violating setup or hold times of memory block address registers for either read or write operations could cause memory contents to be corrupted. Make sure that all memory block address registers meet the setup and hold time requirements.
Critical Warning (169085): No exact pin location assignment(s) for 80 pins of 80 total pins
    Info (169086): Pin busy not assigned to an exact location on the device
    Info (169086): Pin result_valid not assigned to an exact location on the device
    Info (169086): Pin result_accepted not assigned to an exact location on the device
    Info (169086): Pin result_digit[0] not assigned to an exact location on the device
    Info (169086): Pin result_digit[1] not assigned to an exact location on the device
    Info (169086): Pin result_digit[2] not assigned to an exact location on the device
    Info (169086): Pin result_digit[3] not assigned to an exact location on the device
    Info (169086): Pin result_confidence[0] not assigned to an exact location on the device
    Info (169086): Pin result_confidence[1] not assigned to an exact location on the device
    Info (169086): Pin result_confidence[2] not assigned to an exact location on the device
    Info (169086): Pin result_confidence[3] not assigned to an exact location on the device
    Info (169086): Pin result_confidence[4] not assigned to an exact location on the device
    Info (169086): Pin result_confidence[5] not assigned to an exact location on the device
    Info (169086): Pin result_confidence[6] not assigned to an exact location on the device
    Info (169086): Pin result_confidence[7] not assigned to an exact location on the device
    Info (169086): Pin result_margin[0] not assigned to an exact location on the device
    Info (169086): Pin result_margin[1] not assigned to an exact location on the device
    Info (169086): Pin result_margin[2] not assigned to an exact location on the device
    Info (169086): Pin result_margin[3] not assigned to an exact location on the device
    Info (169086): Pin result_margin[4] not assigned to an exact location on the device
    Info (169086): Pin result_margin[5] not assigned to an exact location on the device
    Info (169086): Pin result_margin[6] not assigned to an exact location on the device
    Info (169086): Pin result_margin[7] not assigned to an exact location on the device
    Info (169086): Pin result_margin[8] not assigned to an exact location on the device
    Info (169086): Pin result_margin[9] not assigned to an exact location on the device
    Info (169086): Pin result_margin[10] not assigned to an exact location on the device
    Info (169086): Pin result_margin[11] not assigned to an exact location on the device
    Info (169086): Pin result_margin[12] not assigned to an exact location on the device
    Info (169086): Pin result_margin[13] not assigned to an exact location on the device
    Info (169086): Pin result_margin[14] not assigned to an exact location on the device
    Info (169086): Pin result_margin[15] not assigned to an exact location on the device
    Info (169086): Pin result_cycles[0] not assigned to an exact location on the device
    Info (169086): Pin result_cycles[1] not assigned to an exact location on the device
    Info (169086): Pin result_cycles[2] not assigned to an exact location on the device
    Info (169086): Pin result_cycles[3] not assigned to an exact location on the device
    Info (169086): Pin result_cycles[4] not assigned to an exact location on the device
    Info (169086): Pin result_cycles[5] not assigned to an exact location on the device
    Info (169086): Pin result_cycles[6] not assigned to an exact location on the device
    Info (169086): Pin result_cycles[7] not assigned to an exact location on the device
    Info (169086): Pin result_cycles[8] not assigned to an exact location on the device
    Info (169086): Pin result_cycles[9] not assigned to an exact location on the device
    Info (169086): Pin result_cycles[10] not assigned to an exact location on the device
    Info (169086): Pin result_cycles[11] not assigned to an exact location on the device
    Info (169086): Pin result_cycles[12] not assigned to an exact location on the device
    Info (169086): Pin result_cycles[13] not assigned to an exact location on the device
    Info (169086): Pin result_cycles[14] not assigned to an exact location on the device
    Info (169086): Pin result_cycles[15] not assigned to an exact location on the device
    Info (169086): Pin result_cycles[16] not assigned to an exact location on the device
    Info (169086): Pin result_cycles[17] not assigned to an exact location on the device
    Info (169086): Pin result_cycles[18] not assigned to an exact location on the device
    Info (169086): Pin result_cycles[19] not assigned to an exact location on the device
    Info (169086): Pin result_cycles[20] not assigned to an exact location on the device
    Info (169086): Pin result_cycles[21] not assigned to an exact location on the device
    Info (169086): Pin result_cycles[22] not assigned to an exact location on the device
    Info (169086): Pin result_cycles[23] not assigned to an exact location on the device
    Info (169086): Pin result_cycles[24] not assigned to an exact location on the device
    Info (169086): Pin result_cycles[25] not assigned to an exact location on the device
    Info (169086): Pin result_cycles[26] not assigned to an exact location on the device
    Info (169086): Pin result_cycles[27] not assigned to an exact location on the device
    Info (169086): Pin result_cycles[28] not assigned to an exact location on the device
    Info (169086): Pin result_cycles[29] not assigned to an exact location on the device
    Info (169086): Pin result_cycles[30] not assigned to an exact location on the device
    Info (169086): Pin result_cycles[31] not assigned to an exact location on the device
    Info (169086): Pin reset_n not assigned to an exact location on the device
    Info (169086): Pin clk not assigned to an exact location on the device
    Info (169086): Pin input_frame_error not assigned to an exact location on the device
    Info (169086): Pin input_frame_valid not assigned to an exact location on the device
    Info (169086): Pin input_frame_last not assigned to an exact location on the device
    Info (169086): Pin input_pixel_index[0] not assigned to an exact location on the device
    Info (169086): Pin input_pixel_index[1] not assigned to an exact location on the device
    Info (169086): Pin input_pixel_index[2] not assigned to an exact location on the device
    Info (169086): Pin input_pixel_index[3] not assigned to an exact location on the device
    Info (169086): Pin input_pixel_index[6] not assigned to an exact location on the device
    Info (169086): Pin input_pixel_index[7] not assigned to an exact location on the device
    Info (169086): Pin input_pixel_index[4] not assigned to an exact location on the device
    Info (169086): Pin input_pixel_index[5] not assigned to an exact location on the device
    Info (169086): Pin input_pixel[0] not assigned to an exact location on the device
    Info (169086): Pin input_pixel[1] not assigned to an exact location on the device
    Info (169086): Pin input_pixel[2] not assigned to an exact location on the device
    Info (169086): Pin input_pixel[3] not assigned to an exact location on the device
Info (332104): Reading SDC File: 'pipe3_5mhz.sdc'
Info (332129): Detected timing requirements -- optimizing circuit to achieve only the specified requirements
Info (332111): Found 1 clocks
    Info (332111):   Period   Clock Name
    Info (332111): ======== ============
    Info (332111):  200.000          clk
Info (176353): Automatically promoted node clk (placed in PIN 17 (CLK0, LVDSCLK0p, Input))
    Info (176355): Automatically promoted destinations to use location or clock signal Global Clock CLKCTRL_G2
Info (176233): Starting register packing
Info (176235): Finished register packing
    Extra Info (176218): Packed 67 registers into blocks of type Embedded multiplier block
Info (176214): Statistics of I/O pins that need to be placed that use the same VCCIO and VREF, before I/O pin placement
    Info (176211): Number of I/O pins in group: 79 (unused VREF, 3.3V VCCIO, 16 input, 63 output, 0 bidirectional)
        Info (176212): I/O standards used: 3.3-V LVTTL.
Info (176215): I/O bank details before I/O pin placement
    Info (176214): Statistics of I/O banks
        Info (176213): I/O bank number 1 does not use VREF pins and has undetermined VCCIO pins. 3 total pin(s) used --  16 pins available
        Info (176213): I/O bank number 2 does not use VREF pins and has undetermined VCCIO pins. 0 total pin(s) used --  23 pins available
        Info (176213): I/O bank number 3 does not use VREF pins and has undetermined VCCIO pins. 1 total pin(s) used --  22 pins available
        Info (176213): I/O bank number 4 does not use VREF pins and has undetermined VCCIO pins. 0 total pin(s) used --  24 pins available
Info (171121): Fitter preparation operations ending: elapsed time is 00:00:01
Info (170189): Fitter placement preparation operations beginning
Info (170190): Fitter placement preparation operations ending: elapsed time is 00:00:01
Info (170191): Fitter placement operations beginning
Info (170137): Fitter placement was successful
Info (170192): Fitter placement operations ending: elapsed time is 00:00:06
Info (170193): Fitter routing operations beginning
Info (170195): Router estimated average interconnect usage is 35% of the available device resources
    Info (170196): Router estimated peak interconnect usage is 36% of the available device resources in the region that extends from location X14_Y0 to location X28_Y14
Info (170194): Fitter routing operations ending: elapsed time is 00:00:04
Info (170199): The Fitter performed an Auto Fit compilation.  Optimizations were skipped to reduce compilation time.
    Info (170201): Optimizations that may affect the design's routability were skipped
    Info (170200): Optimizations that may affect the design's timing were skipped
Info (11888): Total time spent on timing analysis during the Fitter is 2.70 seconds.
Info (306004): Started post-fitting delay annotation
Warning (306006): Found 63 output pins without output pin load capacitance assignment
    Info (306007): Pin "busy" has no specified output pin load capacitance -- assuming default load capacitance of 0 pF for timing analysis
    Info (306007): Pin "result_valid" has no specified output pin load capacitance -- assuming default load capacitance of 0 pF for timing analysis
    Info (306007): Pin "result_accepted" has no specified output pin load capacitance -- assuming default load capacitance of 0 pF for timing analysis
    Info (306007): Pin "result_digit[0]" has no specified output pin load capacitance -- assuming default load capacitance of 0 pF for timing analysis
    Info (306007): Pin "result_digit[1]" has no specified output pin load capacitance -- assuming default load capacitance of 0 pF for timing analysis
    Info (306007): Pin "result_digit[2]" has no specified output pin load capacitance -- assuming default load capacitance of 0 pF for timing analysis
    Info (306007): Pin "result_digit[3]" has no specified output pin load capacitance -- assuming default load capacitance of 0 pF for timing analysis
    Info (306007): Pin "result_confidence[0]" has no specified output pin load capacitance -- assuming default load capacitance of 0 pF for timing analysis
    Info (306007): Pin "result_confidence[1]" has no specified output pin load capacitance -- assuming default load capacitance of 0 pF for timing analysis
    Info (306007): Pin "result_confidence[2]" has no specified output pin load capacitance -- assuming default load capacitance of 0 pF for timing analysis
    Info (306007): Pin "result_confidence[3]" has no specified output pin load capacitance -- assuming default load capacitance of 0 pF for timing analysis
    Info (306007): Pin "result_confidence[4]" has no specified output pin load capacitance -- assuming default load capacitance of 0 pF for timing analysis
    Info (306007): Pin "result_confidence[5]" has no specified output pin load capacitance -- assuming default load capacitance of 0 pF for timing analysis
    Info (306007): Pin "result_confidence[6]" has no specified output pin load capacitance -- assuming default load capacitance of 0 pF for timing analysis
    Info (306007): Pin "result_confidence[7]" has no specified output pin load capacitance -- assuming default load capacitance of 0 pF for timing analysis
    Info (306007): Pin "result_margin[0]" has no specified output pin load capacitance -- assuming default load capacitance of 0 pF for timing analysis
    Info (306007): Pin "result_margin[1]" has no specified output pin load capacitance -- assuming default load capacitance of 0 pF for timing analysis
    Info (306007): Pin "result_margin[2]" has no specified output pin load capacitance -- assuming default load capacitance of 0 pF for timing analysis
    Info (306007): Pin "result_margin[3]" has no specified output pin load capacitance -- assuming default load capacitance of 0 pF for timing analysis
    Info (306007): Pin "result_margin[4]" has no specified output pin load capacitance -- assuming default load capacitance of 0 pF for timing analysis
    Info (306007): Pin "result_margin[5]" has no specified output pin load capacitance -- assuming default load capacitance of 0 pF for timing analysis
    Info (306007): Pin "result_margin[6]" has no specified output pin load capacitance -- assuming default load capacitance of 0 pF for timing analysis
    Info (306007): Pin "result_margin[7]" has no specified output pin load capacitance -- assuming default load capacitance of 0 pF for timing analysis
    Info (306007): Pin "result_margin[8]" has no specified output pin load capacitance -- assuming default load capacitance of 0 pF for timing analysis
    Info (306007): Pin "result_margin[9]" has no specified output pin load capacitance -- assuming default load capacitance of 0 pF for timing analysis
    Info (306007): Pin "result_margin[10]" has no specified output pin load capacitance -- assuming default load capacitance of 0 pF for timing analysis
    Info (306007): Pin "result_margin[11]" has no specified output pin load capacitance -- assuming default load capacitance of 0 pF for timing analysis
    Info (306007): Pin "result_margin[12]" has no specified output pin load capacitance -- assuming default load capacitance of 0 pF for timing analysis
    Info (306007): Pin "result_margin[13]" has no specified output pin load capacitance -- assuming default load capacitance of 0 pF for timing analysis
    Info (306007): Pin "result_margin[14]" has no specified output pin load capacitance -- assuming default load capacitance of 0 pF for timing analysis
    Info (306007): Pin "result_margin[15]" has no specified output pin load capacitance -- assuming default load capacitance of 0 pF for timing analysis
    Info (306007): Pin "result_cycles[0]" has no specified output pin load capacitance -- assuming default load capacitance of 0 pF for timing analysis
    Info (306007): Pin "result_cycles[1]" has no specified output pin load capacitance -- assuming default load capacitance of 0 pF for timing analysis
    Info (306007): Pin "result_cycles[2]" has no specified output pin load capacitance -- assuming default load capacitance of 0 pF for timing analysis
    Info (306007): Pin "result_cycles[3]" has no specified output pin load capacitance -- assuming default load capacitance of 0 pF for timing analysis
    Info (306007): Pin "result_cycles[4]" has no specified output pin load capacitance -- assuming default load capacitance of 0 pF for timing analysis
    Info (306007): Pin "result_cycles[5]" has no specified output pin load capacitance -- assuming default load capacitance of 0 pF for timing analysis
    Info (306007): Pin "result_cycles[6]" has no specified output pin load capacitance -- assuming default load capacitance of 0 pF for timing analysis
    Info (306007): Pin "result_cycles[7]" has no specified output pin load capacitance -- assuming default load capacitance of 0 pF for timing analysis
    Info (306007): Pin "result_cycles[8]" has no specified output pin load capacitance -- assuming default load capacitance of 0 pF for timing analysis
    Info (306007): Pin "result_cycles[9]" has no specified output pin load capacitance -- assuming default load capacitance of 0 pF for timing analysis
    Info (306007): Pin "result_cycles[10]" has no specified output pin load capacitance -- assuming default load capacitance of 0 pF for timing analysis
    Info (306007): Pin "result_cycles[11]" has no specified output pin load capacitance -- assuming default load capacitance of 0 pF for timing analysis
    Info (306007): Pin "result_cycles[12]" has no specified output pin load capacitance -- assuming default load capacitance of 0 pF for timing analysis
    Info (306007): Pin "result_cycles[13]" has no specified output pin load capacitance -- assuming default load capacitance of 0 pF for timing analysis
    Info (306007): Pin "result_cycles[14]" has no specified output pin load capacitance -- assuming default load capacitance of 0 pF for timing analysis
    Info (306007): Pin "result_cycles[15]" has no specified output pin load capacitance -- assuming default load capacitance of 0 pF for timing analysis
    Info (306007): Pin "result_cycles[16]" has no specified output pin load capacitance -- assuming default load capacitance of 0 pF for timing analysis
    Info (306007): Pin "result_cycles[17]" has no specified output pin load capacitance -- assuming default load capacitance of 0 pF for timing analysis
    Info (306007): Pin "result_cycles[18]" has no specified output pin load capacitance -- assuming default load capacitance of 0 pF for timing analysis
    Info (306007): Pin "result_cycles[19]" has no specified output pin load capacitance -- assuming default load capacitance of 0 pF for timing analysis
    Info (306007): Pin "result_cycles[20]" has no specified output pin load capacitance -- assuming default load capacitance of 0 pF for timing analysis
    Info (306007): Pin "result_cycles[21]" has no specified output pin load capacitance -- assuming default load capacitance of 0 pF for timing analysis
    Info (306007): Pin "result_cycles[22]" has no specified output pin load capacitance -- assuming default load capacitance of 0 pF for timing analysis
    Info (306007): Pin "result_cycles[23]" has no specified output pin load capacitance -- assuming default load capacitance of 0 pF for timing analysis
    Info (306007): Pin "result_cycles[24]" has no specified output pin load capacitance -- assuming default load capacitance of 0 pF for timing analysis
    Info (306007): Pin "result_cycles[25]" has no specified output pin load capacitance -- assuming default load capacitance of 0 pF for timing analysis
    Info (306007): Pin "result_cycles[26]" has no specified output pin load capacitance -- assuming default load capacitance of 0 pF for timing analysis
    Info (306007): Pin "result_cycles[27]" has no specified output pin load capacitance -- assuming default load capacitance of 0 pF for timing analysis
    Info (306007): Pin "result_cycles[28]" has no specified output pin load capacitance -- assuming default load capacitance of 0 pF for timing analysis
    Info (306007): Pin "result_cycles[29]" has no specified output pin load capacitance -- assuming default load capacitance of 0 pF for timing analysis
    Info (306007): Pin "result_cycles[30]" has no specified output pin load capacitance -- assuming default load capacitance of 0 pF for timing analysis
    Info (306007): Pin "result_cycles[31]" has no specified output pin load capacitance -- assuming default load capacitance of 0 pF for timing analysis
Info (306005): Delay annotation completed successfully
Info (306004): Started post-fitting delay annotation
Info (306005): Delay annotation completed successfully
Info (11218): Fitter post-fit operations ending: elapsed time is 00:00:02
Info (176045): Design uses memory blocks. Violating setup or hold times of memory block address registers for either read or write operations could cause memory contents to be corrupted. Make sure that all memory block address registers meet the setup and hold time requirements.
Info (144001): Generated suppressed messages file D:/fpga/cyclone2-handwriting-ml/rtl/synthesis/pipeline_versions/pipe3_5mhz/pipe3_5mhz.fit.smsg
Info: Quartus II 64-Bit Fitter was successful. 0 errors, 3 warnings
    Info: Peak virtual memory: 5321 megabytes
    Info: Processing ended: Wed Sep 30 19:51:34 2026
    Info: Elapsed time: 00:00:17
    Info: Total CPU time (on all processors): 00:00:34


+----------------------------+
; Fitter Suppressed Messages ;
+----------------------------+
The suppressed messages can be found in D:/fpga/cyclone2-handwriting-ml/rtl/synthesis/pipeline_versions/pipe3_5mhz/pipe3_5mhz.fit.smsg.


